"","spot_class","first_type","second_type","first_class","second_class","min_score","singlet_score","conv_all","conv_doublet","peso_primeiro_tipo","peso_segundo_tipo"
"AAACAAGTATCTCCCA-1","doublet_certain","Pvalb","Oligo",FALSE,FALSE,3144.24375280066,4061.99338956362,TRUE,TRUE,0.687488935773194,0.312511064226806
"AAACACCAATAACTGC-1","doublet_certain","Pvalb","Astro",FALSE,FALSE,6127.48452537945,7355.11373034047,TRUE,TRUE,0.813158842926616,0.186841157073383
"AAACAGAGCGACTCCT-1","doublet_certain","L2-3 IT","Astro",FALSE,FALSE,3964.62488977125,4517.09714775827,TRUE,TRUE,0.914002720702285,0.0859972792977147
"AAACAGCTTTCAGAAG-1","doublet_certain","Meis2","Oligo",FALSE,FALSE,5558.0805659795,6331.05195933659,TRUE,TRUE,0.888027329063312,0.111972670936688
"AAACAGGGTCTATATT-1","doublet_certain","Meis2","Astro",FALSE,FALSE,5075.33168662885,5872.36624300074,TRUE,TRUE,0.894906163523711,0.105093836476289
"AAACATGGTGAGAGGA-1","doublet_certain","Lamp5","Astro",FALSE,FALSE,5082.95970679739,6467.27199798736,TRUE,TRUE,0.643352757813371,0.356647242186629
"AAACATTTCCCGGATT-1","doublet_certain","Sst","Astro",FALSE,FALSE,5079.39732801547,5830.73777135099,TRUE,TRUE,0.892397389844234,0.107602610155766
"AAACCGGGTAGGTACC-1","doublet_certain","L2-3 IT","Astro",FALSE,FALSE,4483.21723365598,5448.16555867656,TRUE,TRUE,0.866700387874759,0.133299612125241
"AAACCGTTCGTCCAGG-1","doublet_certain","L6 IT","Astro",FALSE,FALSE,4290.9546861092,5577.43973650405,TRUE,TRUE,0.640506106318651,0.359493893681349
"AAACCTAAGCAGCCGG-1","doublet_certain","L2-3 IT","Astro",FALSE,FALSE,6208.92330994382,6830.16545041104,TRUE,TRUE,0.941457487146615,0.0585425128533853
"AAACGAAGATGGAGTA-1","doublet_certain","L5 IT","Astro",FALSE,FALSE,3938.78130490829,4732.09698664394,TRUE,TRUE,0.79210736641082,0.20789263358918
"AAACGAGACGGTTGAT-1","doublet_certain","L2-3 IT","Oligo",FALSE,FALSE,4602.40950645837,5310.69960011108,TRUE,TRUE,0.839375020441657,0.160624979558343
"AAACGGGCGTACGGGT-1","doublet_certain","Sst","Oligo",FALSE,FALSE,5365.73235229959,6445.77363650877,TRUE,TRUE,0.808568668793519,0.191431331206481
"AAACGGTTGCGAACTG-1","doublet_certain","L5 IT","Astro",FALSE,FALSE,4701.26268190251,6142.44191182726,TRUE,TRUE,0.700609766405939,0.299390233594061
"AAACTCGGTTCGCAAT-1","doublet_certain","L2-3 IT","Astro",FALSE,FALSE,5358.84285995645,6372.15532446653,TRUE,TRUE,0.864821209606849,0.135178790393151
"AAACTCGTGATATAAG-1","doublet_uncertain","Oligo","L6 CT",FALSE,FALSE,2063.64382540043,2924.25552960526,TRUE,TRUE,0.359998098527414,0.640001901472586
"AAACTGCTGGCTCCAA-1","doublet_certain","L2-3 IT","Astro",FALSE,FALSE,4951.03257543456,5809.80664432162,TRUE,TRUE,0.855266010908707,0.144733989091293
"AAACTTAATTGCACGC-1","doublet_certain","Sst","VLMC",FALSE,FALSE,4799.83668917374,5966.07221713336,TRUE,TRUE,0.653859105570144,0.346140894429856
"AAACTTGCAAACGTAT-1","doublet_certain","Sst","Astro",FALSE,FALSE,4949.39135612595,6077.73375893083,TRUE,TRUE,0.758579475864155,0.241420524135845
"AAAGAATGTGGACTAA-1","doublet_certain","L2-3 IT","Astro",FALSE,FALSE,5681.87453743125,6481.94118160003,TRUE,TRUE,0.928283589051317,0.071716410948683
"AAAGGCTACGGACCAT-1","doublet_certain","L5 IT","Astro",FALSE,FALSE,4106.14234219514,4762.98797597149,TRUE,TRUE,0.901169229429443,0.0988307705705575
"AAAGGCTCTCGCGCCG-1","doublet_certain","L5 IT","Astro",FALSE,FALSE,4900.59276040596,5802.60563065382,TRUE,TRUE,0.877125419990406,0.122874580009594
"AAAGGGATGTAGCAAG-1","doublet_certain","L5 IT","Astro",FALSE,FALSE,4356.3179275643,5023.31428373991,TRUE,TRUE,0.915103964656668,0.0848960353433318
"AAAGTAGCATTGCTCA-1","doublet_certain","Meis2","Oligo",FALSE,FALSE,4133.36168522894,4943.65580170713,TRUE,TRUE,0.798208158040162,0.201791841959838
"AAAGTGTGATTTATCT-1","doublet_certain","L2-3 IT","Oligo",FALSE,FALSE,3390.21842978659,4282.86264474671,TRUE,TRUE,0.70557146558688,0.29442853441312
"AAAGTTGACTCCCGTA-1","doublet_certain","L2-3 IT","Oligo",FALSE,FALSE,4025.74711458934,5046.43706541441,TRUE,TRUE,0.704181870843783,0.295818129156217
"AAATAACCATACGGGA-1","doublet_certain","L2-3 IT","Astro",FALSE,FALSE,3265.7948507842,3808.16618716454,TRUE,TRUE,0.861991268303469,0.138008731696531
"AAATAAGGTAGTGCCC-1","doublet_certain","L6 IT","Astro",FALSE,FALSE,3884.27518114245,4711.5737770546,TRUE,TRUE,0.816869349605209,0.183130650394792
"AAATACCTATAAGCAT-1","doublet_certain","L2-3 IT","Astro",FALSE,FALSE,4948.66502366043,5636.4242644156,TRUE,TRUE,0.887603168888228,0.112396831111772
"AAATAGCTTAGACTTT-1","doublet_uncertain","Oligo","L5 IT",FALSE,FALSE,1447.80374241034,1514.03015867111,TRUE,TRUE,0.853113943134997,0.146886056865003
"AAATAGGGTGCTATTG-1","doublet_certain","L2-3 IT","Astro",FALSE,FALSE,4697.92454082764,5317.47878197089,TRUE,TRUE,0.904986540435101,0.0950134595648994
"AAATCCGATACACGCC-1","doublet_certain","L6 IT","Oligo",FALSE,FALSE,5862.91946915168,6662.37027117136,TRUE,TRUE,0.859640610370372,0.140359389629628
"AAATCGCGGAAGGAGT-1","doublet_certain","Meis2","Astro",FALSE,FALSE,1669.76641188581,1840.8446476185,TRUE,TRUE,0.828261928168375,0.171738071831625
"AAATCGTGTACCACAA-1","doublet_certain","L6 IT","Oligo",FALSE,FALSE,4147.02112262964,4921.43075311675,TRUE,TRUE,0.838014848796726,0.161985151203274
"AAATCTAGCCCTGCTA-1","doublet_certain","Pvalb","Oligo",FALSE,FALSE,1381.74075832845,1662.31229083125,TRUE,TRUE,0.708629221376305,0.291370778623694
"AAATGATTCGATCAGC-1","doublet_certain","L5 IT","Astro",FALSE,FALSE,4835.35051621213,5534.44220735113,TRUE,TRUE,0.91628837876229,0.0837116212377094
"AAATGGCCCGTGCCCT-1","doublet_certain","Meis2","Oligo",FALSE,FALSE,4827.31644828266,5731.75474090833,TRUE,TRUE,0.854869730886788,0.145130269113212
"AAATGGTCAATGTGCC-1","doublet_certain","L5 IT","Astro",FALSE,FALSE,4705.19623362281,5487.30955387829,TRUE,TRUE,0.908476634039591,0.0915233659604087
"AAATTAACGGGTAGCT-1","doublet_uncertain","Astro","L6 CT",FALSE,FALSE,5172.47134675068,10834.6602401128,TRUE,TRUE,0.0880012293022445,0.911998770697755
"AAATTACACGACTCTG-1","doublet_certain","L2-3 IT","Astro",FALSE,FALSE,2560.37920600936,3248.88880123683,TRUE,TRUE,0.737245046194885,0.262754953805115
"AAATTACCTATCGATG-1","doublet_certain","L5 IT","Astro",FALSE,FALSE,4063.16740759666,4494.79370202587,TRUE,TRUE,0.928330800411217,0.0716691995887834
"AAATTCCAGGTCCAAA-1","doublet_certain","Oligo","L6 IT",FALSE,FALSE,3070.5413558825,4052.19237423908,TRUE,TRUE,0.488838155045362,0.511161844954638
"AAATTGATAGTCCTTT-1","doublet_certain","Oligo","L5 IT",FALSE,FALSE,2967.734570758,3586.51726361953,TRUE,TRUE,0.619481994409763,0.380518005590237
"AAATTTGCGGGTGTGG-1","doublet_certain","L2-3 IT","Astro",FALSE,FALSE,4396.59992373521,5143.91563608447,TRUE,TRUE,0.899208778712178,0.100791221287822
"AACAACTGGTAGTTGC-1","doublet_certain","L2-3 IT","Astro",FALSE,FALSE,4431.83621798331,5001.22435833296,TRUE,TRUE,0.911840654442087,0.0881593455579129
"AACACACGCTCGCCGC-1","doublet_certain","L2-3 IT","Oligo",FALSE,FALSE,3316.49843781233,4346.95219900586,TRUE,TRUE,0.57808996227723,0.42191003772277
"AACACGAGACGCGGCC-1","doublet_certain","Meis2","Astro",FALSE,FALSE,4189.6405614126,5205.17936334606,TRUE,TRUE,0.761709839429528,0.238290160570472
"AACAGGATGGGCCGCG-1","doublet_certain","L2-3 IT","Astro",FALSE,FALSE,3135.7942255141,3728.92459415408,TRUE,TRUE,0.838323807562005,0.161676192437995
"AACAGGTAGTATGGAT-1","doublet_certain","Pvalb","Oligo",FALSE,FALSE,1443.45154369301,1775.40643713786,TRUE,TRUE,0.674980514509888,0.325019485490112
"AACATATCAACTGGTG-1","doublet_uncertain","Oligo","L5 IT",FALSE,FALSE,3304.512612331,5685.93894918181,TRUE,TRUE,0.161697321034079,0.838302678965921
"AACATCGATACGTCTA-1","doublet_certain","L5 IT","Astro",FALSE,FALSE,4569.64695883556,5295.66923009807,TRUE,TRUE,0.91675077941969,0.0832492205803099
"AACATTGTGACTCGAG-1","doublet_certain","L5 IT","Astro",FALSE,FALSE,2895.14480203576,3914.10504277944,TRUE,TRUE,0.573822607745376,0.426177392254624
"AACCAAGACTTCTCTG-1","doublet_certain","L2-3 IT","Astro",FALSE,FALSE,3940.10623190924,4640.48954999465,TRUE,TRUE,0.869999412302625,0.130000587697375
"AACCCATCCCATGATC-1","doublet_certain","Sst","Astro",FALSE,FALSE,4493.20262584859,5547.68867630062,TRUE,TRUE,0.727213259456715,0.272786740543285
"AACCCGAGCAGAATCG-1","doublet_certain","Oligo","Sst",FALSE,FALSE,3350.33171813517,4549.21522316058,TRUE,TRUE,0.422049185414274,0.577950814585726
"AACCCTACTGTCAATA-1","doublet_certain","L2-3 IT","Oligo",FALSE,FALSE,3858.21622578158,4667.35345433819,TRUE,TRUE,0.770693490329119,0.229306509670881
"AACCGAGCTTGGTCAT-1","doublet_certain","L5 IT","Astro",FALSE,FALSE,4341.90419431601,4804.60617952397,TRUE,TRUE,0.940893507895844,0.0591064921041562
"AACCGCTAAGGGATGC-1","doublet_certain","L2-3 IT","Oligo",FALSE,FALSE,4023.96678820796,4848.81843524195,TRUE,TRUE,0.776848527350128,0.223151472649872
"AACCTCGCTTTAGCCC-1","doublet_certain","L2-3 IT","VLMC",FALSE,FALSE,5158.88608459503,6468.55035195407,TRUE,TRUE,0.770376254425817,0.229623745574183
"AACCTTTAAATACGGT-1","doublet_certain","L2-3 IT","Astro",FALSE,FALSE,5015.01892398502,5754.43825664455,TRUE,TRUE,0.883427651757066,0.116572348242934
"AACCTTTACGACGTCT-1","doublet_certain","L2-3 IT","Astro",FALSE,FALSE,4069.90852679646,4706.73668560784,TRUE,TRUE,0.886389033325331,0.113610966674669
"AACGAAAGTCGTCCCA-1","doublet_certain","L5 IT","Astro",FALSE,FALSE,4799.25089928981,6022.66115951987,TRUE,TRUE,0.707197083671219,0.292802916328781
"AACGATAATGCCGTAG-1","doublet_certain","L2-3 IT","Oligo",FALSE,FALSE,4523.59007991363,5542.63804957678,TRUE,TRUE,0.757969461121128,0.242030538878872
"AACGATATGTCAACTG-1","doublet_certain","L5 IT","Astro",FALSE,FALSE,4699.69662468599,5420.70328516749,TRUE,TRUE,0.902620211030072,0.0973797889699278
"AACGCATGATCTGGGT-1","doublet_certain","L5 PT","Astro",FALSE,FALSE,4237.05909749086,4768.62848508389,TRUE,TRUE,0.930528385210935,0.0694716147890648
"AACGCGGTCTCCAGCC-1","doublet_certain","L5 IT","Astro",FALSE,FALSE,4195.11792007283,4717.12075949432,TRUE,TRUE,0.922873487712045,0.0771265122879545
"AACGCTGTTGCTGAAA-1","doublet_certain","Oligo","L5 IT",FALSE,FALSE,1716.76994468661,1941.22978172085,TRUE,TRUE,0.59231503553102,0.407684964468979
"AACGGACGTACGTATA-1","doublet_certain","L2-3 IT","Oligo",FALSE,FALSE,3825.6282049033,4543.41594029953,TRUE,TRUE,0.760544487542491,0.239455512457509
"AACGGCCATCTCCGGT-1","doublet_certain","L5 IT","Astro",FALSE,FALSE,3844.2943858086,4456.75996272382,TRUE,TRUE,0.89625335128478,0.10374664871522
"AACGTACTGTGGGTAC-1","doublet_certain","L5 IT","Astro",FALSE,FALSE,3889.69424467407,4647.15788909372,TRUE,TRUE,0.884438787539171,0.115561212460829
"AACGTCAGACTAGTGG-1","doublet_certain","L2-3 IT","Astro",FALSE,FALSE,2662.69488106538,3415.78634240368,TRUE,TRUE,0.713392830060777,0.286607169939223
"AACGTCGCTGCACTTC-1","doublet_certain","L6 IT","Astro",FALSE,FALSE,4718.48061797219,5416.803900579,TRUE,TRUE,0.908411882101646,0.0915881178983541
"AACGTGCGAAAGTCTC-1","doublet_certain","L2-3 IT","Oligo",FALSE,FALSE,4357.7140234942,5061.21150411152,TRUE,TRUE,0.836829417407459,0.16317058259254
"AACTACCCGTTTGTCA-1","doublet_certain","Pvalb","Oligo",FALSE,FALSE,2050.42263261939,2571.47468176784,TRUE,TRUE,0.688596668411595,0.311403331588406
"AACTAGGCTTGGGTGT-1","doublet_certain","L6 IT","Oligo",FALSE,FALSE,4683.49287264656,5592.30947229454,TRUE,TRUE,0.807458329102339,0.192541670897661
"AACTCAAGTTAATTGC-1","doublet_certain","L5 IT","Astro",FALSE,FALSE,5465.3195116789,6465.30683626171,TRUE,TRUE,0.88320509017275,0.11679490982725
"AACTCCAGAGCGTGTT-1","doublet_certain","L2-3 IT","Oligo",FALSE,FALSE,4230.20028196759,4752.29337019903,TRUE,TRUE,0.867359121433066,0.132640878566934
"AACTCCTAATCCCATG-1","doublet_uncertain","Astro","L6 IT",FALSE,FALSE,2476.11364037016,3829.67135025169,TRUE,TRUE,0.316116229314458,0.683883770685542
"AACTCTCAATAGAGCG-1","doublet_uncertain","Oligo","L2-3 IT",FALSE,FALSE,2973.99966134051,3822.73470795199,TRUE,TRUE,0.537105733784026,0.462894266215974
"AACTCTCAGTGTGCTC-1","doublet_certain","L5 IT","Astro",FALSE,FALSE,3215.74222900908,4123.68982451091,TRUE,TRUE,0.737861317936772,0.262138682063228
"AACTGGGTCCCGACGT-1","doublet_certain","L2-3 IT","Astro",FALSE,FALSE,4079.27709347307,4607.09877636897,TRUE,TRUE,0.92600551861593,0.0739944813840703
"AACTTGCCCGTATGCA-1","doublet_certain","VLMC","L2-3 IT",FALSE,FALSE,3067.44580700537,4302.51565198944,TRUE,TRUE,0.482446545851311,0.517553454148689
"AAGACATACGTGGTTT-1","doublet_certain","Sst","Astro",FALSE,FALSE,4758.436060251,5512.62399073701,TRUE,TRUE,0.873637258448931,0.126362741551069
"AAGACCAAATAACTCA-1","doublet_certain","Sst","Astro",FALSE,FALSE,4514.21016235804,5709.83272908018,TRUE,TRUE,0.617617691499098,0.382382308500902
"AAGACCCAACTGAACA-1","doublet_certain","L5 IT","Astro",FALSE,FALSE,5546.34964664369,6203.94103602726,TRUE,TRUE,0.939286536733143,0.0607134632668573
"AAGACTGCAAGCTACT-1","doublet_uncertain","Oligo","L6 IT",FALSE,FALSE,2263.30651708546,2884.42577488021,TRUE,TRUE,0.514950717031649,0.485049282968351
"AAGAGCTCTTTATCGG-1","doublet_certain","L2-3 IT","Oligo",FALSE,FALSE,4191.13989098737,5078.41436748373,TRUE,TRUE,0.770813724032885,0.229186275967115
"AAGAGGATGTACGCGA-1","doublet_certain","L5 IT","Astro",FALSE,FALSE,4438.09912108755,5198.00587766591,TRUE,TRUE,0.879395600497473,0.120604399502527
"AAGAGGCATGGATCGC-1","doublet_certain","L2-3 IT","Oligo",FALSE,FALSE,4188.06189021024,4964.10442772357,TRUE,TRUE,0.799835358796098,0.200164641203902
"AAGAGGCCCTTTGGAA-1","doublet_certain","Sst","Oligo",FALSE,FALSE,4496.35971008139,5297.45026562771,TRUE,TRUE,0.831159844400367,0.168840155599633
"AAGATGGCACCGGACC-1","doublet_certain","Oligo","L6 IT",FALSE,FALSE,2750.67234359394,3282.90165657811,TRUE,TRUE,0.658949140147199,0.341050859852801
"AAGATTGGCGGAACGT-1","doublet_certain","L5 IT","Astro",FALSE,FALSE,3862.6677490719,4436.30758701169,TRUE,TRUE,0.907591500306926,0.0924084996930735
"AAGCACCCTGCGTATC-1","doublet_certain","L2-3 IT","Oligo",FALSE,FALSE,3901.40515358458,4271.81067070036,TRUE,TRUE,0.896205128660092,0.103794871339908
"AAGCATACTCTCCTGA-1","doublet_certain","L2-3 IT","Astro",FALSE,FALSE,4486.51932374883,5203.74109963786,TRUE,TRUE,0.881229217729369,0.118770782270631
"AAGCCGAAGCGGTTTA-1","doublet_certain","Oligo","Pvalb",FALSE,FALSE,2324.38433619378,2499.49578174669,TRUE,TRUE,0.817959703534796,0.182040296465204
"AAGCGCAGGGCTTTGA-1","doublet_certain","Sst","Astro",FALSE,FALSE,4204.12338339877,5047.7753674928,TRUE,TRUE,0.809842311876192,0.190157688123807
"AAGCGTCCCTCATCGA-1","doublet_certain","Oligo","VLMC",FALSE,FALSE,2819.70563076151,3257.42633733553,TRUE,TRUE,0.760197175394662,0.239802824605338
"AAGCTAGATCGAGTAA-1","doublet_certain","L2-3 IT","Astro",FALSE,FALSE,4442.61122942219,5205.77354975528,TRUE,TRUE,0.854812970010236,0.145187029989764
"AAGCTCGTGCCAAGTC-1","doublet_certain","L6 IT","Oligo",FALSE,FALSE,4552.81715562313,6031.90753683969,TRUE,TRUE,0.600592693568584,0.399407306431416
"AAGCTCTTTCATGGTG-1","doublet_certain","L2-3 IT","Astro",FALSE,FALSE,3876.43403472332,4416.69969129716,TRUE,TRUE,0.883009735108229,0.116990264891771
"AAGGAGCGGTTGGTGC-1","doublet_certain","L5 IT","Astro",FALSE,FALSE,3764.95756855135,4370.39671418619,TRUE,TRUE,0.889607008868054,0.110392991131946
"AAGGATCGATCGCTTG-1","doublet_certain","Oligo","L4",FALSE,FALSE,740.813282310109,767.380151679634,TRUE,TRUE,0.870206223259241,0.129793776740759
"AAGGATGAGGGACCTC-1","doublet_certain","L5 IT","Astro",FALSE,FALSE,3946.66478916344,4481.62542826932,TRUE,TRUE,0.906970828110401,0.0930291718895987
"AAGGCGCGTAAAGCTT-1","doublet_certain","L2-3 IT","Astro",FALSE,FALSE,2690.73339659143,3467.99700745389,TRUE,TRUE,0.678142373683243,0.321857626316757
"AAGGCTGTGCTCATCG-1","doublet_certain","L5 IT","Astro",FALSE,FALSE,4555.55997357677,5430.08764447995,TRUE,TRUE,0.875857863529305,0.124142136470695
"AAGGGAACGACTGGCT-1","doublet_certain","L5 IT","VLMC",FALSE,FALSE,3385.5275034089,4500.89191669394,TRUE,TRUE,0.605971848446345,0.394028151553655
"AAGGGACAGATTCTGT-1","doublet_certain","L5 IT","Astro",FALSE,FALSE,3586.45357619323,4104.84234561243,TRUE,TRUE,0.911397860331269,0.0886021396687311
"AAGGGACTATGCATTC-1","doublet_certain","Vip","Astro",FALSE,FALSE,3823.02113276056,4610.52622373882,TRUE,TRUE,0.717322452412975,0.282677547587025
"AAGGGTTTGATTTCAG-1","doublet_certain","Vip","Astro",FALSE,FALSE,3243.0167210903,3765.614042035,TRUE,TRUE,0.806627430233333,0.193372569766667
"AAGGTATCCTAATATA-1","doublet_certain","L5 IT","Astro",FALSE,FALSE,4445.82851807509,5224.93291326755,TRUE,TRUE,0.896282629900715,0.103717370099285
"AAGGTGATAAACCAGC-1","doublet_certain","L2-3 IT","Oligo",FALSE,FALSE,4381.79896593018,5650.05720616339,TRUE,TRUE,0.658884985670508,0.341115014329492
"AAGTAGTGACGCGAGG-1","doublet_certain","L2-3 IT","Astro",FALSE,FALSE,3554.42078435886,4153.34356993309,TRUE,TRUE,0.886669514890088,0.113330485109912
"AAGTCAATTGTCGTCA-1","doublet_certain","Oligo","Astro",FALSE,FALSE,2587.08106127169,2869.26120534726,TRUE,TRUE,0.847428687982594,0.152571312017406
"AAGTCTTCTGTGGCCT-1","doublet_certain","Vip","Astro",FALSE,FALSE,3688.04342344717,4460.85969102159,TRUE,TRUE,0.713151542538906,0.286848457461094
"AAGTGACGACCGAATT-1","doublet_certain","L2-3 IT","Astro",FALSE,FALSE,3972.39313291911,4783.93414421256,TRUE,TRUE,0.87085080851451,0.12914919148549
"AAGTGAGTCGGGTTTA-1","doublet_certain","L5 IT","Astro",FALSE,FALSE,3065.82443154694,4027.37591112521,TRUE,TRUE,0.645449628347222,0.354550371652778
"AAGTGCCTTGACTGTA-1","doublet_certain","Oligo","Pvalb",FALSE,FALSE,2192.844346739,2757.66394164904,TRUE,TRUE,0.469141145838779,0.530858854161221
"AAGTGCGTTAGAATCT-1","doublet_certain","Sst","Astro",FALSE,FALSE,5288.31447831615,5980.97533975856,TRUE,TRUE,0.881811185188767,0.118188814811233
"AAGTGTTTGGAGACGG-1","doublet_certain","L2-3 IT","Oligo",FALSE,FALSE,4239.00484676126,4990.00105682795,TRUE,TRUE,0.836593783931237,0.163406216068763
"AAGTTCACTCCAAGCT-1","doublet_certain","L2-3 IT","Oligo",FALSE,FALSE,3920.84428166445,4603.32873126874,TRUE,TRUE,0.81587087534675,0.18412912465325
"AAGTTCAGTCTGCGTA-1","doublet_certain","L5 IT","Astro",FALSE,FALSE,4289.82883020912,5024.69843377345,TRUE,TRUE,0.899062077476785,0.100937922523215
"AAGTTCGGCCAACAGG-1","doublet_certain","L5 IT","Astro",FALSE,FALSE,4425.07338218354,5139.63986490526,TRUE,TRUE,0.900030737965757,0.0999692620342425
"AAGTTGTGATGTTATA-1","doublet_certain","Sst","Astro",FALSE,FALSE,4589.55809392429,5256.4422333218,TRUE,TRUE,0.882569070840309,0.117430929159691
"AAGTTTATGGGCCCAA-1","doublet_certain","L2-3 IT","Astro",FALSE,FALSE,5208.24730833659,6358.59189530539,TRUE,TRUE,0.808139399493579,0.191860600506421
"AATAACAACGCTCGGC-1","doublet_certain","L2-3 IT","Astro",FALSE,FALSE,4534.70526880133,5374.92827118207,TRUE,TRUE,0.868791742865131,0.131208257134869
"AATAACACTAGAACAA-1","doublet_certain","L6 IT","Astro",FALSE,FALSE,3396.66286897759,4381.36861337309,TRUE,TRUE,0.702969970955307,0.297030029044693
"AATACCTGATGTGAAC-1","doublet_certain","L2-3 IT","Astro",FALSE,FALSE,5737.22311350232,7241.92765562087,TRUE,TRUE,0.757436599883694,0.242563400116306
"AATAGAACAGAGTGGC-1","doublet_certain","L5 IT","Astro",FALSE,FALSE,3820.60417656897,4782.16094763262,TRUE,TRUE,0.790399696554108,0.209600303445892
"AATAGAATCTGTTTCA-1","doublet_certain","L2-3 IT","Oligo",FALSE,FALSE,4078.33085128423,4951.99755362547,TRUE,TRUE,0.742911365961064,0.257088634038936
"AATAGCTACCGCGTGC-1","doublet_certain","L5 IT","Astro",FALSE,FALSE,4296.19676577832,5028.89198174404,TRUE,TRUE,0.90702337833589,0.0929766216641102
"AATAGTCCGTCCCGAC-1","doublet_certain","L6 IT","Oligo",FALSE,FALSE,4696.72730016408,5361.59627259948,TRUE,TRUE,0.906469508679201,0.0935304913207992
"AATATCCTAGCAAACT-1","doublet_certain","Meis2","Oligo",FALSE,FALSE,5969.51828468423,6989.84996912705,TRUE,TRUE,0.861424546247492,0.138575453752508
"AATATCGAATCAATGC-1","doublet_certain","Oligo","Pvalb",FALSE,FALSE,2425.14278819093,2955.86067940369,TRUE,TRUE,0.509396686778935,0.490603313221065
"AATATCGAGGGTTCTC-1","doublet_certain","L6b","Oligo",FALSE,FALSE,2003.03786488239,2156.73696828899,TRUE,TRUE,0.904216080465939,0.0957839195340611
"AATATTGGAGTATTGA-1","doublet_uncertain","Astro","L2-3 IT",FALSE,FALSE,2845.25206406332,4311.84415399769,TRUE,TRUE,0.316438052963434,0.683561947036565
"AATCATGTAAAGACTC-1","doublet_certain","Oligo","Pvalb",FALSE,FALSE,3321.63944589502,4045.4831249892,TRUE,TRUE,0.545517319129737,0.454482680870263
"AATCGCCTCAGCGCCA-1","doublet_certain","L2-3 IT","Oligo",FALSE,FALSE,3951.10665157362,4675.63501201316,TRUE,TRUE,0.800670381878776,0.199329618121224
"AATCGCGCAGAGGACT-1","doublet_certain","Oligo","Pvalb",FALSE,FALSE,4228.28528383537,5373.08486916642,TRUE,TRUE,0.430116775428562,0.569883224571438
"AATCGGTATAGCCCTC-1","doublet_certain","Sst","L6 IT",FALSE,FALSE,5096.11044102845,5725.57981345,TRUE,TRUE,0.511841077695796,0.488158922304204
"AATCGTGAGCCGAGCA-1","doublet_certain","Sst","Oligo",FALSE,FALSE,4872.95807693656,6088.4623245632,TRUE,TRUE,0.729043572145423,0.270956427854577
"AATCTAGGTTTACTTG-1","doublet_certain","Meis2","Oligo",FALSE,FALSE,4682.41970101348,5602.47630577569,TRUE,TRUE,0.832590799488202,0.167409200511798
"AATCTATGCCGGAGCC-1","doublet_certain","Oligo","L5 IT",FALSE,FALSE,2909.3997595267,3384.44801469671,TRUE,TRUE,0.668113035573797,0.331886964426203
"AATCTCTACTGTGGTT-1","doublet_certain","Vip","Astro",FALSE,FALSE,3789.04154268293,4598.49573770746,TRUE,TRUE,0.705300076392548,0.294699923607452
"AATCTGCGTTGGGACG-1","doublet_certain","L2-3 IT","Oligo",FALSE,FALSE,3498.24580203992,4695.48303476521,TRUE,TRUE,0.580202528935267,0.419797471064733
"AATCTGGCTTTCTAGT-1","doublet_certain","Meis2","Astro",FALSE,FALSE,4427.93100437583,5000.98342743399,TRUE,TRUE,0.901482165495895,0.0985178345041053
"AATGACAGCAATGTCT-1","doublet_certain","L5 IT","VLMC",FALSE,FALSE,4547.89456305166,5541.93166775466,TRUE,TRUE,0.83700578026659,0.16299421973341
"AATGACGTAGGATGTC-1","doublet_certain","L2-3 IT","Astro",FALSE,FALSE,3515.22299440254,4223.44011512321,TRUE,TRUE,0.81630350219368,0.18369649780632
"AATGACTGTCAGCCGG-1","doublet_certain","L2-3 IT","Astro",FALSE,FALSE,4211.32251498493,4873.81247815038,TRUE,TRUE,0.904698824212844,0.0953011757871565
"AATGATGATACGCTAT-1","doublet_certain","L5 IT","Astro",FALSE,FALSE,3987.88274918938,4594.09690855109,TRUE,TRUE,0.904911794872839,0.0950882051271606
"AATGATGCGACTCCTG-1","doublet_certain","L6 CT","Oligo",FALSE,FALSE,3229.87689493457,3941.85490462778,TRUE,TRUE,0.785392557608853,0.214607442391147
"AATGCAACCGGGTACC-1","doublet_certain","L5 IT","Astro",FALSE,FALSE,4371.1226213335,5205.78307815003,TRUE,TRUE,0.896565017198685,0.103434982801315
"AATGCACCAAGCAATG-1","doublet_certain","L5 IT","Astro",FALSE,FALSE,4390.64638339474,5010.81447115987,TRUE,TRUE,0.918051834106678,0.0819481658933219
"AATGTGCCCGAGGTGT-1","doublet_certain","Meis2","Oligo",FALSE,FALSE,4716.81062750257,5532.69414498631,TRUE,TRUE,0.843731976955815,0.156268023044185
"AATGTTGTCGTGAGAC-1","doublet_uncertain","Astro","Sst",FALSE,FALSE,5270.95549865937,9819.55804690335,TRUE,TRUE,0.0848451567060722,0.915154843293928
"AATTAAAGGTCGGCGT-1","doublet_certain","L6 IT","Astro",FALSE,FALSE,4747.93820129263,5252.30584992556,TRUE,TRUE,0.941991137894315,0.0580088621056845
"AATTAACGGATTTCCA-1","doublet_certain","L2-3 IT","Astro",FALSE,FALSE,4764.47351308289,5391.04664954837,TRUE,TRUE,0.910600485560091,0.0893995144399086
"AATTACGAGACCCATC-1","doublet_certain","Vip","Astro",FALSE,FALSE,4129.28877910931,4720.76453026576,TRUE,TRUE,0.848337891346788,0.151662108653212
"AATTAGCGCTGCAGCG-1","doublet_certain","L6 IT","Oligo",FALSE,FALSE,4713.72243250994,5538.81797762545,TRUE,TRUE,0.829063302102984,0.170936697897016
"AATTCATAAGGGATCT-1","doublet_certain","L5 IT","Astro",FALSE,FALSE,3822.39983658113,4304.41848873547,TRUE,TRUE,0.919448652254701,0.0805513477452993
"AATTCATTGTCATGCA-1","doublet_certain","L6 IT","Astro",FALSE,FALSE,3569.32804913218,4615.67183296102,TRUE,TRUE,0.599798962738653,0.400201037261347
"AATTCCAAGCATGTAC-1","doublet_certain","L5 IT","Astro",FALSE,FALSE,4175.93610079337,5536.60025154916,TRUE,TRUE,0.687423495806586,0.312576504193414
"AATTCGATTCGAGGAT-1","doublet_certain","Sst","Oligo",FALSE,FALSE,4183.32232622773,5230.67716321801,TRUE,TRUE,0.727551546560534,0.272448453439466
"AATTCTAGAGTTAGGC-1","doublet_certain","L2-3 IT","Astro",FALSE,FALSE,4359.23192123161,4904.95210915455,TRUE,TRUE,0.897843928285924,0.102156071714076
"AATTGAACGCTCTGGT-1","doublet_certain","L2-3 IT","Oligo",FALSE,FALSE,1912.3835851753,2300.82899790249,TRUE,TRUE,0.708529865312682,0.291470134687318
"AATTGCAGCAATCGAC-1","doublet_certain","Sst","Astro",FALSE,FALSE,5571.6477428063,6285.83718099685,TRUE,TRUE,0.908972676584018,0.0910273234159822
"AATTTGGGACATAGTA-1","doublet_certain","L2-3 IT","Astro",FALSE,FALSE,2722.11225358687,3193.95019343754,TRUE,TRUE,0.858482812655599,0.141517187344401
"ACAAACCATGCGTCCT-1","doublet_certain","Vip","VLMC",FALSE,FALSE,2931.67691717404,3711.37234236523,TRUE,TRUE,0.641631244261924,0.358368755738076
"ACAAAGAAGGTAGGCC-1","doublet_certain","Meis2","Astro",FALSE,FALSE,5451.23330868244,6126.12523654318,TRUE,TRUE,0.918230475736534,0.0817695242634663
"ACAAAGCATGACCTAG-1","doublet_certain","Sst","Astro",FALSE,FALSE,5404.31588079663,6282.30903875364,TRUE,TRUE,0.884200309930274,0.115799690069726
"ACAAATCGCACCGAAT-1","doublet_certain","L2-3 IT","Astro",FALSE,FALSE,4646.12763977398,5441.08983343726,TRUE,TRUE,0.862105393423937,0.137894606576063
"ACAAATGGTAGTGTTT-1","doublet_certain","L2-3 IT","Oligo",FALSE,FALSE,3661.64971884948,4328.23035785,TRUE,TRUE,0.804886788906423,0.195113211093577
"ACAACAGCATGAGCTA-1","doublet_certain","L5 IT","Oligo",FALSE,FALSE,4235.86320988187,4980.90779232591,TRUE,TRUE,0.869356764926928,0.130643235073072
"ACAAGCAGTGCCTAGC-1","doublet_uncertain","Astro","L2-3 IT",FALSE,FALSE,2039.75716787508,3050.6488859278,TRUE,TRUE,0.318111519791923,0.681888480208077
"ACAAGGAAATCCGCCC-1","doublet_certain","L2-3 IT","Oligo",FALSE,FALSE,4668.17012180715,5465.5874772247,TRUE,TRUE,0.824814419138536,0.175185580861464
"ACAAGGACAAGAGGTT-1","doublet_certain","L2-3 IT","Astro",FALSE,FALSE,4077.46937028141,4664.38276700477,TRUE,TRUE,0.902363492057625,0.0976365079423745
"ACAAGGATGCTTTAGG-1","doublet_uncertain","Oligo","L6 IT",FALSE,FALSE,4790.29682499535,7468.79858800632,TRUE,TRUE,0.201230022504658,0.798769977495342
"ACAAGGGCAGGCTCTG-1","doublet_certain","L2-3 IT","Oligo",FALSE,FALSE,3725.45869586388,4257.22217110056,TRUE,TRUE,0.840616918441747,0.159383081558253
"ACAATAGTCGTACGTT-1","doublet_certain","Meis2","Astro",FALSE,FALSE,4009.23872663026,4772.47579775311,TRUE,TRUE,0.799255105139334,0.200744894860666
"ACAATCCATTTAAACC-1","doublet_certain","L5 IT","Astro",FALSE,FALSE,4727.96902625977,5626.00874720352,TRUE,TRUE,0.890644498158313,0.109355501841687
"ACAATGAATACGGAGA-1","doublet_certain","L5 IT","Astro",FALSE,FALSE,4758.19489816792,5982.62694190207,TRUE,TRUE,0.744578285045289,0.255421714954711
"ACAATTGTGTCTCTTT-1","doublet_certain","Pvalb","Oligo",FALSE,FALSE,2570.59891026786,3168.50377868831,TRUE,TRUE,0.663786462944452,0.336213537055548
"ACAATTTGAGCAGTGG-1","doublet_certain","L5 IT","Astro",FALSE,FALSE,4308.19662844083,4998.44255060481,TRUE,TRUE,0.896821326187442,0.103178673812558
"ACACAAAGACGGGTGG-1","doublet_certain","L4","Astro",FALSE,FALSE,3996.38795756762,4812.83901220828,TRUE,TRUE,0.862330977808502,0.137669022191498
"ACACACCAGGACCAGT-1","doublet_certain","L2-3 IT","Oligo",FALSE,FALSE,3842.51738049425,4587.25470585219,TRUE,TRUE,0.773180848871432,0.226819151128568
"ACACATGATCAAATCT-1","doublet_certain","Lamp5","Astro",FALSE,FALSE,4758.52441652446,5923.00813681186,TRUE,TRUE,0.706185073810266,0.293814926189734
"ACACCCAGCATGCAGC-1","doublet_certain","L2-3 IT","Astro",FALSE,FALSE,4212.02758664224,4899.03414212668,TRUE,TRUE,0.876596170870433,0.123403829129567
"ACACCTTAAGTAGGGC-1","doublet_certain","L2-3 IT","Astro",FALSE,FALSE,3761.06262381349,4185.17687523199,TRUE,TRUE,0.933301681996186,0.0666983180038143
"ACACCTTACTACTTGC-1","doublet_certain","Pvalb","Oligo",FALSE,FALSE,3151.08777273919,3952.54675438261,TRUE,TRUE,0.698060834393692,0.301939165606308
"ACACGAGACTCCTTCT-1","doublet_certain","L6 IT","Astro",FALSE,FALSE,4069.58502358444,4557.61838861421,TRUE,TRUE,0.928753000458575,0.0712469995414248
"ACACGGGAACTTAGGG-1","doublet_certain","L5 IT","Astro",FALSE,FALSE,4098.39482964119,4693.51628465323,TRUE,TRUE,0.906562769287778,0.0934372307122218
"ACACGTAGGCCACAAG-1","doublet_certain","Sst","Oligo",FALSE,FALSE,3853.60092731044,4794.98572637864,TRUE,TRUE,0.731318856635042,0.268681143364958
"ACACTGATCAAGGTGT-1","doublet_certain","L5 IT","Astro",FALSE,FALSE,3330.33700012959,4118.08121334814,TRUE,TRUE,0.805646815412927,0.194353184587073
"ACAGAACTGAGAACAA-1","doublet_certain","Meis2","Astro",FALSE,FALSE,5323.09837350985,6398.78870836208,TRUE,TRUE,0.857068140010002,0.142931859989998
"ACAGCGACATTCTCAT-1","doublet_certain","Pvalb","Oligo",FALSE,FALSE,3850.19601831524,4625.00347846836,TRUE,TRUE,0.791586280819054,0.208413719180946
"ACAGGCACGGATCCTT-1","doublet_uncertain","Astro","L6 IT",FALSE,FALSE,5092.97501209254,9927.84263293875,TRUE,TRUE,0.112420558737734,0.887579441262266
"ACAGGCTTGCCCGACT-1","doublet_certain","L2-3 IT","Astro",FALSE,FALSE,3969.50382072029,4841.85603331906,TRUE,TRUE,0.792174695218149,0.207825304781851
"ACAGGTGGAGGTGAGG-1","doublet_uncertain","Astro","L6 IT",FALSE,FALSE,3152.22168204308,5006.38145979169,TRUE,TRUE,0.257760276468974,0.742239723531026
"ACAGTAATACAACTTG-1","doublet_certain","Meis2","Oligo",FALSE,FALSE,4730.04565720597,5595.81700758587,TRUE,TRUE,0.864538274822515,0.135461725177485
"ACATAAGTCGTGGTGA-1","doublet_certain","Vip","Astro",FALSE,FALSE,4745.51597823877,5490.29865451967,TRUE,TRUE,0.827044987124056,0.172955012875943
"ACATAATAAGGCGGTG-1","doublet_certain","L2-3 IT","Astro",FALSE,FALSE,4026.6287689108,4618.38200537535,TRUE,TRUE,0.90769699049486,0.0923030095051403
"ACATCCCGGCCATACG-1","doublet_certain","L6 IT","Astro",FALSE,FALSE,4561.27896326151,4996.7469444565,TRUE,TRUE,0.944802557855848,0.0551974421441522
"ACATCCTGGTAACTGT-1","doublet_certain","Oligo","L2-3 IT",FALSE,FALSE,1987.57079103604,2091.2177810693,TRUE,TRUE,0.881416734597878,0.118583265402122
"ACATCGATCGTTTACC-1","doublet_certain","L2-3 IT","Oligo",FALSE,FALSE,3675.7451982047,4449.72925315969,TRUE,TRUE,0.76006324081555,0.23993675918445
"ACATCGGTCAGCCGCG-1","doublet_certain","L5 IT","Astro",FALSE,FALSE,4288.91402669552,4946.81191240836,TRUE,TRUE,0.89792766581344,0.10207233418656
"ACATCGTATGCAATGG-1","doublet_certain","L2-3 IT","Oligo",FALSE,FALSE,4055.21156916242,4664.30327641962,TRUE,TRUE,0.836190875728783,0.163809124271217
"ACATGGCGCCAAAGTA-1","doublet_certain","Oligo","L6 IT",FALSE,FALSE,4777.47628582328,6220.626213716,TRUE,TRUE,0.534465057350038,0.465534942649962
"ACATTAGTTTATATCC-1","doublet_certain","L6 IT","Astro",FALSE,FALSE,4130.00089113662,4840.72628059811,TRUE,TRUE,0.871184700983526,0.128815299016474
"ACATTTGAAACCTAAC-1","doublet_certain","L6 IT","Astro",FALSE,FALSE,5827.86896957272,6939.3170155007,TRUE,TRUE,0.877327222359435,0.122672777640565
"ACCAAACACCCAGCGA-1","doublet_certain","L5 IT","Astro",FALSE,FALSE,5582.70825943421,6560.72202654265,TRUE,TRUE,0.909562740111136,0.0904372598888635
"ACCAACACCACACACT-1","doublet_certain","L5 IT","Astro",FALSE,FALSE,4734.85615257816,5396.62548752858,TRUE,TRUE,0.918224867617459,0.0817751323825407
"ACCAACCGCACTCCAC-1","doublet_certain","Sst","Astro",FALSE,FALSE,5169.3260550381,5963.11304924281,TRUE,TRUE,0.887675087076385,0.112324912923615
"ACCAACGCTTATTTAT-1","doublet_uncertain","Astro","L6 IT",FALSE,FALSE,4138.83831794067,7024.94013018842,TRUE,TRUE,0.234588116184827,0.765411883815173
"ACCAAGTCATCGGCAG-1","doublet_certain","Sst","Astro",FALSE,FALSE,5133.05057117334,5762.14502514799,TRUE,TRUE,0.907255186058364,0.0927448139416357
"ACCAATATGCAAGTTA-1","doublet_certain","L2-3 IT","Astro",FALSE,FALSE,4204.46595803737,4810.85200197879,TRUE,TRUE,0.879261103263021,0.120738896736979
"ACCACAAGTTTCTATC-1","doublet_certain","L5 IT","Astro",FALSE,FALSE,4450.18138834206,5034.58936414802,TRUE,TRUE,0.933973261805977,0.0660267381940234
"ACCACCAATGTAACAA-1","doublet_certain","Oligo","L2-3 IT",FALSE,FALSE,3907.46043732604,4489.91299528476,TRUE,TRUE,0.776896140817676,0.223103859182324
"ACCACGTGCAGCTATA-1","doublet_certain","L6 IT","Oligo",FALSE,FALSE,4025.99149501259,4966.61251425735,TRUE,TRUE,0.742508822602007,0.257491177397993
"ACCAGACCATAACAAC-1","doublet_certain","Lamp5","VLMC",FALSE,FALSE,3768.16266487758,5239.28109334039,TRUE,TRUE,0.578307663370316,0.421692336629684
"ACCAGTGCGGGAGACG-1","doublet_certain","L2-3 IT","Oligo",FALSE,FALSE,4234.37863352448,5342.62845243807,TRUE,TRUE,0.630298689977048,0.369701310022952
"ACCATATCCGCAATAA-1","doublet_certain","L6 IT","Oligo",FALSE,FALSE,5078.24780790401,5925.58274838604,TRUE,TRUE,0.887077861317027,0.112922138682973
"ACCATCCGCCAACTAG-1","doublet_certain","Meis2","Astro",FALSE,FALSE,5101.12333649703,5991.1688452121,TRUE,TRUE,0.85340386923006,0.14659613076994
"ACCATCGTATATGGTA-1","doublet_certain","L5 IT","Astro",FALSE,FALSE,4815.69175235385,5513.36694546974,TRUE,TRUE,0.919448148635103,0.0805518513648966
"ACCCAACGCCCGTGGC-1","doublet_certain","L6b","Oligo",FALSE,FALSE,3253.50765280715,3959.7423760096,TRUE,TRUE,0.765763328013463,0.234236671986537
"ACCCATCTTGAGGGTA-1","doublet_certain","L5 IT","Astro",FALSE,FALSE,4498.86854570056,5013.46194406753,TRUE,TRUE,0.930901434719485,0.0690985652805148
"ACCCATTTGTCCCTCT-1","doublet_certain","Sst","Oligo",FALSE,FALSE,3908.11278389498,4614.88467307351,TRUE,TRUE,0.80658205806574,0.19341794193426
"ACCCGGAAACTCCCAG-1","doublet_certain","L2-3 IT","Astro",FALSE,FALSE,4381.88458282546,4901.93013393272,TRUE,TRUE,0.912466485951653,0.0875335140483467
"ACCCGGATGACGCATC-1","doublet_certain","L2-3 IT","Oligo",FALSE,FALSE,4359.21080418236,5280.24660610341,TRUE,TRUE,0.748933646667296,0.251066353332704
"ACCCGGTTACACTTCC-1","doublet_certain","L6 IT","Oligo",FALSE,FALSE,4558.16764950356,5136.28267099888,TRUE,TRUE,0.913245046708286,0.0867549532917144
"ACCCGTGTCATCAGTA-1","doublet_certain","L5 IT","Astro",FALSE,FALSE,3971.3958659855,4678.53019618269,TRUE,TRUE,0.858763228886085,0.141236771113915
"ACCCTATGCCATATCG-1","doublet_uncertain","Astro","L6 IT",FALSE,FALSE,4179.34110139727,8536.49464346168,TRUE,TRUE,0.0880483485983291,0.911951651401671
"ACCCTCCCGTCAGGGC-1","doublet_certain","L6 IT","Astro",FALSE,FALSE,4872.04672228021,5588.39330149719,TRUE,TRUE,0.886736860237706,0.113263139762294
"ACCCTCCCTTGCTATT-1","doublet_certain","L2-3 IT","Oligo",FALSE,FALSE,3624.32498330325,4245.87094942168,TRUE,TRUE,0.790760594942117,0.209239405057883
"ACCCTGGTAACGCCCT-1","doublet_certain","L6 CT","Astro",FALSE,FALSE,4400.75480382419,4963.17047379342,TRUE,TRUE,0.922714812693139,0.0772851873068606
"ACCGAAGAGTCTGGTT-1","doublet_certain","L5 IT","Astro",FALSE,FALSE,4427.34110752686,5447.55977390107,TRUE,TRUE,0.770784599455318,0.229215400544682
"ACCGACACATCTCCCA-1","doublet_certain","L6 IT","Astro",FALSE,FALSE,4159.1223181394,5094.40777028208,TRUE,TRUE,0.790317444049906,0.209682555950094
"ACCGACTGAGTCCCAC-1","doublet_certain","L5 IT","Astro",FALSE,FALSE,4620.29762437951,5168.90125501648,TRUE,TRUE,0.934054407888114,0.0659455921118863
"ACCGAGTCTCCTTATT-1","doublet_certain","L2-3 IT","Astro",FALSE,FALSE,5104.78917703847,5680.33358211123,TRUE,TRUE,0.925277680594283,0.0747223194057172
"ACCGATGGTAGCATCG-1","doublet_certain","L2-3 IT","Oligo",FALSE,FALSE,4140.48036272396,4847.39264722362,TRUE,TRUE,0.817853939589346,0.182146060410654
"ACCGCAATAACTGCCT-1","doublet_certain","L2-3 IT","Astro",FALSE,FALSE,4428.0499989234,5149.29459942709,TRUE,TRUE,0.867216845990183,0.132783154009817
"ACCGCGGTGGAAGTCG-1","doublet_certain","Oligo","Pvalb",FALSE,FALSE,1759.00486994908,2160.98778592687,TRUE,TRUE,0.429987962285408,0.570012037714592
"ACCGGGCCTTTGTTGA-1","doublet_certain","Oligo","Pvalb",FALSE,FALSE,3273.83546151373,4320.70723816795,TRUE,TRUE,0.432772357266236,0.567227642733764
"ACCGGTCAGGTACACC-1","doublet_certain","Pvalb","Astro",FALSE,FALSE,5184.18773209577,6274.26604260561,TRUE,TRUE,0.806209255831094,0.193790744168906
"ACCGTCCACTGGGCCC-1","doublet_certain","Sst","Astro",FALSE,FALSE,3861.37581825599,4915.62000698886,TRUE,TRUE,0.589626828003694,0.410373171996306
"ACCTAAGTACCTTTCA-1","doublet_certain","L5 IT","VLMC",FALSE,FALSE,4456.79747153724,6273.93519216208,TRUE,TRUE,0.624633313692815,0.375366686307185
"ACCTAATCGACTTCCT-1","doublet_certain","L2-3 IT","Astro",FALSE,FALSE,3397.58364312404,3930.25354276585,TRUE,TRUE,0.890822629065356,0.109177370934644
"ACCTACAGTATGTGGT-1","doublet_certain","Pvalb","Astro",FALSE,FALSE,3808.24021428142,4567.22052041216,TRUE,TRUE,0.80819496347653,0.19180503652347
"ACCTACTATAAATCTA-1","doublet_certain","VLMC","Lamp5",FALSE,FALSE,6976.33218250561,9832.56690167084,TRUE,TRUE,0.460315437788936,0.539684562211064
"ACCTCCGCCCTCGCTG-1","doublet_certain","Oligo","Pvalb",FALSE,FALSE,1806.0177048296,2247.69172440944,TRUE,TRUE,0.427651373998068,0.572348626001932
"ACCTCCGTTATTCACC-1","doublet_uncertain","Oligo","L5 IT",FALSE,FALSE,2619.6364821622,3467.146675108,TRUE,TRUE,0.395171788100018,0.604828211899982
"ACCTGCGTGTCATGTT-1","doublet_certain","L6 IT","Astro",FALSE,FALSE,4479.89011913979,5456.83609710221,TRUE,TRUE,0.808857108999975,0.191142891000025
"ACGAAATGGGCGGCAC-1","reject","L5 IT","Peri",FALSE,FALSE,2075.89869580927,2115.89869580927,TRUE,TRUE,0.743694785362957,0.256305214637043
"ACGACTCTAGGGCCGA-1","doublet_certain","L2-3 IT","Astro",FALSE,FALSE,5059.37515608657,5694.02268502705,TRUE,TRUE,0.932255383925541,0.0677446160744591
"ACGAGGATACCACTCT-1","doublet_certain","Meis2","Oligo",FALSE,FALSE,4210.66688178402,5557.5305719872,TRUE,TRUE,0.648142460862916,0.351857539137084
"ACGAGGTTTACAACGT-1","doublet_certain","L5 IT","Astro",FALSE,FALSE,4060.07396266193,5239.29581055417,TRUE,TRUE,0.70096261160397,0.29903738839603
"ACGAGTACGGATGCCC-1","doublet_certain","Oligo","L5 IT",FALSE,FALSE,1293.22560463662,1483.45709429452,TRUE,TRUE,0.631937076500789,0.368062923499211
"ACGATACATAGAACTA-1","doublet_certain","L5 IT","Astro",FALSE,FALSE,4554.79659130136,5171.30794703556,TRUE,TRUE,0.931102779698035,0.0688972203019649
"ACGATCATACATAGAG-1","doublet_certain","L5 IT","Astro",FALSE,FALSE,4072.45649941668,4584.22830247484,TRUE,TRUE,0.926124455462821,0.0738755445371793
"ACGATCATCTTGTAAA-1","doublet_certain","L6 IT","VLMC",FALSE,FALSE,4388.93087106091,5383.85455472271,TRUE,TRUE,0.757445067163968,0.242554932836032
"ACGATGCATATGTTAT-1","doublet_certain","L5 IT","Astro",FALSE,FALSE,4742.14252648474,5373.16818592353,TRUE,TRUE,0.918057355734524,0.0819426442654758
"ACGCAAACTAATAGAT-1","doublet_certain","Oligo","VLMC",FALSE,FALSE,3466.95633358181,4306.91753064814,TRUE,TRUE,0.754252660644153,0.245747339355847
"ACGCAATCACTACAGC-1","doublet_certain","Oligo","L6 CT",FALSE,FALSE,1026.40247931792,1161.46908674747,TRUE,TRUE,0.653614084010371,0.346385915989629
"ACGCATACGTTTACTA-1","doublet_certain","Pvalb","Astro",FALSE,FALSE,2694.7048212717,3475.80928791692,TRUE,TRUE,0.610319423625993,0.389680576374007
"ACGCATTCGTGAGTAC-1","doublet_certain","L5 IT","Oligo",FALSE,FALSE,4090.29388011938,4957.91177361299,TRUE,TRUE,0.819654999234134,0.180345000765866
"ACGCCAGATGATTTCT-1","doublet_certain","L2-3 IT","Astro",FALSE,FALSE,2928.04871500835,3396.68754628072,TRUE,TRUE,0.872421915563313,0.127578084436687
"ACGCCAGTGCGTTTGC-1","doublet_certain","L2-3 IT","Astro",FALSE,FALSE,4948.80572349102,5250.3875268044,TRUE,TRUE,0.966881072654373,0.0331189273456269
"ACGCCGCTAGACGACC-1","doublet_certain","L2-3 IT","Oligo",FALSE,FALSE,4301.63069295225,5136.29926334851,TRUE,TRUE,0.775424906700645,0.224575093299355
"ACGCGAAGTCAGACGA-1","doublet_certain","L6 IT","Oligo",FALSE,FALSE,3655.3915137439,4516.97831251356,TRUE,TRUE,0.771586505672533,0.228413494327467
"ACGCGCTACACAGGGT-1","doublet_certain","L5 IT","Astro",FALSE,FALSE,4436.8412873045,5315.6610869032,TRUE,TRUE,0.852763448030771,0.147236551969229
"ACGCGGGCCAAGGACA-1","doublet_certain","L6 IT","Oligo",FALSE,FALSE,4953.72556965226,5654.01571960547,TRUE,TRUE,0.905461053090047,0.0945389469099527
"ACGCTAGTGATACACT-1","doublet_certain","Oligo","L5 IT",FALSE,FALSE,1632.57077232853,1961.51604280834,TRUE,TRUE,0.570885022724415,0.429114977275585
"ACGCTGTGAGGCGTAG-1","doublet_certain","Vip","Astro",FALSE,FALSE,3123.6281035543,3690.98144218325,TRUE,TRUE,0.779386469137055,0.220613530862945
"ACGGAACACGAGTGCC-1","doublet_uncertain","Astro","L6 IT",FALSE,FALSE,5118.41492976052,10416.3063411846,TRUE,TRUE,0.0794073316361357,0.920592668363864
"ACGGACTCTCAAAGCG-1","doublet_certain","L2-3 IT","VLMC",FALSE,FALSE,4827.77418453842,5740.88980904616,TRUE,TRUE,0.846036469892355,0.153963530107645
"ACGGAGCGCAAATTAC-1","doublet_certain","L5 IT","Astro",FALSE,FALSE,4816.32248726262,5368.53000029248,TRUE,TRUE,0.938281208703781,0.0617187912962192
"ACGGATGGTGCGGATA-1","doublet_certain","L2-3 IT","Oligo",FALSE,FALSE,4308.11994713563,5218.38568233733,TRUE,TRUE,0.720644006955879,0.279355993044121
"ACGGCACTTGCTTGGG-1","doublet_certain","L6 IT","Oligo",FALSE,FALSE,3587.62440018943,4303.17298012254,TRUE,TRUE,0.831065698369207,0.168934301630793
"ACGGCCAACATGGACT-1","doublet_certain","L5 IT","Astro",FALSE,FALSE,5003.59789098879,5748.38409376705,TRUE,TRUE,0.909118935462265,0.0908810645377353
"ACGGCGACGATGGGAA-1","doublet_uncertain","Oligo","L2-3 IT",FALSE,FALSE,3614.31411334427,5284.08960663695,TRUE,TRUE,0.28788991978931,0.712110080210691
"ACGGCTGGATGTAGAA-1","doublet_certain","Sst","Astro",FALSE,FALSE,4890.42983395871,6349.41370704584,TRUE,TRUE,0.618924876322613,0.381075123677388
"ACGGGAGTGTCGGCCC-1","doublet_certain","Meis2","Astro",FALSE,FALSE,4475.033428723,5573.7600578694,TRUE,TRUE,0.74906206864028,0.25093793135972
"ACGGTACAGTTCAATG-1","doublet_certain","L5 IT","Astro",FALSE,FALSE,5071.9372346367,5547.21905397313,TRUE,TRUE,0.955270477093866,0.0447295229061339
"ACGTAGATTGCTGATG-1","doublet_certain","L5 IT","Oligo",FALSE,FALSE,4310.83383317208,4883.94297857925,TRUE,TRUE,0.886776812460657,0.113223187539343
"ACGTAGGAGAGTCGCT-1","doublet_certain","L2-3 IT","Astro",FALSE,FALSE,5169.14632981844,6070.23353077376,TRUE,TRUE,0.878897356072671,0.121102643927329
"ACGTATTACTCCGATC-1","doublet_certain","L2-3 IT","Oligo",FALSE,FALSE,3856.61423598412,4698.49078745833,TRUE,TRUE,0.724105750853612,0.275894249146388
"ACGTCTCGTTCCGGGA-1","doublet_certain","Meis2","Endo",FALSE,FALSE,5379.7534889562,6119.20751825082,TRUE,TRUE,0.951530206638381,0.0484697933616187
"ACGTGACAAAGTAAGT-1","doublet_certain","Meis2","Astro",FALSE,FALSE,5043.58507232743,5622.57695254508,TRUE,TRUE,0.923812985473344,0.0761870145266563
"ACGTGCGCCTCGTGCA-1","doublet_uncertain","Astro","L6 IT",FALSE,FALSE,2365.25098572779,3417.86139743884,TRUE,TRUE,0.323441224564492,0.676558775435508
"ACGTTAATGTCGAAGA-1","doublet_certain","L2-3 IT","Oligo",FALSE,FALSE,4411.92792621726,5129.26990373998,TRUE,TRUE,0.830657237222006,0.169342762777994
"ACGTTAGATTTGCCCG-1","doublet_certain","L5 IT","Astro",FALSE,FALSE,4192.33630172883,4822.7471525955,TRUE,TRUE,0.905877124059026,0.0941228759409745
"ACGTTCGCAATCAATT-1","doublet_certain","L6 IT","Oligo",FALSE,FALSE,5640.43760737272,6179.99522426047,TRUE,TRUE,0.94039822311153,0.0596017768884698
"ACGTTCGTTCAGGAAA-1","doublet_certain","L5 IT","Astro",FALSE,FALSE,3734.1201011986,4711.24459973834,TRUE,TRUE,0.68739960592353,0.31260039407647
"ACGTTCTGTACAAGTC-1","doublet_certain","Sst","Oligo",FALSE,FALSE,5061.13611326653,5886.73395860433,TRUE,TRUE,0.844896475774174,0.155103524225826
"ACTACATCCCGACAAG-1","doublet_certain","L6 IT","Astro",FALSE,FALSE,3262.02443963429,4057.9036983559,TRUE,TRUE,0.649754442379755,0.350245557620245
"ACTACCAGCTCTCTGG-1","doublet_certain","L2-3 IT","Astro",FALSE,FALSE,3482.0023526742,4103.98224219092,TRUE,TRUE,0.884247280439468,0.115752719560532
"ACTACGCGTTAGAATT-1","doublet_certain","L5 IT","Astro",FALSE,FALSE,4188.36058438558,4714.52588011771,TRUE,TRUE,0.924503755985266,0.075496244014734
"ACTAGTTGCGATCGTC-1","doublet_certain","Oligo","Pvalb",FALSE,FALSE,2601.62609190795,3071.05724027598,TRUE,TRUE,0.619415131536927,0.380584868463073
"ACTATATGCTGTGTTC-1","doublet_certain","L2-3 IT","Astro",FALSE,FALSE,4328.19682666852,4880.28517827267,TRUE,TRUE,0.925384785170132,0.0746152148298678
"ACTATCCAGGGCATGG-1","doublet_certain","Oligo","Astro",FALSE,FALSE,1034.53135880756,1118.10000242727,TRUE,TRUE,0.829351765103044,0.170648234896956
"ACTATCTGCCCGCGTA-1","doublet_certain","Oligo","Endo",FALSE,FALSE,1246.24133190758,1295.1468799543,TRUE,TRUE,0.968275035599636,0.0317249644003643
"ACTATTTCCGGGCCCA-1","doublet_certain","Oligo","L6 IT",FALSE,FALSE,3336.14504859679,4128.70316280783,TRUE,TRUE,0.530364707578857,0.469635292421143
"ACTCAAGTGCAAGGCT-1","doublet_certain","L2-3 IT","Astro",FALSE,FALSE,4866.95670336462,5694.12617466173,TRUE,TRUE,0.867008826979098,0.132991173020902
"ACTCAATAAAGGCACG-1","doublet_certain","L5 IT","Astro",FALSE,FALSE,4432.54647711021,5060.39934663246,TRUE,TRUE,0.931862700518748,0.0681372994812515
"ACTCCCATTCCTAAAG-1","doublet_certain","Sst","Astro",FALSE,FALSE,5044.90782795958,5952.46597886426,TRUE,TRUE,0.832362222921377,0.167637777078623
"ACTCCCGAATTCGTTT-1","doublet_certain","L6 IT","VLMC",FALSE,FALSE,5064.49405644971,6309.03698566284,TRUE,TRUE,0.5545285830198,0.4454714169802
"ACTCCCTAATGCTAAA-1","doublet_certain","L2-3 IT","Astro",FALSE,FALSE,4862.97690538643,5476.48199446837,TRUE,TRUE,0.897148520471598,0.102851479528402
"ACTCCCTAGAATAGTA-1","doublet_certain","L2-3 IT","Oligo",FALSE,FALSE,4477.27215952894,5119.70238373526,TRUE,TRUE,0.847927640035751,0.152072359964249
"ACTCCGGCCGACCACT-1","doublet_certain","L5 IT","Astro",FALSE,FALSE,5592.14131708254,6163.4183559102,TRUE,TRUE,0.944803401971114,0.0551965980288863
"ACTCGCCGTTCGATAA-1","doublet_certain","Sst","Astro",FALSE,FALSE,5673.13138516658,6418.80240838311,TRUE,TRUE,0.90559920225119,0.0944007977488102
"ACTCGTAACCCGTCCT-1","doublet_certain","Meis2","Astro",FALSE,FALSE,4570.03621018032,5435.99674980491,TRUE,TRUE,0.84350596576791,0.15649403423209
"ACTCGTCAGTAATCCC-1","doublet_certain","L2-3 IT","Oligo",FALSE,FALSE,4601.11251865559,5455.66962049654,TRUE,TRUE,0.786331941468226,0.213668058531774
"ACTCTCTGACTTAGGT-1","doublet_uncertain","Oligo","L2-3 IT",FALSE,FALSE,3290.0014001451,4953.82744064788,TRUE,TRUE,0.165548603618721,0.834451396381279
"ACTCTGACCTAATAGA-1","doublet_certain","Sst","Astro",FALSE,FALSE,5322.05415351567,6010.15078337022,TRUE,TRUE,0.898530510828452,0.101469489171548
"ACTCTTGTATAGTAAC-1","doublet_certain","Oligo","L2-3 IT",FALSE,FALSE,3005.36362240956,3875.20726919981,TRUE,TRUE,0.557670506968024,0.442329493031976
"ACTGAAACGCCGTTAG-1","doublet_uncertain","Oligo","L2-3 IT",FALSE,FALSE,4924.02385845853,7245.13994856377,TRUE,TRUE,0.321408479034086,0.678591520965914
"ACTGAATGGCGAAAGT-1","doublet_certain","L2-3 IT","Oligo",FALSE,FALSE,4220.28632073765,5124.88105348373,TRUE,TRUE,0.753775026570797,0.246224973429203
"ACTGCCGTCGTAACTC-1","doublet_certain","L5 IT","Astro",FALSE,FALSE,3738.78531000568,5035.50180851377,TRUE,TRUE,0.532210886522674,0.467789113477327
"ACTGCTCGGAAGGATG-1","doublet_certain","Meis2","Astro",FALSE,FALSE,4885.27403445104,5752.38627937587,TRUE,TRUE,0.857306135044795,0.142693864955205
"ACTGTACGATACACAT-1","doublet_certain","L6 IT","Astro",FALSE,FALSE,4078.70345879309,4722.74866278917,TRUE,TRUE,0.899707026889808,0.100292973110192
"ACTGTAGCACTTTGGA-1","doublet_certain","L2-3 IT","Astro",FALSE,FALSE,3738.09139866753,4328.10250587085,TRUE,TRUE,0.889993671953247,0.110006328046753
"ACTGTCCAGGATTATA-1","doublet_certain","L5 IT","Oligo",FALSE,FALSE,4338.58277225314,5137.78598609501,TRUE,TRUE,0.842838782271621,0.157161217728379
"ACTGTCTTCTTTAGAA-1","doublet_certain","L5 IT","Oligo",FALSE,FALSE,4396.66663468566,4839.83303755593,TRUE,TRUE,0.930576744341769,0.0694232556582308
"ACTTACGCATCCACGC-1","doublet_certain","L2-3 IT","Astro",FALSE,FALSE,4426.76271810806,5193.8543535851,TRUE,TRUE,0.847682553694369,0.152317446305631
"ACTTATACTTACCCGG-1","doublet_certain","L2-3 IT","Oligo",FALSE,FALSE,3966.01100581947,5014.46862920939,TRUE,TRUE,0.698538524480384,0.301461475519616
"ACTTATTAGGATCGGT-1","doublet_certain","L6 IT","Astro",FALSE,FALSE,4586.89345405037,5214.06553360238,TRUE,TRUE,0.931916471876592,0.0680835281234083
"ACTTATTTATGTGCCA-1","doublet_certain","L2-3 IT","Oligo",FALSE,FALSE,3674.08040779103,4326.94985758642,TRUE,TRUE,0.791123143839681,0.208876856160319
"ACTTCAGGCTGATCCC-1","doublet_certain","L2-3 IT","Oligo",FALSE,FALSE,3877.2484225251,4554.98166019591,TRUE,TRUE,0.813210770486456,0.186789229513544
"ACTTCCAGTGGAAGCT-1","doublet_certain","Meis2","Astro",FALSE,FALSE,2090.8255727678,2340.3089781098,TRUE,TRUE,0.827628754975895,0.172371245024105
"ACTTCCATGCGGGACA-1","doublet_certain","L2-3 IT","Oligo",FALSE,FALSE,4488.90340742465,5412.26116830888,TRUE,TRUE,0.779513302587964,0.220486697412036
"ACTTCGCCATACGCAC-1","doublet_certain","L5 IT","Oligo",FALSE,FALSE,3902.48973909796,4421.21708733873,TRUE,TRUE,0.90033400754246,0.0996659924575395
"ACTTGACTCCCTCTTT-1","doublet_certain","L2-3 IT","Astro",FALSE,FALSE,3613.31988507256,4154.27204745705,TRUE,TRUE,0.854734756853652,0.145265243146348
"ACTTGGGACCCGGTGG-1","doublet_certain","L5 IT","Astro",FALSE,FALSE,3943.81245963697,4449.22221841602,TRUE,TRUE,0.919291734994221,0.0807082650057785
"ACTTGTAGTCCCTTCA-1","doublet_certain","Meis2","Astro",FALSE,FALSE,4405.46861286104,5346.52505046381,TRUE,TRUE,0.825990541092822,0.174009458907178
"ACTTGTGGATGGAACG-1","doublet_certain","Oligo","Pvalb",FALSE,FALSE,1985.51569837036,2364.47300005869,TRUE,TRUE,0.517211058017774,0.482788941982226
"ACTTTACCCTCATGAA-1","doublet_uncertain","L6 IT","VLMC",FALSE,FALSE,4530.79710814059,5690.417182253,TRUE,TRUE,0.663720810957483,0.336279189042517
"ACTTTCCTATAGCTTC-1","doublet_certain","L5 IT","Astro",FALSE,FALSE,4157.00104358501,4831.87971714462,TRUE,TRUE,0.902502756395047,0.0974972436049529
"ACTTTGACTGCATCCT-1","doublet_certain","Vip","Astro",FALSE,FALSE,3506.21867529403,4137.56082565528,TRUE,TRUE,0.772225576975751,0.227774423024248
"ACTTTGGTCGTGCTCC-1","doublet_certain","Pvalb","Astro",FALSE,FALSE,4972.15687188755,6306.47281863881,TRUE,TRUE,0.697804792239082,0.302195207760918
"AGAACCCTCAATTGGG-1","doublet_certain","Lamp5","Astro",FALSE,FALSE,5123.35115175319,6459.32193653948,TRUE,TRUE,0.649138277809399,0.350861722190601
"AGAACGTGGTACATTC-1","doublet_certain","L5 IT","Astro",FALSE,FALSE,4464.10489201073,4927.30430675423,TRUE,TRUE,0.942446440343921,0.0575535596560785
"AGAAGAGCGCCGTTCC-1","reject","L2-3 IT","Meis2",FALSE,FALSE,373.321084905355,413.321084905355,TRUE,TRUE,0.703133678049145,0.296866321950855
"AGAAGGTACACTTCAC-1","doublet_certain","Meis2","Astro",FALSE,FALSE,4788.31347596764,5358.14553596282,TRUE,TRUE,0.915383921227098,0.0846160787729025
"AGAAGGTTGCCGAATT-1","doublet_certain","L5 IT","Astro",FALSE,FALSE,4126.12779942775,4703.42077671804,TRUE,TRUE,0.908562957452337,0.0914370425476627
"AGAAGGTTGTAGGTCG-1","doublet_certain","L2-3 IT","Astro",FALSE,FALSE,5006.60775902313,6219.27801394294,TRUE,TRUE,0.759301323083823,0.240698676916177
"AGAAGTGATTCGTGAT-1","doublet_certain","Meis2","VLMC",FALSE,FALSE,4333.96805110596,5393.78353161611,TRUE,TRUE,0.827797499606074,0.172202500393926
"AGAATGCGGGTTCGGA-1","doublet_certain","L2-3 IT","Astro",FALSE,FALSE,4554.76722790525,5009.62424664615,TRUE,TRUE,0.949084942585265,0.0509150574147351
"AGAATTATGGATTCGA-1","doublet_certain","L2-3 IT","Oligo",FALSE,FALSE,4424.1421221302,5457.77956863136,TRUE,TRUE,0.70595811200911,0.29404188799089
"AGACCAAACCACACCT-1","doublet_certain","Meis2","Astro",FALSE,FALSE,5044.62252707348,5862.05778949952,TRUE,TRUE,0.89249438413635,0.107505615863651
"AGACCCACCGCTGATC-1","doublet_certain","L2-3 IT","Astro",FALSE,FALSE,4655.21437387147,5394.0479283372,TRUE,TRUE,0.874538643932714,0.125461356067286
"AGACCCGCCCTCCTCG-1","doublet_certain","L5 IT","Astro",FALSE,FALSE,3891.21216883723,4493.4699552271,TRUE,TRUE,0.905396385058627,0.0946036149413728
"AGACCGCTCCGCGGTT-1","doublet_uncertain","Oligo","Pvalb",FALSE,FALSE,1813.98894799692,1906.10735228969,TRUE,TRUE,0.852457979118145,0.147542020881855
"AGACCGGGAAACCCTG-1","doublet_certain","L5 IT","Astro",FALSE,FALSE,4678.58206447003,5835.99448153451,TRUE,TRUE,0.778064422475335,0.221935577524665
"AGACGAAGTGCCGGTC-1","doublet_uncertain","Oligo","Pvalb",FALSE,FALSE,2718.11739661561,3666.85858209726,TRUE,TRUE,0.354493401207131,0.645506598792869
"AGACGACGATGCCGCT-1","doublet_certain","L6 IT","Astro",FALSE,FALSE,3132.46051804041,3800.18258575282,TRUE,TRUE,0.737790580527626,0.262209419472374
"AGACTAGCCTTCCAGA-1","doublet_certain","L5 IT","Astro",FALSE,FALSE,3876.79018134623,4468.27649790763,TRUE,TRUE,0.908049889026889,0.0919501109731105
"AGAGAACCGTCTAGGA-1","doublet_certain","L5 IT","Astro",FALSE,FALSE,4118.45078672334,4621.52379752049,TRUE,TRUE,0.922186486854247,0.0778135131457527
"AGAGAAGGAGTACAAT-1","doublet_certain","Oligo","L5 IT",FALSE,FALSE,2018.30712745339,2238.90783581144,TRUE,TRUE,0.685514093262502,0.314485906737498
"AGAGATCTCTAAAGCG-1","doublet_certain","L5 IT","Astro",FALSE,FALSE,4580.26493299809,5585.98382471584,TRUE,TRUE,0.779570461967131,0.220429538032869
"AGAGCCGCCGAGATTT-1","doublet_certain","Sst","Oligo",FALSE,FALSE,3273.64001602053,4212.78597056301,TRUE,TRUE,0.63392706274947,0.36607293725053
"AGAGGCTTCGGAAACC-1","doublet_certain","Oligo","Pvalb",FALSE,FALSE,2544.85707040177,3051.14286551117,TRUE,TRUE,0.546133641590919,0.453866358409081
"AGAGTAAACTTCACTA-1","doublet_certain","Oligo","Pvalb",FALSE,FALSE,2353.58753647002,2685.68155843031,TRUE,TRUE,0.654162972073044,0.345837027926956
"AGATAACTTCAGGGCC-1","doublet_certain","L5 IT","Astro",FALSE,FALSE,4532.88385135434,5351.23520598012,TRUE,TRUE,0.895650729117421,0.104349270882579
"AGATACCAATAGAACC-1","doublet_certain","Sst","Oligo",FALSE,FALSE,5721.66608139563,6630.5390368241,TRUE,TRUE,0.862745486451463,0.137254513548537
"AGATACCGGTGTTCAC-1","doublet_certain","L5 IT","Astro",FALSE,FALSE,4264.28786103163,4960.87494168033,TRUE,TRUE,0.90398131763397,0.09601868236603
"AGATACTCAAGATCGA-1","doublet_certain","L2-3 IT","Oligo",FALSE,FALSE,2963.07413458985,3486.99346240029,TRUE,TRUE,0.79614737458585,0.20385262541415
"AGATATAATACGACTA-1","doublet_certain","Sst","Astro",FALSE,FALSE,4953.48016031441,5766.16425606416,TRUE,TRUE,0.87648466640768,0.12351533359232
"AGATCGTGCATAAGAT-1","doublet_certain","L5 IT","Astro",FALSE,FALSE,4276.52991285987,4985.78969378604,TRUE,TRUE,0.894281871546901,0.105718128453099
"AGATCTCAGGTGTGAT-1","doublet_certain","L5 IT","Oligo",FALSE,FALSE,4038.01020710345,4753.92157115818,TRUE,TRUE,0.855919702696612,0.144080297303388
"AGATGACTCGCCCACG-1","doublet_certain","L2-3 IT","Astro",FALSE,FALSE,3728.6541097763,4406.39933862424,TRUE,TRUE,0.897405366335186,0.102594633664814
"AGATGAGGGTTGCGAT-1","doublet_certain","L2-3 IT","Astro",FALSE,FALSE,4040.89947794652,4604.11808358855,TRUE,TRUE,0.919304927398086,0.0806950726019144
"AGATGATGGAGTCTGG-1","doublet_certain","L6 IT","Oligo",FALSE,FALSE,3878.88167948869,4774.58098761752,TRUE,TRUE,0.717962530343664,0.282037469656336
"AGATGCAAGACGTGCA-1","doublet_certain","Vip","Astro",FALSE,FALSE,4630.2290703566,5590.17903892461,TRUE,TRUE,0.741467928500576,0.258532071499424
"AGATGCATCCTGTGTC-1","doublet_certain","Meis2","Astro",FALSE,FALSE,5463.86821654344,6834.48982556841,TRUE,TRUE,0.733274043135047,0.266725956864953
"AGATTATAGGACGTTT-1","doublet_certain","L6 CT","Oligo",FALSE,FALSE,4450.21280758073,5138.62309191474,TRUE,TRUE,0.882784428635691,0.117215571364309
"AGATTCACAACCGATA-1","doublet_certain","Meis2","Astro",FALSE,FALSE,5035.28463372232,5867.70359863693,TRUE,TRUE,0.893178813419696,0.106821186580304
"AGCAAAGGCCGCTAGT-1","doublet_certain","L2-3 IT","Oligo",FALSE,FALSE,4538.19386225963,5194.1531900821,TRUE,TRUE,0.84493679742258,0.15506320257742
"AGCAACATATCTTATT-1","doublet_certain","L2-3 IT","Oligo",FALSE,FALSE,3527.09339263991,4398.65657408833,TRUE,TRUE,0.722829670593084,0.277170329406916
"AGCAACCGAAAGTAAT-1","doublet_uncertain","Astro","Sst",FALSE,FALSE,5337.39794750567,9083.55130657959,TRUE,TRUE,0.141460746895743,0.858539253104257
"AGCACCAGTACTCACG-1","doublet_certain","L5 IT","Astro",FALSE,FALSE,4077.68637965009,4502.90001363844,TRUE,TRUE,0.944730386999476,0.0552696130005236
"AGCACTACCTCACCAG-1","doublet_certain","L2-3 IT","Oligo",FALSE,FALSE,4416.60870559759,5185.10409349447,TRUE,TRUE,0.846257079264854,0.153742920735146
"AGCACTTAAGGACGCC-1","doublet_certain","L2-3 IT","Astro",FALSE,FALSE,3901.05689875524,4511.72822457472,TRUE,TRUE,0.891766310737379,0.108233689262621
"AGCAGAAGGAGAAAGA-1","doublet_certain","L5 IT","Astro",FALSE,FALSE,4847.69025551562,5918.89021538748,TRUE,TRUE,0.832666742674202,0.167333257325798
"AGCAGCCAGATGAATA-1","doublet_certain","L6 IT","Oligo",FALSE,FALSE,5103.45929887957,5758.00232815845,TRUE,TRUE,0.903221700286562,0.0967782997134376
"AGCATATCAATATGCT-1","doublet_certain","Pvalb","Oligo",FALSE,FALSE,2707.91453829043,3463.80014336218,TRUE,TRUE,0.594279377641885,0.405720622358115
"AGCATCATTTCGAAAG-1","doublet_certain","Meis2","Oligo",FALSE,FALSE,4893.19936408976,5586.44076168608,TRUE,TRUE,0.88873535537829,0.11126464462171
"AGCATCGTCGATAATT-1","doublet_certain","L2-3 IT","Astro",FALSE,FALSE,3768.40361256639,4390.60841658045,TRUE,TRUE,0.87429636620769,0.12570363379231
"AGCATTACGAGGCAAG-1","doublet_certain","Sst","Astro",FALSE,FALSE,4637.55081390312,5246.73139210995,TRUE,TRUE,0.896374860062407,0.103625139937593
"AGCCAAGCTTTGTGTC-1","doublet_certain","L5 IT","Astro",FALSE,FALSE,3971.91216108844,4398.90611398014,TRUE,TRUE,0.936768563907385,0.0632314360926146
"AGCCACAGGTTACCCG-1","doublet_certain","Sst","Oligo",FALSE,FALSE,4478.10674627784,5623.05904578522,TRUE,TRUE,0.689809295717268,0.310190704282732
"AGCCACTCCCGTGCTT-1","doublet_certain","L5 IT","Astro",FALSE,FALSE,4221.19081509675,4768.50677707547,TRUE,TRUE,0.929236676801978,0.0707633231980222
"AGCCCATACATGTAAG-1","doublet_certain","L2-3 IT","Astro",FALSE,FALSE,4277.57333912636,4957.56277228224,TRUE,TRUE,0.903613604025814,0.096386395974186
"AGCCCGCACTACAATG-1","doublet_certain","L2-3 IT","Astro",FALSE,FALSE,5665.70507458596,6259.0510237637,TRUE,TRUE,0.944766500651989,0.0552334993480106
"AGCCCGGTAGCCTGTA-1","doublet_certain","L5 IT","Astro",FALSE,FALSE,3206.68452405856,4284.9977257062,TRUE,TRUE,0.689634503617237,0.310365496382763
"AGCCCTTCTAATCCGA-1","doublet_certain","L5 IT","Astro",FALSE,FALSE,4033.47094062691,4640.98571124373,TRUE,TRUE,0.912138929145998,0.0878610708540019
"AGCCGTGGCTAAATGT-1","doublet_certain","Meis2","Oligo",FALSE,FALSE,5144.78890320693,6035.05702594313,TRUE,TRUE,0.867766666916341,0.132233333083659
"AGCCTAATACCCACGT-1","doublet_uncertain","Meis2","Oligo",FALSE,FALSE,4356.04425811301,5025.61067562623,TRUE,TRUE,0.842729390102405,0.157270609897595
"AGCGACAGGAACGGTC-1","doublet_certain","L5 IT","Astro",FALSE,FALSE,3235.73374693631,4056.10352416185,TRUE,TRUE,0.743588771577575,0.256411228422425
"AGCGACCAACGATATT-1","doublet_certain","L4","Astro",FALSE,FALSE,4301.18818475459,5127.82119706975,TRUE,TRUE,0.877228574448507,0.122771425551493
"AGCGATGCGCCTAATA-1","doublet_certain","Sst","Astro",FALSE,FALSE,5139.89455378142,5852.55621733299,TRUE,TRUE,0.902169477084524,0.0978305229154757
"AGCGCATAATGAATCG-1","doublet_certain","L6 IT","Astro",FALSE,FALSE,5034.16753171925,5879.37370283126,TRUE,TRUE,0.902139121255019,0.0978608787449807
"AGCGCGGGTGCCAATG-1","doublet_certain","L5 IT","Astro",FALSE,FALSE,3870.65631728375,4367.61691889669,TRUE,TRUE,0.919692597707298,0.0803074022927022
"AGCGGACACTTCGTAG-1","doublet_certain","L5 IT","Astro",FALSE,FALSE,4072.95344623555,4879.77614610287,TRUE,TRUE,0.821034663637949,0.178965336362051
"AGCGGCGGTTAGCGGT-1","doublet_certain","Meis2","Astro",FALSE,FALSE,4826.53682465084,5602.42440066111,TRUE,TRUE,0.872362380700921,0.127637619299079
"AGCGGGTCTGACACTC-1","doublet_certain","L5 IT","Astro",FALSE,FALSE,4963.01511183833,5482.14000991207,TRUE,TRUE,0.945613147639256,0.0543868523607443
"AGCGTGGTATTCTACT-1","doublet_certain","L2-3 IT","Oligo",FALSE,FALSE,3734.22535276743,4147.01599752063,TRUE,TRUE,0.886664448463682,0.113335551536318
"AGCTAAGTACGCAGGC-1","doublet_certain","L2-3 IT","Astro",FALSE,FALSE,5345.38857404784,6308.84301685177,TRUE,TRUE,0.865840579647177,0.134159420352823
"AGCTAGAAGCAGAAGT-1","doublet_certain","L5 IT","Astro",FALSE,FALSE,4351.9590149026,5104.7016606758,TRUE,TRUE,0.887983131249747,0.112016868750253
"AGCTATTTAATCCAAC-1","doublet_certain","L2-3 IT","Astro",FALSE,FALSE,2770.77996441301,3662.09698741315,TRUE,TRUE,0.672434756375976,0.327565243624024
"AGCTCCATATATGTTC-1","doublet_certain","Oligo","Sst",FALSE,FALSE,2646.45808196929,3340.72681357511,TRUE,TRUE,0.430724489471969,0.569275510528031
"AGCTCCTTCGCACATC-1","doublet_certain","L2-3 IT","Oligo",FALSE,FALSE,3736.28835074663,4432.82309043439,TRUE,TRUE,0.786590300873899,0.213409699126101
"AGCTCTAGACGTTCCA-1","doublet_certain","L2-3 IT","Oligo",FALSE,FALSE,4505.58717498696,5438.62292988878,TRUE,TRUE,0.784974276639527,0.215025723360473
"AGCTCTTCCCAGTGCA-1","doublet_certain","L4","Astro",FALSE,FALSE,3643.86959585206,4278.73809873771,TRUE,TRUE,0.863437838225597,0.136562161774404
"AGCTCTTCGTAACCTT-1","doublet_uncertain","Oligo","NP",FALSE,FALSE,1271.39776468181,1327.85786366829,TRUE,TRUE,0.853116923770366,0.146883076229634
"AGCTCTTTACTCAGTT-1","doublet_certain","L5 IT","Astro",FALSE,FALSE,4600.47075260968,5154.43747133488,TRUE,TRUE,0.937154484759237,0.0628455152407634
"AGCTGAAGTAAACCAA-1","doublet_certain","L4","Astro",FALSE,FALSE,4908.51942926981,5901.8701343017,TRUE,TRUE,0.860903323714643,0.139096676285357
"AGCTGTAACCTCAATC-1","doublet_certain","Meis2","Astro",FALSE,FALSE,4887.02363944872,5646.59270773933,TRUE,TRUE,0.877757270454816,0.122242729545184
"AGCTTCTTCTCGAGCA-1","doublet_certain","Sst","Oligo",FALSE,FALSE,4830.44435468966,5620.59529130795,TRUE,TRUE,0.850876760838817,0.149123239161183
"AGCTTGATCTTAACTT-1","doublet_uncertain","Astro","L2-3 IT",FALSE,FALSE,3628.58035361978,6299.68631783021,TRUE,TRUE,0.210457668488399,0.789542331511601
"AGGAAGCTGTCCGCCG-1","doublet_certain","L5 IT","Oligo",FALSE,FALSE,4293.4713584468,5032.85070000609,TRUE,TRUE,0.842924192552901,0.157075807447099
"AGGACAGTCGAATCCC-1","doublet_certain","L2-3 IT","Oligo",FALSE,FALSE,3941.27144496019,4547.28012037861,TRUE,TRUE,0.81872928910136,0.18127071089864
"AGGACGACCCATTAGA-1","doublet_certain","L5 IT","Astro",FALSE,FALSE,4339.2192677156,4856.91092925232,TRUE,TRUE,0.921730844785943,0.0782691552140567
"AGGACGCTCGATGTTG-1","doublet_certain","L5 IT","Astro",FALSE,FALSE,3656.37031722582,4193.69841139003,TRUE,TRUE,0.888050929892092,0.111949070107908
"AGGAGGCCTTCGCGCG-1","doublet_certain","Pvalb","Oligo",FALSE,FALSE,3018.64627976998,3598.09369416743,TRUE,TRUE,0.773783049833478,0.226216950166522
"AGGATAAAGTCGGGAT-1","doublet_certain","L2-3 IT","Oligo",FALSE,FALSE,4770.57672013042,5529.12176344489,TRUE,TRUE,0.849082321506354,0.150917678493646
"AGGATATAGGGATTTA-1","doublet_certain","L2-3 IT","Oligo",FALSE,FALSE,2198.20453864424,2775.66519548763,TRUE,TRUE,0.661999424813275,0.338000575186725
"AGGATATCCGACTGCA-1","doublet_certain","L2-3 IT","Astro",FALSE,FALSE,5655.51104913429,6024.65887708795,TRUE,TRUE,0.969641384717798,0.0303586152822019
"AGGATCACGCGATCTG-1","doublet_certain","Meis2","Astro",FALSE,FALSE,4618.93822157861,5200.36617038804,TRUE,TRUE,0.910263163923272,0.0897368360767281
"AGGCAGATGCGTAAAC-1","doublet_certain","L5 IT","Astro",FALSE,FALSE,4237.58825401604,4964.62107053373,TRUE,TRUE,0.900011506544631,0.0999884934553694
"AGGCAGGGAGCGTACT-1","doublet_certain","L5 IT","Astro",FALSE,FALSE,4406.59790755011,4877.60946745983,TRUE,TRUE,0.947559680666308,0.0524403193336917
"AGGCATTGTCGTAGGG-1","doublet_certain","Oligo","Pvalb",FALSE,FALSE,2483.75400794566,3049.55593010732,TRUE,TRUE,0.465578085536468,0.534421914463532
"AGGCCACCCGTTATGA-1","doublet_certain","L2-3 IT","Astro",FALSE,FALSE,3337.30566575848,3804.82986636864,TRUE,TRUE,0.90342802828095,0.0965719717190504
"AGGCCCTAGAACGCCA-1","doublet_certain","L6 IT","VLMC",FALSE,FALSE,4327.97210822794,5792.02406705341,TRUE,TRUE,0.666494185891406,0.333505814108594
"AGGCCTGAGAATCTCG-1","doublet_certain","Sst","Oligo",FALSE,FALSE,3333.33904388547,4227.54858064847,TRUE,TRUE,0.682940551965682,0.317059448034318
"AGGCGGTTTGTCCCGC-1","doublet_uncertain","Astro","Lamp5",FALSE,FALSE,4366.00703147858,6915.6566284937,TRUE,TRUE,0.271026297583607,0.728973702416393
"AGGCGTCTATGGACGG-1","doublet_certain","L5 IT","Astro",FALSE,FALSE,4837.67404438845,5703.82611220327,TRUE,TRUE,0.893242349892404,0.106757650107596
"AGGCTTCCCGAAGAAG-1","doublet_certain","L2-3 IT","Astro",FALSE,FALSE,4451.48171935685,5228.1542802544,TRUE,TRUE,0.881999544069061,0.118000455930939
"AGGGAAACGAGGTACT-1","doublet_certain","L6 IT","Astro",FALSE,FALSE,2590.65663157751,3178.31816851339,TRUE,TRUE,0.769105832640659,0.230894167359341
"AGGGACCGGCTGCGTT-1","doublet_uncertain","Oligo","L4",FALSE,FALSE,1128.94346956894,1176.28931033575,TRUE,TRUE,0.850936547466677,0.149063452533323
"AGGGACTCTACGCGAC-1","doublet_certain","L5 IT","Astro",FALSE,FALSE,4613.95024354083,5496.58210202384,TRUE,TRUE,0.869404849489128,0.130595150510872
"AGGGAGACATACTTCG-1","doublet_certain","L6 IT","Astro",FALSE,FALSE,5010.99409982719,5717.75187662929,TRUE,TRUE,0.906289625284097,0.0937103747159033
"AGGGCGAGCAGCTGAT-1","doublet_certain","L6 IT","Astro",FALSE,FALSE,4403.51351981051,5431.11957272323,TRUE,TRUE,0.73066126559633,0.26933873440367
"AGGGCTGCAGTTACAG-1","doublet_certain","L6b","Oligo",FALSE,FALSE,4683.39650589152,5699.14509973367,TRUE,TRUE,0.82569370890164,0.17430629109836
"AGGGTCAGTAACCCTA-1","doublet_certain","L4","Astro",FALSE,FALSE,4185.27331177005,4779.45107596157,TRUE,TRUE,0.91727293845596,0.0827270615440401
"AGGGTCGATGCGAACT-1","doublet_certain","L2-3 IT","Astro",FALSE,FALSE,4188.73484736667,4964.58316479809,TRUE,TRUE,0.840142142734466,0.159857857265534
"AGGGTGCTCTCGAGGG-1","doublet_certain","L2-3 IT","Oligo",FALSE,FALSE,3823.40812034288,4943.37706231193,TRUE,TRUE,0.637557360853285,0.362442639146715
"AGGGTTCCCTTTGGTT-1","doublet_certain","L6b","Oligo",FALSE,FALSE,2950.00008224426,3364.68193388045,TRUE,TRUE,0.881386744581214,0.118613255418786
"AGGGTTTAGTTCGGGA-1","doublet_certain","L5 IT","Oligo",FALSE,FALSE,4286.62358425234,4911.91535163747,TRUE,TRUE,0.883617931818084,0.116382068181916
"AGGTAGGTACAAAGCT-1","doublet_certain","L5 IT","Astro",FALSE,FALSE,4879.8256562669,5690.28638027288,TRUE,TRUE,0.89364194059446,0.10635805940554
"AGGTATAATTGATAGT-1","doublet_uncertain","Oligo","L2-3 IT",FALSE,FALSE,952.206814752455,1045.51045177226,TRUE,TRUE,0.726649013421308,0.273350986578692
"AGGTCAGGTGAGAGTG-1","doublet_certain","Sst","Astro",FALSE,FALSE,4761.8223322767,5851.66281173468,TRUE,TRUE,0.748749061299885,0.251250938700115
"AGGTCGCGGAGTTACT-1","doublet_certain","L6b","Astro",FALSE,FALSE,3295.81771005046,3840.14229417304,TRUE,TRUE,0.873602556852915,0.126397443147085
"AGGTGCACGTCCACAT-1","doublet_certain","L6 IT","Astro",FALSE,FALSE,5402.96965647247,6127.29341566573,TRUE,TRUE,0.911997131613775,0.088002868386225
"AGGTGGTGACCTTCGC-1","doublet_certain","L5 IT","Astro",FALSE,FALSE,3273.75785295503,3959.28232418268,TRUE,TRUE,0.81315004739671,0.18684995260329
"AGGTTACACCATGCCG-1","doublet_certain","Pvalb","Oligo",FALSE,FALSE,2715.75962562036,3525.31507233043,TRUE,TRUE,0.606789086855957,0.393210913144043
"AGGTTGAGGCACGCTT-1","doublet_certain","L5 IT","Astro",FALSE,FALSE,3921.8747708502,4454.8181366438,TRUE,TRUE,0.925565948140781,0.0744340518592195
"AGGTTTCACACACCTT-1","doublet_certain","L2-3 IT","Oligo",FALSE,FALSE,4043.47299348228,4677.1340747442,TRUE,TRUE,0.843273023274816,0.156726976725184
"AGTAACTATAGCAGCC-1","doublet_certain","L5 IT","Astro",FALSE,FALSE,5401.68895969151,6209.14907892156,TRUE,TRUE,0.89976093643632,0.10023906356368
"AGTACAGAAGCTTATA-1","doublet_certain","L2-3 IT","Astro",FALSE,FALSE,5418.06494748974,6132.91623655064,TRUE,TRUE,0.915823109306089,0.0841768906939111
"AGTACATCATTTATCA-1","doublet_certain","L6 IT","Astro",FALSE,FALSE,3467.56380356968,4182.72144249338,TRUE,TRUE,0.811110529982878,0.188889470017122
"AGTACGGGCACCTGGC-1","doublet_certain","L5 IT","Astro",FALSE,FALSE,3709.10612610685,4341.5017772321,TRUE,TRUE,0.895095018600838,0.104904981399162
"AGTACTCTTATGCCCA-1","doublet_certain","L2-3 IT","Oligo",FALSE,FALSE,4325.19269079229,5162.635927304,TRUE,TRUE,0.814389034001209,0.185610965998791
"AGTAGGAAGGAAGTTG-1","doublet_certain","L4","Astro",FALSE,FALSE,4528.86294813006,5168.96178844776,TRUE,TRUE,0.90084266473368,0.0991573352663197
"AGTATGCTGGAGACCA-1","doublet_certain","Sst","Astro",FALSE,FALSE,3968.94642062015,5156.01870112186,TRUE,TRUE,0.651511346011676,0.348488653988324
"AGTATTTGGCACGACC-1","doublet_certain","L5 IT","Astro",FALSE,FALSE,3548.3984134757,4182.65041143437,TRUE,TRUE,0.879263333808799,0.120736666191201
"AGTCAACACCACCATC-1","doublet_certain","L6 IT","Astro",FALSE,FALSE,4889.89054541006,5654.55041011342,TRUE,TRUE,0.916897755075966,0.0831022449240342
"AGTCAAGATGACACTT-1","doublet_certain","L2-3 IT","Oligo",FALSE,FALSE,4147.56565343774,4833.87427080024,TRUE,TRUE,0.817383868479963,0.182616131520037
"AGTCACTAGCTCTCGA-1","doublet_certain","Pvalb","Oligo",FALSE,FALSE,2877.91249089917,3655.75703388557,TRUE,TRUE,0.681911517323359,0.318088482676641
"AGTCCATTGGCTGATG-1","doublet_uncertain","Oligo","L2-3 IT",FALSE,FALSE,1730.98930102738,1852.18565584598,TRUE,TRUE,0.823731443926296,0.176268556073704
"AGTCCCGCCTTTAATT-1","doublet_certain","L4","Astro",FALSE,FALSE,4015.02595918316,4609.18080032554,TRUE,TRUE,0.899248172775421,0.100751827224579
"AGTCGACGGTCTCAAG-1","doublet_uncertain","Oligo","L5 PT",FALSE,FALSE,3879.96205344705,5810.60326810246,TRUE,TRUE,0.309016682072889,0.690983317927111
"AGTCGGCCCAAACGAC-1","doublet_certain","L2-3 IT","Astro",FALSE,FALSE,3385.1919297949,4199.97403918547,TRUE,TRUE,0.780720198860232,0.219279801139768
"AGTCGGCTCAACTTTA-1","doublet_certain","Meis2","Astro",FALSE,FALSE,4427.8275882982,5572.67854510172,TRUE,TRUE,0.743808863447496,0.256191136552504
"AGTCGGTTGCGTGAGA-1","doublet_certain","Oligo","Pvalb",FALSE,FALSE,4232.13475587311,5508.77104058593,TRUE,TRUE,0.413354700231765,0.586645299768235
"AGTCGTATAAAGCAGA-1","doublet_certain","L2-3 IT","Astro",FALSE,FALSE,5506.78174579544,6354.71478075355,TRUE,TRUE,0.891628562223039,0.108371437776961
"AGTCGTCGACCACCAA-1","doublet_certain","L2-3 IT","Oligo",FALSE,FALSE,2873.55557803141,3617.13792969155,TRUE,TRUE,0.668932121606072,0.331067878393928
"AGTCGTGGGCATTACG-1","doublet_certain","Meis2","Oligo",FALSE,FALSE,2854.09112705567,3510.15877871338,TRUE,TRUE,0.66325813113155,0.33674186886845
"AGTCTAAAGTATACTC-1","doublet_certain","L6 IT","Astro",FALSE,FALSE,5453.21899634265,5752.8889957805,TRUE,TRUE,0.967520279618896,0.0324797203811045
"AGTCTCACAAGACTAC-1","doublet_certain","L5 IT","Oligo",FALSE,FALSE,2622.32394111767,3245.93587680862,TRUE,TRUE,0.629893666060767,0.370106333939233
"AGTCTTCTCCTCAAAT-1","doublet_certain","L5 IT","Astro",FALSE,FALSE,3925.08038200104,4345.75011327082,TRUE,TRUE,0.936579157397293,0.063420842602707
"AGTCTTTAAAGTGTCC-1","doublet_certain","Sst","Oligo",FALSE,FALSE,4231.59976398285,5400.70938216846,TRUE,TRUE,0.713791059023008,0.286208940976992
"AGTGAACAAACTTCTC-1","doublet_uncertain","Oligo","Sst",FALSE,FALSE,2075.62250098748,2185.95442690123,TRUE,TRUE,0.88726307531097,0.11273692468903
"AGTGACCTACTTTACG-1","doublet_certain","L6 IT","Astro",FALSE,FALSE,4678.51048017768,5291.85755685603,TRUE,TRUE,0.919719641379519,0.0802803586204805
"AGTGAGACTTCCAGTA-1","doublet_certain","L2-3 IT","Oligo",FALSE,FALSE,3629.8450090199,4406.36592281598,TRUE,TRUE,0.754686083142963,0.245313916857037
"AGTGAGCCTCGCCGCC-1","doublet_certain","Oligo","Macrophage",FALSE,FALSE,3764.29335211149,4416.3841596059,TRUE,TRUE,0.804143326526654,0.195856673473346
"AGTGAGTCGAATTAAC-1","doublet_certain","L6 IT","Astro",FALSE,FALSE,6008.77945130452,6730.05754760522,TRUE,TRUE,0.911838983551051,0.088161016448949
"AGTGATAACCTGCGCG-1","doublet_certain","L2-3 IT","Astro",FALSE,FALSE,4782.16964075419,5590.43440660277,TRUE,TRUE,0.844106674336604,0.155893325663396
"AGTGATATGAGTAGTT-1","doublet_certain","L6 IT","Astro",FALSE,FALSE,4702.27136456083,5397.46540540947,TRUE,TRUE,0.91646637084021,0.0835336291597898
"AGTGATTCAAGCAGGA-1","doublet_certain","L2-3 IT","Oligo",FALSE,FALSE,4511.32066514723,5376.73602668584,TRUE,TRUE,0.802975533828836,0.197024466171164
"AGTGCACGCTTAAGAA-1","doublet_certain","Pvalb","Oligo",FALSE,FALSE,3811.38634306878,4791.9684110068,TRUE,TRUE,0.652842261836418,0.347157738163582
"AGTGCGTAGCTCGTAA-1","doublet_certain","L5 IT","Astro",FALSE,FALSE,4323.95713936241,4938.09380732257,TRUE,TRUE,0.921986500398954,0.0780134996010456
"AGTGCTAAACACAGCA-1","doublet_certain","L2-3 IT","Oligo",FALSE,FALSE,5064.76409528224,6245.05339836182,TRUE,TRUE,0.763295691061892,0.236704308938108
"AGTGCTTGCACGAATA-1","doublet_certain","L2-3 IT","Oligo",FALSE,FALSE,3604.80400049073,4312.77733486806,TRUE,TRUE,0.796050083988664,0.203949916011336
"AGTGGCCCGCAAATGG-1","doublet_certain","L5 IT","Astro",FALSE,FALSE,4767.49034285172,5844.0943515674,TRUE,TRUE,0.814440010608933,0.185559989391067
"AGTGGCGGCAATTTGA-1","doublet_certain","L5 IT","Astro",FALSE,FALSE,3805.5688021342,4488.36953478322,TRUE,TRUE,0.866207178394438,0.133792821605562
"AGTGGCGTCTGAAGGT-1","doublet_certain","L6 IT","Oligo",FALSE,FALSE,4587.93329751761,5430.2823187531,TRUE,TRUE,0.794263628210537,0.205736371789463
"AGTGGCTCCGTCGGCC-1","doublet_certain","L5 IT","Astro",FALSE,FALSE,3420.51841574303,4373.83698415988,TRUE,TRUE,0.731448234842537,0.268551765157463
"AGTGGTGTTACCCGTG-1","doublet_certain","Meis2","Astro",FALSE,FALSE,4495.85522905894,5442.87702038576,TRUE,TRUE,0.81534408698479,0.18465591301521
"AGTGTATTGCGCATTG-1","doublet_uncertain","Astro","L5 IT",FALSE,FALSE,4004.63313957637,8221.41282715561,TRUE,TRUE,0.114006661613769,0.885993338386231
"AGTTAAACACTTGCGA-1","doublet_certain","L5 IT","Astro",FALSE,FALSE,5274.74949886216,6177.28692586185,TRUE,TRUE,0.888826874834537,0.111173125165463
"AGTTAAGCGGTCCCGG-1","doublet_certain","L2-3 IT","Astro",FALSE,FALSE,2986.02075834451,3424.04566636638,TRUE,TRUE,0.891058603940459,0.108941396059541
"AGTTAAGTCAACCGCT-1","doublet_certain","Meis2","Oligo",FALSE,FALSE,4557.72226215548,5296.11262255062,TRUE,TRUE,0.872494491614142,0.127505508385858
"AGTTACTCTATCGTGG-1","doublet_certain","L2-3 IT","Astro",FALSE,FALSE,3131.30942179702,3580.33671579377,TRUE,TRUE,0.901708993435055,0.0982910065649447
"AGTTCCTACAGAATTA-1","doublet_certain","L5 IT","Astro",FALSE,FALSE,4230.84403846345,4778.48718797929,TRUE,TRUE,0.91802997963922,0.0819700203607797
"AGTTCCTATTTATGTT-1","doublet_certain","L2-3 IT","Oligo",FALSE,FALSE,4164.75480492234,4734.69568516067,TRUE,TRUE,0.875925801913152,0.124074198086848
"AGTTGACGGTCCTTGC-1","doublet_certain","L5 IT","Astro",FALSE,FALSE,4583.09299042759,5129.29287804971,TRUE,TRUE,0.933996834211298,0.0660031657887015
"AGTTGGCAAGGCTAGA-1","doublet_certain","Sst","L6 IT",FALSE,FALSE,4526.67520614723,4888.09443972948,TRUE,TRUE,0.641538179705292,0.358461820294708
"AGTTTGCACCTGCCTC-1","doublet_uncertain","L2-3 IT","Astro",FALSE,FALSE,3842.8775411996,4257.93000124643,TRUE,TRUE,0.896223395387355,0.103776604612645
"AGTTTGGCACGGGTTG-1","doublet_certain","Oligo","Pvalb",FALSE,FALSE,2549.18225984688,3017.23586319463,TRUE,TRUE,0.592995072912348,0.407004927087652
"AGTTTGGCCAGACCTA-1","doublet_certain","L2-3 IT","Astro",FALSE,FALSE,4246.97607792915,5088.830066154,TRUE,TRUE,0.824462406662329,0.175537593337671
"ATAAACGGACCCGTAA-1","doublet_certain","L2-3 IT","Astro",FALSE,FALSE,5065.6106645594,5749.80873587895,TRUE,TRUE,0.889357983379059,0.110642016620941
"ATAAACGTTGCACCAC-1","doublet_certain","Oligo","Pvalb",FALSE,FALSE,2797.75303151937,3540.59629945491,TRUE,TRUE,0.436487298261198,0.563512701738802
"ATAAAGGCTCGGTCGT-1","doublet_certain","L5 IT","Oligo",FALSE,FALSE,4900.82260763172,5673.78690414015,TRUE,TRUE,0.887024350359082,0.112975649640918
"ATAAATATTAGCAGCT-1","doublet_certain","L2-3 IT","Astro",FALSE,FALSE,4580.42007763074,5624.05211351388,TRUE,TRUE,0.849714906195736,0.150285093804264
"ATAACGCCGGAGGGTC-1","doublet_uncertain","L2-3 IT","Astro",FALSE,FALSE,4595.50236586656,5215.52331983882,TRUE,TRUE,0.889189715741905,0.110810284258095
"ATAACGGAGTCCAACG-1","doublet_certain","L5 IT","Astro",FALSE,FALSE,4449.6190005234,5110.37913473724,TRUE,TRUE,0.908440487072857,0.0915595129271433
"ATAACGTTACCTCCAC-1","doublet_certain","L5 IT","VLMC",FALSE,FALSE,3888.40370640077,5340.43761406371,TRUE,TRUE,0.685421911959727,0.314578088040273
"ATAAGGTGGAGAACAT-1","doublet_certain","L2-3 IT","Oligo",FALSE,FALSE,4432.79751982353,5468.38295130161,TRUE,TRUE,0.768026242432109,0.231973757567891
"ATAAGTAGGATTCAGA-1","doublet_certain","Oligo","L6 IT",FALSE,FALSE,1459.00646402924,1720.59057996644,TRUE,TRUE,0.560981895462933,0.439018104537067
"ATAAGTAGGGCGACTC-1","doublet_uncertain","Oligo","L6 CT",FALSE,FALSE,525.400254017037,559.791884414744,TRUE,TRUE,0.750323322216299,0.249676677783701
"ATAAGTTACCGCGACG-1","doublet_uncertain","Astro","L5 IT",FALSE,FALSE,4310.70286669767,9143.33838406113,TRUE,TRUE,0.0807232561915226,0.919276743808477
"ATAATAGCTGTTGAAT-1","doublet_certain","L2-3 IT","Astro",FALSE,FALSE,4340.27389853237,4941.71811667586,TRUE,TRUE,0.89378288785949,0.10621711214051
"ATAATCTTGGAGAACC-1","doublet_certain","L2-3 IT","Oligo",FALSE,FALSE,4833.89586894728,5723.08711298905,TRUE,TRUE,0.790237786022396,0.209762213977604
"ATAATTAGCTAAGTAG-1","doublet_certain","L5 IT","Astro",FALSE,FALSE,4847.81882432491,5886.63514980806,TRUE,TRUE,0.859613949956753,0.140386050043247
"ATACAGGCCCTCCAAT-1","doublet_certain","L2-3 IT","Astro",FALSE,FALSE,3746.31736800067,4353.99458732233,TRUE,TRUE,0.8766842108254,0.1233157891746
"ATACCACGGGCAACTT-1","doublet_certain","L2-3 IT","Astro",FALSE,FALSE,3974.87274777321,4943.24656192132,TRUE,TRUE,0.826661057326907,0.173338942673093
"ATACCGTCATCCATAA-1","doublet_certain","L4","Astro",FALSE,FALSE,4637.44042172797,5304.71280297967,TRUE,TRUE,0.917194533749923,0.0828054662500772
"ATACCTAACCAAGAAA-1","doublet_certain","L6 IT","Astro",FALSE,FALSE,4874.71969444906,5648.8129394739,TRUE,TRUE,0.886506809374917,0.113493190625083
"ATACGCCGGCGAAACC-1","doublet_certain","L2-3 IT","Oligo",FALSE,FALSE,4414.98310851504,5257.99102623008,TRUE,TRUE,0.788555227268654,0.211444772731346
"ATACGGAACGTCGTTT-1","doublet_certain","L5 IT","Astro",FALSE,FALSE,5048.06062805783,5720.85454516805,TRUE,TRUE,0.893280793566441,0.106719206433559
"ATACGGGTTTCGATTG-1","doublet_certain","L5 IT","Astro",FALSE,FALSE,4284.00217032259,5042.66300585508,TRUE,TRUE,0.880587045585788,0.119412954414212
"ATACGTACTTAGCCAC-1","doublet_certain","L2-3 IT","Astro",FALSE,FALSE,3993.67898790603,4557.44999428708,TRUE,TRUE,0.889950600249555,0.110049399750445
"ATACGTCCACTCCTGT-1","doublet_certain","Oligo","L2-3 IT",FALSE,FALSE,3172.48191032717,4185.78200193142,TRUE,TRUE,0.518178961019866,0.481821038980134
"ATACGTTATGCACGGA-1","doublet_certain","L5 IT","Astro",FALSE,FALSE,4480.78107209137,5296.30379273801,TRUE,TRUE,0.87665728658931,0.12334271341069
"ATACTACCCGTACCAC-1","doublet_certain","Sst","Oligo",FALSE,FALSE,3550.28753778979,4559.20386440375,TRUE,TRUE,0.67666640191168,0.323333598088319
"ATACTAGCATGACCCT-1","doublet_certain","L2-3 IT","Astro",FALSE,FALSE,3779.46928606894,4213.42924475447,TRUE,TRUE,0.935880978075005,0.0641190219249955
"ATACTGCCTTACACCG-1","doublet_certain","L2-3 IT","Oligo",FALSE,FALSE,4032.09828617682,4707.63935093053,TRUE,TRUE,0.795633917786487,0.204366082213514
"ATAGACAACGGGACCT-1","doublet_certain","L6 CT","Astro",FALSE,FALSE,3439.51889609907,3940.35964947502,TRUE,TRUE,0.902217632653773,0.0977823673462266
"ATAGACGAAGAGAAAG-1","doublet_certain","L5 IT","Astro",FALSE,FALSE,4972.8506878215,5840.68421737288,TRUE,TRUE,0.889006815644641,0.110993184355358
"ATAGAGTACTGGGACA-1","doublet_certain","L2-3 IT","Astro",FALSE,FALSE,3700.67053169022,4232.66561194829,TRUE,TRUE,0.905339866181147,0.0946601338188525
"ATAGAGTTATCAACTT-1","doublet_certain","L6 IT","Oligo",FALSE,FALSE,3145.47359030208,3484.96325311906,TRUE,TRUE,0.906023237340246,0.0939767626597538
"ATAGCAACTAGGGAAG-1","doublet_certain","Sst","Astro",FALSE,FALSE,5089.60940188075,5761.50566884258,TRUE,TRUE,0.906186121250003,0.093813878749997
"ATAGCCATAACAGTCA-1","doublet_certain","L2-3 IT","Astro",FALSE,FALSE,5648.59803087121,6405.80252246733,TRUE,TRUE,0.923846014883204,0.0761539851167957
"ATAGGCGGCTATAGAA-1","doublet_certain","L5 IT","Astro",FALSE,FALSE,4527.30898861703,5212.03906092432,TRUE,TRUE,0.905844823807349,0.0941551761926511
"ATAGGCTAGCTTCGCA-1","doublet_certain","L5 IT","Oligo",FALSE,FALSE,3671.06362072369,4061.6384104108,TRUE,TRUE,0.912698882096689,0.0873011179033105
"ATAGGGATATCCTTGA-1","doublet_certain","L5 IT","Astro",FALSE,FALSE,4039.63020599958,4705.7072236056,TRUE,TRUE,0.890782888504742,0.109217111495258
"ATAGGTTGGGCAGATG-1","doublet_certain","L5 IT","Astro",FALSE,FALSE,4255.74074661759,4872.28777203262,TRUE,TRUE,0.918729087644524,0.0812709123554757
"ATAGTGAAGCGTTCTC-1","doublet_certain","L6 IT","Oligo",FALSE,FALSE,3203.40609667888,4172.55593187174,TRUE,TRUE,0.658304239047315,0.341695760952685
"ATAGTTCCACCCACTC-1","doublet_certain","L6 IT","Oligo",FALSE,FALSE,4017.74595930103,4937.53327859317,TRUE,TRUE,0.706776078339653,0.293223921660347
"ATATAAAGCGCTCGTG-1","doublet_certain","L2-3 IT","Astro",FALSE,FALSE,4600.81757467657,5236.24775695619,TRUE,TRUE,0.887510091456975,0.112489908543025
"ATATAAATGTAGCTGC-1","doublet_certain","L2-3 IT","Oligo",FALSE,FALSE,4821.40384953877,5565.14263318112,TRUE,TRUE,0.834425015902152,0.165574984097848
"ATATAACACGGGCGCA-1","doublet_certain","Sst","Astro",FALSE,FALSE,6007.88511727513,7113.92931267981,TRUE,TRUE,0.848295331083553,0.151704668916447
"ATATACATGTATGGTA-1","doublet_certain","Meis2","Astro",FALSE,FALSE,5188.51632323231,6350.83064321594,TRUE,TRUE,0.806832865803663,0.193167134196337
"ATATACGCTCGTGACG-1","doublet_certain","Sst","Astro",FALSE,FALSE,5267.26648448175,5831.03764491891,TRUE,TRUE,0.926709123612813,0.0732908763871866
"ATATAGAGTATTGGTC-1","doublet_uncertain","Astro","L6 IT",FALSE,FALSE,4305.24389098926,5773.04395905862,TRUE,TRUE,0.453852951324611,0.546147048675389
"ATATCAACCTACAGAG-1","doublet_certain","Oligo","VLMC",FALSE,FALSE,3964.91310929026,4605.06147450407,TRUE,TRUE,0.716399434072028,0.283600565927972
"ATATCAATTCCAGCCT-1","doublet_certain","Meis2","Astro",FALSE,FALSE,2770.44196757452,3156.97407677579,TRUE,TRUE,0.836485597261169,0.163514402738831
"ATATCGGTAGGGAGAT-1","doublet_certain","Oligo","L6 IT",FALSE,FALSE,867.160729709855,928.119758390134,TRUE,TRUE,0.79327942800842,0.20672057199158
"ATATCGTTCCTCGAAC-1","doublet_uncertain","Oligo","L2-3 IT",FALSE,FALSE,3284.34690603994,4526.16427535021,TRUE,TRUE,0.467574549155201,0.532425450844799
"ATATCTCCCTCGTTAA-1","doublet_certain","L4","Astro",FALSE,FALSE,4178.70278265729,4866.46020760113,TRUE,TRUE,0.877995143219962,0.122004856780038
"ATATCTTAGGGCCTTC-1","doublet_certain","L6 IT","Oligo",FALSE,FALSE,4620.58950034618,5665.89273181055,TRUE,TRUE,0.801466323351919,0.198533676648081
"ATATGTCTCCCTAGCC-1","doublet_certain","L2-3 IT","Oligo",FALSE,FALSE,3507.81354268474,4275.12645146732,TRUE,TRUE,0.750029109021373,0.249970890978627
"ATATTCAGTTAAACCT-1","doublet_certain","L5 IT","Astro",FALSE,FALSE,4865.99031951872,5780.36823409427,TRUE,TRUE,0.881671386145968,0.118328613854032
"ATATTCCACATAGTGA-1","doublet_certain","L2-3 IT","Oligo",FALSE,FALSE,3663.49329120683,4214.34104689159,TRUE,TRUE,0.832998745792285,0.167001254207715
"ATATTTAACCCTCAAG-1","doublet_certain","L5 IT","Oligo",FALSE,FALSE,4309.73659341086,4966.38939015768,TRUE,TRUE,0.88391134852225,0.11608865147775
"ATCAAACACTGTTCCA-1","doublet_certain","Pvalb","Oligo",FALSE,FALSE,2050.56101623764,2515.42954679159,TRUE,TRUE,0.700713195619437,0.299286804380563
"ATCAAACGAAGGTTTG-1","doublet_certain","L6 IT","Astro",FALSE,FALSE,4064.38664777388,5121.29157810561,TRUE,TRUE,0.771225587858564,0.228774412141436
"ATCAATCTGGGCTGCA-1","doublet_certain","L6 CT","Oligo",FALSE,FALSE,4261.18008908253,4773.69758885755,TRUE,TRUE,0.908381692160511,0.0916183078394888
"ATCAATGCCGTGGCTG-1","doublet_certain","Sst","Astro",FALSE,FALSE,3759.4840407586,4759.51305132477,TRUE,TRUE,0.688639618442892,0.311360381557108
"ATCACATTAGAATATC-1","doublet_certain","L4","Astro",FALSE,FALSE,4497.09696788863,5495.64162104487,TRUE,TRUE,0.846427447335426,0.153572552664574
"ATCACGTGCTAATTAA-1","doublet_certain","L5 IT","Astro",FALSE,FALSE,4616.72434653373,5180.08949314252,TRUE,TRUE,0.933328285072617,0.0666717149273826
"ATCACTTCATCCTCGC-1","doublet_certain","L2-3 IT","Astro",FALSE,FALSE,3358.54707958764,3885.84708009649,TRUE,TRUE,0.89625692675596,0.10374307324404
"ATCAGACGGCACGCCG-1","doublet_certain","L5 IT","Astro",FALSE,FALSE,4754.88772559085,5446.34222333476,TRUE,TRUE,0.907111353786687,0.0928886462133128
"ATCAGCCTCATGCTGC-1","doublet_certain","L2-3 IT","Oligo",FALSE,FALSE,4571.45591192688,5392.22118158765,TRUE,TRUE,0.804806292113344,0.195193707886656
"ATCAGCTCGTCCACTA-1","doublet_certain","Meis2","Astro",FALSE,FALSE,4280.11901973195,5149.1618117861,TRUE,TRUE,0.80670351248491,0.19329648751509
"ATCAGTAGGCAGGGAT-1","doublet_certain","L5 IT","Astro",FALSE,FALSE,4412.0579288101,4977.61905131972,TRUE,TRUE,0.92175792354891,0.0782420764510899
"ATCATAGCCCTATGTA-1","doublet_certain","Sst","Astro",FALSE,FALSE,5323.69567183231,6103.56532916497,TRUE,TRUE,0.896047988984353,0.103952011015647
"ATCATCCAATATTTGT-1","doublet_certain","Oligo","L5 IT",FALSE,FALSE,2708.71067118908,3698.51833459294,TRUE,TRUE,0.513787469099377,0.486212530900623
"ATCATTGTACCGCATT-1","doublet_uncertain","Astro","Meis2",FALSE,FALSE,4128.60282898957,5626.3862826935,TRUE,TRUE,0.378993428704124,0.621006571295876
"ATCCAACGCAGTCATA-1","doublet_certain","L2-3 IT","Astro",FALSE,FALSE,2426.07098966877,3214.53666398606,TRUE,TRUE,0.671865535448153,0.328134464551847
"ATCCAATGGAGGGTCC-1","doublet_certain","L2-3 IT","Astro",FALSE,FALSE,4443.10026251145,5238.70093280026,TRUE,TRUE,0.885475164997866,0.114524835002134
"ATCCACATCGACAGAA-1","doublet_certain","L6 IT","Astro",FALSE,FALSE,4331.79366200372,4979.47337864391,TRUE,TRUE,0.880395101593221,0.119604898406779
"ATCCAGAGCAACAACC-1","doublet_certain","L5 IT","Astro",FALSE,FALSE,4545.58058795149,5504.5221173342,TRUE,TRUE,0.877084618962653,0.122915381037347
"ATCCAGGATTCGTGAA-1","doublet_certain","L5 IT","Astro",FALSE,FALSE,4566.66218506718,5186.92288372558,TRUE,TRUE,0.918268579151829,0.0817314208481715
"ATCCCATCCACAGCGC-1","doublet_certain","Vip","Astro",FALSE,FALSE,4079.98962373743,5088.11104707768,TRUE,TRUE,0.615878608635575,0.384121391364425
"ATCCTACCTAAGCTCT-1","doublet_certain","L5 IT","Astro",FALSE,FALSE,4374.76929752421,4935.77444553491,TRUE,TRUE,0.919995860930333,0.0800041390696675
"ATCCTGAATCGCTGCG-1","doublet_certain","L2-3 IT","Astro",FALSE,FALSE,3891.58107912936,4582.62473320865,TRUE,TRUE,0.85852331614875,0.14147668385125
"ATCCTGCGTGGAATGG-1","doublet_certain","L6 IT","Astro",FALSE,FALSE,4514.95201293977,5270.28725881855,TRUE,TRUE,0.892687529028546,0.107312470971454
"ATCGACCCAATACAGA-1","doublet_certain","L2-3 IT","Oligo",FALSE,FALSE,4546.32618306071,5190.14874965663,TRUE,TRUE,0.849763406525213,0.150236593474787
"ATCGACTCTTTCCGTT-1","doublet_certain","L4","Astro",FALSE,FALSE,3673.17784704876,4180.79056108883,TRUE,TRUE,0.903086460497274,0.0969135395027262
"ATCGCACGCCGGGAGA-1","doublet_certain","L5 IT","Astro",FALSE,FALSE,4445.58188613886,5135.55424464924,TRUE,TRUE,0.893783690439604,0.106216309560396
"ATCGCCAGTCAACATT-1","doublet_certain","Oligo","Pvalb",FALSE,FALSE,1664.66014385986,1982.44000484741,TRUE,TRUE,0.532676798836983,0.467323201163017
"ATCGCTGCGTGCAGCA-1","doublet_certain","L6 CT","Astro",FALSE,FALSE,3813.11043023165,4389.87422179558,TRUE,TRUE,0.912216860733971,0.0877831392660287
"ATCGGAGACAGACGGC-1","doublet_certain","L2-3 IT","Oligo",FALSE,FALSE,4268.08755341017,4980.43104463076,TRUE,TRUE,0.817486885058597,0.182513114941403
"ATCGGCAAGCAGTCCA-1","doublet_certain","L5 IT","Astro",FALSE,FALSE,3984.2155772788,4514.72334186852,TRUE,TRUE,0.91763311416129,0.0823668858387099
"ATCGTTAGCTAGCGGA-1","doublet_certain","Pvalb","Oligo",FALSE,FALSE,4555.85934855965,5711.84591748968,TRUE,TRUE,0.634223720119268,0.365776279880732
"ATCTAATATCCTACGG-1","doublet_certain","L2-3 IT","Astro",FALSE,FALSE,4356.33670181434,4908.94876408601,TRUE,TRUE,0.89863122142438,0.10136877857562
"ATCTACCATCTGCTCC-1","doublet_certain","L5 IT","Astro",FALSE,FALSE,5030.70972300157,5950.98431705381,TRUE,TRUE,0.871794716274973,0.128205283725027
"ATCTAGCTTGTGAGGG-1","doublet_certain","L2-3 IT","Astro",FALSE,FALSE,4506.44004185408,4954.55451185319,TRUE,TRUE,0.929707038540814,0.0702929614591856
"ATCTCCCACGGAATAT-1","doublet_certain","Sst","Oligo",FALSE,FALSE,4560.27936828176,5432.97261521126,TRUE,TRUE,0.820969579944042,0.179030420055958
"ATCTCCCTGCAATCTA-1","doublet_certain","L2-3 IT","Astro",FALSE,FALSE,2833.83850709176,3700.95702628361,TRUE,TRUE,0.621892605979156,0.378107394020844
"ATCTGCACCTCTGCGA-1","doublet_uncertain","Oligo","L5 IT",FALSE,FALSE,1838.83004881402,2062.72504776652,TRUE,TRUE,0.711173796974643,0.288826203025357
"ATCTGCTGTTATCGCC-1","doublet_certain","Oligo","L5 IT",FALSE,FALSE,4053.972801326,4927.72774382987,TRUE,TRUE,0.608248045292904,0.391751954707096
"ATCTGGGCTGTTCTTG-1","doublet_certain","L2-3 IT","Astro",FALSE,FALSE,3908.68592203405,4467.80787680634,TRUE,TRUE,0.881476315679246,0.118523684320754
"ATCTGGTTAAGACTGT-1","doublet_certain","L5 IT","Astro",FALSE,FALSE,4147.69860468014,4547.34657165041,TRUE,TRUE,0.95158237786318,0.0484176221368196
"ATCTTATCGCACACCC-1","doublet_certain","Sst","Astro",FALSE,FALSE,5045.79936185346,5684.46854670438,TRUE,TRUE,0.902861742157967,0.0971382578420335
"ATCTTGACCTGCAACG-1","doublet_certain","L2-3 IT","Astro",FALSE,FALSE,3962.75289199139,4630.01621782441,TRUE,TRUE,0.892632123520951,0.10736787647905
"ATCTTGACTTGTCCAA-1","doublet_uncertain","Oligo","L6 IT",FALSE,FALSE,2730.60590406548,3923.75455809729,TRUE,TRUE,0.263243404817608,0.736756595182392
"ATGAAGCCAAGGAGCC-1","doublet_certain","L2-3 IT","Astro",FALSE,FALSE,3114.91841132456,4076.20883476489,TRUE,TRUE,0.699601091566644,0.300398908433356
"ATGACGCGTTCTATCC-1","doublet_certain","L6 IT","Astro",FALSE,FALSE,3738.36183992217,4849.67950383262,TRUE,TRUE,0.685927175635383,0.314072824364617
"ATGACTATGCGACATT-1","doublet_certain","L2-3 IT","Oligo",FALSE,FALSE,3394.69020946743,4030.42701670556,TRUE,TRUE,0.767209031203416,0.232790968796584
"ATGAGGAGTGTTAATC-1","doublet_certain","L2-3 IT","Astro",FALSE,FALSE,2345.22917286227,3014.59365958648,TRUE,TRUE,0.71390051060976,0.28609948939024
"ATGATGCAATGGTACA-1","doublet_certain","L6 IT","Oligo",FALSE,FALSE,4965.45209996969,5700.85409999343,TRUE,TRUE,0.884691638109112,0.115308361890888
"ATGCACGCGCTGTTCA-1","doublet_certain","Vip","Astro",FALSE,FALSE,4797.71009424768,5562.98345829327,TRUE,TRUE,0.812801063913417,0.187198936086583
"ATGCACTACCGCATTG-1","doublet_certain","L2-3 IT","Astro",FALSE,FALSE,3718.59945293052,4180.10302378177,TRUE,TRUE,0.916780575758533,0.0832194242414674
"ATGCATGATCCAGGAT-1","doublet_certain","L5 IT","Astro",FALSE,FALSE,4352.60984733226,5206.04380433298,TRUE,TRUE,0.86427464375704,0.13572535624296
"ATGCCAATCGCTCTGC-1","doublet_certain","L4","Astro",FALSE,FALSE,4273.44016236982,4861.19046965498,TRUE,TRUE,0.907165606124022,0.0928343938759785
"ATGCCATTTGCGACCA-1","doublet_certain","L2-3 IT","Oligo",FALSE,FALSE,2979.32134980515,3710.58830069565,TRUE,TRUE,0.699455835639259,0.300544164360741
"ATGCCGGTCTTGCATA-1","doublet_certain","L6 IT","Oligo",FALSE,FALSE,3939.45582450636,4562.26356754284,TRUE,TRUE,0.869623432765486,0.130376567234514
"ATGCCGGTTGATGGGA-1","doublet_certain","L2-3 IT","Astro",FALSE,FALSE,4342.90068136938,4954.87685027149,TRUE,TRUE,0.908986085109739,0.0910139148902612
"ATGCGACAATTGGTCC-1","doublet_certain","L2-3 IT","Astro",FALSE,FALSE,4115.26072486593,4743.40068873305,TRUE,TRUE,0.91166464036599,0.0883353596340102
"ATGCGACAGTCCCATT-1","doublet_uncertain","Oligo","L6 IT",FALSE,FALSE,3170.92287553688,3687.19048884702,TRUE,TRUE,0.730363445032039,0.269636554967961
"ATGCGAGTCCCACCAC-1","doublet_certain","Sst","Oligo",FALSE,FALSE,3542.19414358671,4724.23536402962,TRUE,TRUE,0.605517789490868,0.394482210509132
"ATGCTCTGGCGCGGTA-1","doublet_certain","L2-3 IT","Oligo",FALSE,FALSE,4142.60955035109,4852.89147374578,TRUE,TRUE,0.820403944411757,0.179596055588243
"ATGCTTAGGAGTTGAT-1","doublet_certain","Oligo","Macrophage",FALSE,FALSE,771.783179973456,813.662828993694,TRUE,TRUE,0.937802366004814,0.0621976339951864
"ATGGAAATTTAAGGAG-1","doublet_certain","Meis2","Astro",FALSE,FALSE,5455.59703919901,6237.44335370669,TRUE,TRUE,0.888776869101886,0.111223130898114
"ATGGAGCAGGCCGTGA-1","doublet_certain","Oligo","L5 IT",FALSE,FALSE,3702.63974551419,4519.76914075941,TRUE,TRUE,0.64036748527247,0.35963251472753
"ATGGATCCGGCGTCCG-1","doublet_certain","L2-3 IT","Astro",FALSE,FALSE,3889.06006937674,4343.04279851072,TRUE,TRUE,0.923957425189268,0.0760425748107316
"ATGGATTGACCAAACG-1","doublet_certain","L5 IT","Oligo",FALSE,FALSE,4842.73849343789,5585.56295010659,TRUE,TRUE,0.886657561460171,0.113342438539829
"ATGGCAGCATTACGAT-1","doublet_certain","VLMC","L6 IT",FALSE,FALSE,3244.82602642826,4451.7521842659,TRUE,TRUE,0.536938731091295,0.463061268908705
"ATGGGCCTCGGCCTCT-1","doublet_certain","L2-3 IT","Oligo",FALSE,FALSE,3899.68240927322,4554.0575948885,TRUE,TRUE,0.775181052655738,0.224818947344262
"ATGGTCGCGTGGTTTC-1","doublet_certain","L2-3 IT","Oligo",FALSE,FALSE,3578.18575820084,4230.8276282215,TRUE,TRUE,0.79647243332915,0.20352756667085
"ATGTAAGGCTGCTCTT-1","doublet_certain","L6 IT","Oligo",FALSE,FALSE,5019.35387842848,5511.59678434583,TRUE,TRUE,0.935086655208389,0.0649133447916108
"ATGTACATGCGGTGAG-1","doublet_certain","Sst","Oligo",FALSE,FALSE,5392.76402540136,6042.33139597104,TRUE,TRUE,0.906222775705446,0.0937772242945539
"ATGTACGATGACGTCG-1","doublet_certain","L5 IT","Astro",FALSE,FALSE,5137.3708454689,5766.87137916919,TRUE,TRUE,0.941370811413677,0.0586291885863233
"ATGTAGCGCGCGTAGG-1","doublet_certain","L2-3 IT","Astro",FALSE,FALSE,4672.39231208551,5784.00092338344,TRUE,TRUE,0.771686561865075,0.228313438134925
"ATGTGAAAGCCTAATG-1","doublet_certain","Meis2","Astro",FALSE,FALSE,4502.60864527019,5722.54267394096,TRUE,TRUE,0.712899811186431,0.28710018881357
"ATGTGCATCCGACGCA-1","doublet_certain","L2-3 IT","Astro",FALSE,FALSE,4357.51508328879,4977.10676245234,TRUE,TRUE,0.890745029783926,0.109254970216074
"ATGTGGACATCTTGAT-1","doublet_certain","L2-3 IT","Oligo",FALSE,FALSE,4522.08791434056,5310.92460516507,TRUE,TRUE,0.814155747518882,0.185844252481118
"ATGTTGATTAGAGACT-1","doublet_certain","L5 IT","Oligo",FALSE,FALSE,5087.78117163762,6018.08227847946,TRUE,TRUE,0.822690082105825,0.177309917894175
"ATTAAACATGCGGACC-1","doublet_certain","L6 IT","Oligo",FALSE,FALSE,4848.10446660778,5620.89786080148,TRUE,TRUE,0.853759775231645,0.146240224768355
"ATTAATACTACGCGGG-1","doublet_certain","L5 IT","Astro",FALSE,FALSE,3874.38499904828,4450.52193712951,TRUE,TRUE,0.911773997657345,0.0882260023426547
"ATTAATGAACCAGTCG-1","doublet_certain","L5 IT","Astro",FALSE,FALSE,4625.15527632258,5260.31872444877,TRUE,TRUE,0.924686308121613,0.0753136918783866
"ATTACATGTCAGTCTT-1","doublet_uncertain","Oligo","Sst",FALSE,FALSE,1677.03919483526,1782.62021172189,TRUE,TRUE,0.813404227032673,0.186595772967327
"ATTACGCGCTGGCAGG-1","doublet_certain","L5 IT","Astro",FALSE,FALSE,4308.07931980999,5069.63039601549,TRUE,TRUE,0.881556180823097,0.118443819176903
"ATTACTTACTGGGCAT-1","doublet_certain","L5 IT","Astro",FALSE,FALSE,3651.47796740378,4175.09005957561,TRUE,TRUE,0.904918386322265,0.0950816136777349
"ATTAGATTCCTCAGCA-1","doublet_certain","L6 CT","Oligo",FALSE,FALSE,3274.48260037783,3764.28841582822,TRUE,TRUE,0.860541290059796,0.139458709940204
"ATTAGGCGATGCTTTC-1","doublet_certain","L2-3 IT","Oligo",FALSE,FALSE,3849.81961237437,4547.21674489015,TRUE,TRUE,0.790330005694564,0.209669994305436
"ATTATACTTTGCTCGT-1","doublet_certain","L2-3 IT","Astro",FALSE,FALSE,3683.9584928751,4200.87176167634,TRUE,TRUE,0.903641338939224,0.0963586610607756
"ATTATAGCTACTTTAC-1","doublet_certain","L6 IT","Oligo",FALSE,FALSE,3820.19099018778,4281.89712552196,TRUE,TRUE,0.908544547560793,0.0914554524392068
"ATTATGCCATAGGGAG-1","doublet_certain","L2-3 IT","Astro",FALSE,FALSE,3323.76747056307,3942.74601964403,TRUE,TRUE,0.890120873076166,0.109879126923834
"ATTATTATGTCCGTCA-1","doublet_certain","Oligo","L6 IT",FALSE,FALSE,2035.82974758651,2331.94936792685,TRUE,TRUE,0.682014159717667,0.317985840282333
"ATTATTCAGAGTCACT-1","doublet_certain","Sst","Astro",FALSE,FALSE,5356.61444720327,5899.01600679898,TRUE,TRUE,0.925621795314005,0.0743782046859949
"ATTCAACCATTTAAGG-1","doublet_certain","Oligo","Pvalb",FALSE,FALSE,3252.68517053581,4183.77114552988,TRUE,TRUE,0.456163254865579,0.543836745134421
"ATTCACTGATGTTGGA-1","doublet_certain","L2-3 IT","Astro",FALSE,FALSE,4076.1769562396,4668.91260856798,TRUE,TRUE,0.887089579961105,0.112910420038895
"ATTCAGGACCTATTTC-1","doublet_certain","L5 PT","Oligo",FALSE,FALSE,4092.26475713925,4921.41717334379,TRUE,TRUE,0.829160912820891,0.170839087179109
"ATTCATATACTGTCCA-1","doublet_certain","L2-3 IT","Oligo",FALSE,FALSE,4068.80937684259,4646.63870600679,TRUE,TRUE,0.856550750252907,0.143449249747093
"ATTCATCGTTGAGGCA-1","doublet_certain","L2-3 IT","Oligo",FALSE,FALSE,3813.0640883239,4918.98290294118,TRUE,TRUE,0.647361637898967,0.352638362101033
"ATTCCCGAAGGTACAG-1","doublet_certain","Meis2","Astro",FALSE,FALSE,3782.18844490428,4668.44574490453,TRUE,TRUE,0.731166903866957,0.268833096133043
"ATTCCTAAGACGTGGA-1","doublet_certain","L2-3 IT","Astro",FALSE,FALSE,4154.00829537892,4764.9780670244,TRUE,TRUE,0.904029016558538,0.0959709834414623
"ATTCGACGCCGGGCCT-1","doublet_certain","L2-3 IT","Astro",FALSE,FALSE,3735.05204129855,4427.89902099214,TRUE,TRUE,0.856883035726825,0.143116964273175
"ATTCGCGCCTTGAGAG-1","doublet_certain","Sst","Astro",FALSE,FALSE,4719.07674082654,5436.35508715056,TRUE,TRUE,0.875875357422297,0.124124642577703
"ATTCGTGCTATCTCTT-1","doublet_certain","Oligo","Pvalb",FALSE,FALSE,2482.99812392755,3191.7171858992,TRUE,TRUE,0.425603103029676,0.574396896970324
"ATTGAAGATCTTAGTG-1","doublet_certain","L5 IT","Astro",FALSE,FALSE,4146.81729275932,4874.12586939412,TRUE,TRUE,0.894469861086608,0.105530138913392
"ATTGACCGGCGATGAC-1","doublet_certain","L5 IT","Astro",FALSE,FALSE,4537.73933337046,5220.53571108645,TRUE,TRUE,0.921945587143664,0.0780544128563357
"ATTGATCACCACATTT-1","doublet_certain","Meis2","Astro",FALSE,FALSE,4316.56771598775,4872.40382498888,TRUE,TRUE,0.906608051286688,0.0933919487133122
"ATTGATGAGTCCTAAC-1","doublet_certain","L6 IT","Oligo",FALSE,FALSE,3979.17497014036,4887.19479744333,TRUE,TRUE,0.709184306026093,0.290815693973907
"ATTGCCTTTATGTTTG-1","doublet_certain","L6 IT","Astro",FALSE,FALSE,4318.658869625,5041.43983459681,TRUE,TRUE,0.868898980553599,0.131101019446401
"ATTGCGATCAGTAACT-1","doublet_certain","Pvalb","Oligo",FALSE,FALSE,3036.89389240218,3899.67932848979,TRUE,TRUE,0.662265959608285,0.337734040391715
"ATTGCTGCTCCTCCAT-1","doublet_certain","L5 IT","Astro",FALSE,FALSE,4588.9432066729,5279.19273606738,TRUE,TRUE,0.909820387992452,0.0901796120075479
"ATTGGATTACAGCGTA-1","doublet_certain","Oligo","Pvalb",FALSE,FALSE,1824.94535110177,2092.08392016963,TRUE,TRUE,0.57466362658868,0.42533637341132
"ATTGGTTGTGCATTAC-1","doublet_certain","L2-3 IT","Astro",FALSE,FALSE,5106.79700755383,5838.84122917492,TRUE,TRUE,0.917412499240362,0.0825875007596379
"ATTGTACAACTCGGCT-1","doublet_certain","L2-3 IT","VLMC",FALSE,FALSE,4906.94059794963,6177.51723073394,TRUE,TRUE,0.679514860567819,0.320485139432181
"ATTGTCGCAATACCTT-1","doublet_certain","L2-3 IT","Astro",FALSE,FALSE,3250.16421806566,3890.39377193927,TRUE,TRUE,0.831824403148403,0.168175596851597
"ATTGTGACTTCGCTGC-1","doublet_certain","L2-3 IT","Astro",FALSE,FALSE,3807.03667760365,4612.99519864979,TRUE,TRUE,0.829031731044429,0.170968268955571
"ATTTACAGTTTACTGG-1","doublet_certain","L4","Astro",FALSE,FALSE,3483.20104302646,4121.24524227402,TRUE,TRUE,0.885934067184963,0.114065932815037
"ATTTACTAAGTCCATT-1","doublet_certain","L6 IT","Astro",FALSE,FALSE,4117.90002882441,4434.31057522009,TRUE,TRUE,0.955240350189586,0.0447596498104136
"ATTTCCGGGTTCTGCG-1","doublet_certain","L5 IT","Oligo",FALSE,FALSE,2347.73208547585,2937.53822882164,TRUE,TRUE,0.594984365844753,0.405015634155247
"ATTTGCGCGAGTAGCT-1","doublet_certain","L5 IT","Oligo",FALSE,FALSE,3109.65454642465,4079.07791925492,TRUE,TRUE,0.555347072981768,0.444652927018232
"ATTTGGAGATTGCGGT-1","doublet_uncertain","Astro","Vip",FALSE,FALSE,3278.96126064359,5384.84004996749,TRUE,TRUE,0.168425653414012,0.831574346585988
"ATTTGTCTTGGGAGCT-1","doublet_certain","L2-3 IT","Oligo",FALSE,FALSE,3514.57865132078,4259.14587638387,TRUE,TRUE,0.761511386585312,0.238488613414688
"ATTTGTTCCAGGGCTC-1","doublet_certain","L2-3 IT","Astro",FALSE,FALSE,4103.89641780633,4820.37058906684,TRUE,TRUE,0.894796678673915,0.105203321326085
"CAAACCCTCCGGCGGG-1","doublet_certain","L2-3 IT","Astro",FALSE,FALSE,5135.07434020853,6196.0535346733,TRUE,TRUE,0.847915277791919,0.152084722208081
"CAAACGAGTATCGCAG-1","doublet_certain","L5 PT","Oligo",FALSE,FALSE,4942.38304016226,5573.90114133799,TRUE,TRUE,0.908089657989865,0.0919103420101349
"CAAACGGTCGCACTTT-1","doublet_certain","L5 IT","Astro",FALSE,FALSE,4309.98441102247,5032.13994652399,TRUE,TRUE,0.889661414888328,0.110338585111672
"CAAACTCGCGACGCCG-1","doublet_certain","Oligo","Pvalb",FALSE,FALSE,1619.41378842515,2024.63290632741,TRUE,TRUE,0.401868439998943,0.598131560001057
"CAAAGATTATTGGGCC-1","doublet_certain","Meis2","Astro",FALSE,FALSE,4736.45095846435,5958.04383683631,TRUE,TRUE,0.747854408826956,0.252145591173044
"CAAATCTCTCACAAGG-1","doublet_certain","L6 IT","VLMC",FALSE,FALSE,4403.88221452461,5934.24926566018,TRUE,TRUE,0.667700254359792,0.332299745640208
"CAAATGTCCTTCCGTG-1","doublet_certain","L6 IT","Astro",FALSE,FALSE,4869.69161277713,5526.48671451851,TRUE,TRUE,0.924449011983275,0.0755509880167247
"CAACCTACCGAGCAGT-1","doublet_certain","Sst","Oligo",FALSE,FALSE,4725.85393960151,5302.80083784287,TRUE,TRUE,0.898116001587699,0.101883998412301
"CAACGACCCGTTTACA-1","doublet_certain","L6 IT","Astro",FALSE,FALSE,3319.00601099275,4520.63474298265,TRUE,TRUE,0.553037884747103,0.446962115252898
"CAACGTGGTGGAGTCT-1","singlet","Oligo","Astro",FALSE,FALSE,813.242771940615,827.293159946095,TRUE,TRUE,0.941554094202008,0.0584459057979923
"CAACTATATCGAATGC-1","doublet_certain","L2-3 IT","Astro",FALSE,FALSE,2301.7135123172,2873.16011531139,TRUE,TRUE,0.726614046666331,0.273385953333669
"CAACTGCTCATCCGAT-1","doublet_certain","L5 IT","Astro",FALSE,FALSE,4293.40138287792,5187.92222877497,TRUE,TRUE,0.845791785887042,0.154208214112958
"CAAGAGGGCGGAGTAC-1","doublet_certain","L2-3 IT","Oligo",FALSE,FALSE,4227.60963031533,4920.24345416487,TRUE,TRUE,0.820017251018556,0.179982748981444
"CAAGATATTATAACGT-1","doublet_certain","L2-3 IT","Oligo",FALSE,FALSE,2223.646610991,2749.16341599837,TRUE,TRUE,0.706926690592192,0.293073309407808
"CAAGCAACGTCGGAGT-1","doublet_certain","L5 IT","Astro",FALSE,FALSE,4023.7729973505,4691.91928104956,TRUE,TRUE,0.902828127122759,0.0971718728772415
"CAAGCACCAAATGCCT-1","doublet_certain","L2-3 IT","Astro",FALSE,FALSE,3209.52622019989,4027.62484006142,TRUE,TRUE,0.807619512281331,0.192380487718669
"CAAGCGGCACATAATT-1","doublet_certain","L2-3 IT","Oligo",FALSE,FALSE,4265.62743303694,4760.87668688725,TRUE,TRUE,0.876244595025892,0.123755404974108
"CAAGGATCGCATGTTC-1","doublet_certain","L2-3 IT","Astro",FALSE,FALSE,4442.97930081905,5115.68396525412,TRUE,TRUE,0.859392000102365,0.140607999897635
"CAAGGCCAGTGGTGCA-1","doublet_certain","Sst","Astro",FALSE,FALSE,4680.75872108343,5420.81716395562,TRUE,TRUE,0.875510033367966,0.124489966632034
"CAAGGTCCTATAGGCT-1","doublet_certain","Oligo","L6 IT",FALSE,FALSE,1499.40911818939,1873.51721226219,TRUE,TRUE,0.489104395618901,0.510895604381099
"CAAGTGTGGTTGCAAA-1","doublet_uncertain","Oligo","L5 PT",FALSE,FALSE,3635.41582009494,5303.4046178089,TRUE,TRUE,0.326345981711334,0.673654018288666
"CAATAAACCTTGGCCC-1","doublet_certain","L5 IT","Oligo",FALSE,FALSE,4766.59452832282,5413.55535854753,TRUE,TRUE,0.896532923971175,0.103467076028825
"CAATACGCTCTGAGGC-1","doublet_certain","L5 IT","Astro",FALSE,FALSE,4176.83087066077,5207.13855994469,TRUE,TRUE,0.733310246626476,0.266689753373524
"CAATATTCTTGACCTA-1","doublet_certain","L6 IT","Astro",FALSE,FALSE,3938.76734187337,4586.03203497866,TRUE,TRUE,0.879766243012648,0.120233756987352
"CAATCCCTATACCAGC-1","doublet_certain","VLMC","L5 IT",FALSE,FALSE,2612.20071939014,3417.12747473847,TRUE,TRUE,0.517297100723743,0.482702899276257
"CAATGCGAGAAGTATC-1","doublet_certain","L2-3 IT","Oligo",FALSE,FALSE,4175.20531584685,4826.86094946952,TRUE,TRUE,0.827513629411196,0.172486370588804
"CAATGGATCTCTACCA-1","doublet_certain","L5 IT","Oligo",FALSE,FALSE,3595.59808230275,4025.92168601668,TRUE,TRUE,0.903041833011188,0.0969581669888119
"CAATGTGCCAACCCTT-1","doublet_certain","L5 IT","Oligo",FALSE,FALSE,4202.92420368428,5220.84461112061,TRUE,TRUE,0.689617253514701,0.310382746485299
"CAATTAAGGGTGATGA-1","doublet_uncertain","L5 IT","Astro",FALSE,FALSE,4498.09250518245,5048.57964755867,TRUE,TRUE,0.932096129334294,0.0679038706657057
"CAATTGGGCCGCACTC-1","doublet_certain","Meis2","Astro",FALSE,FALSE,1128.90704024127,1255.83715473577,TRUE,TRUE,0.782776976360814,0.217223023639186
"CAATTTCGTATAAGGG-1","doublet_certain","Oligo","L5 IT",FALSE,FALSE,3173.07567538653,4119.12011013226,TRUE,TRUE,0.52486332435118,0.47513667564882
"CACAAGAAAGATATTA-1","doublet_certain","L2-3 IT","Astro",FALSE,FALSE,5357.42809970178,6141.31698264035,TRUE,TRUE,0.915660329130596,0.0843396708694043
"CACAATGAGCTGCTAT-1","doublet_certain","L6 IT","Oligo",FALSE,FALSE,4848.48227917771,5679.18710625589,TRUE,TRUE,0.850257119970287,0.149742880029713
"CACACACGCTAACGAG-1","doublet_certain","Pvalb","Oligo",FALSE,FALSE,2856.23486101288,3478.96107600712,TRUE,TRUE,0.727790360552457,0.272209639447543
"CACACGCGCTGTCTTA-1","doublet_certain","L2-3 IT","Oligo",FALSE,FALSE,3903.60986627269,4838.87531026054,TRUE,TRUE,0.754446945728759,0.245553054271241
"CACAGCACCCACGGCA-1","doublet_certain","L5 IT","Astro",FALSE,FALSE,4320.20758531414,5003.18377900657,TRUE,TRUE,0.893858612524621,0.106141387475379
"CACAGCTAGGGAGTGA-1","doublet_certain","L2-3 IT","Astro",FALSE,FALSE,3945.70657680807,4518.75702131695,TRUE,TRUE,0.890524163813568,0.109475836186432
"CACAGGGCCATATAGT-1","doublet_certain","Pvalb","Oligo",FALSE,FALSE,3842.90842231501,4585.60035222533,TRUE,TRUE,0.772584308870307,0.227415691129693
"CACAGGGCCGTTGTCA-1","doublet_certain","L5 IT","Astro",FALSE,FALSE,3856.624112943,4531.77281563617,TRUE,TRUE,0.889144903137365,0.110855096862635
"CACAGTCCCGCTTCGC-1","doublet_uncertain","Sst","Astro",FALSE,FALSE,4738.59460331429,5554.49653894317,TRUE,TRUE,0.846090665091706,0.153909334908294
"CACAGTTCGCTTCCCA-1","doublet_uncertain","Oligo","Peri",FALSE,FALSE,804.519378269819,843.118305361611,TRUE,TRUE,0.911668499780158,0.0883315002198421
"CACATATTAGCAGGAT-1","doublet_certain","L2-3 IT","Astro",FALSE,FALSE,3964.04550531865,4564.09753073007,TRUE,TRUE,0.87535554269721,0.12464445730279
"CACATCTCACCGACGA-1","doublet_certain","L2-3 IT","Oligo",FALSE,FALSE,4455.8385486322,5246.47881207305,TRUE,TRUE,0.808551206906907,0.191448793093093
"CACATGATTCAGCAAC-1","doublet_uncertain","Oligo","L6 IT",FALSE,FALSE,3942.38357974766,5271.54772753402,TRUE,TRUE,0.499622551056382,0.500377448943618
"CACATTCTTTCGATGG-1","doublet_certain","L4","Astro",FALSE,FALSE,3790.33301877494,4496.28741676485,TRUE,TRUE,0.868448325375926,0.131551674624074
"CACATTTCTTGTCAGA-1","doublet_certain","Pvalb","Oligo",FALSE,FALSE,3569.0668977149,4295.41001483327,TRUE,TRUE,0.788928612144811,0.211071387855189
"CACCAATCATCCGTCT-1","doublet_certain","Meis2","L5 IT",FALSE,FALSE,3782.70472286427,4361.67717455237,TRUE,TRUE,0.482724151596716,0.517275848403284
"CACCACGCCACACAGA-1","doublet_certain","L5 IT","Astro",FALSE,FALSE,4355.70167031571,5435.55844929037,TRUE,TRUE,0.751107973463162,0.248892026536838
"CACCAGTCAGCATGCA-1","doublet_certain","Vip","Astro",FALSE,FALSE,5164.33513677406,6291.79785103955,TRUE,TRUE,0.713827638135249,0.286172361864751
"CACCATGATCGCAAAG-1","doublet_certain","L2-3 IT","Astro",FALSE,FALSE,4827.9323004504,5345.05095229299,TRUE,TRUE,0.94249477435176,0.0575052256482402
"CACCCAAATCTTATGT-1","doublet_certain","L6 IT","Oligo",FALSE,FALSE,3972.50527083517,4870.39011047055,TRUE,TRUE,0.660391878074012,0.339608121925988
"CACCCACGAGGCAATT-1","doublet_certain","L4","Astro",FALSE,FALSE,4670.33392565467,5439.02708734957,TRUE,TRUE,0.897357565388503,0.102642434611497
"CACCCGGTTTGTGACT-1","doublet_certain","L5 IT","Astro",FALSE,FALSE,2685.75790607133,3594.27710145733,TRUE,TRUE,0.636049637684181,0.363950362315819
"CACCCTAACAAGATCT-1","doublet_uncertain","L2-3 IT","Astro",FALSE,FALSE,4006.19209321841,4611.78972862133,TRUE,TRUE,0.849604281211595,0.150395718788405
"CACCCTTGGTGAGACC-1","doublet_certain","Meis2","Astro",FALSE,FALSE,3823.12869785897,4462.44630949794,TRUE,TRUE,0.825140984899382,0.174859015100618
"CACCGCCAGAAGGTTT-1","doublet_certain","L5 IT","Astro",FALSE,FALSE,4213.44568528902,4944.20008466343,TRUE,TRUE,0.885278797991135,0.114721202008865
"CACCGCGTCCACTCTA-1","doublet_certain","L4","Astro",FALSE,FALSE,4248.5052763081,4788.2502507787,TRUE,TRUE,0.915575654823959,0.0844243451760409
"CACCGGGCATCACAAG-1","doublet_certain","L5 IT","Astro",FALSE,FALSE,5109.2352409529,6156.23691790957,TRUE,TRUE,0.871707894980746,0.128292105019254
"CACCGTATCCCATCCG-1","doublet_certain","Oligo","Pvalb",FALSE,FALSE,2123.19701370883,2415.16209680194,TRUE,TRUE,0.614707086128104,0.385292913871896
"CACCGTTAGGGATCAC-1","doublet_certain","L5 IT","Astro",FALSE,FALSE,2918.9676268362,3900.27222691551,TRUE,TRUE,0.640060155323822,0.359939844676178
"CACCGTTGCGCGATAT-1","doublet_certain","L5 IT","VLMC",FALSE,FALSE,4136.79718543154,5108.67164636728,TRUE,TRUE,0.797467333072945,0.202532666927055
"CACCTAATCAGTTTAC-1","doublet_certain","L2-3 IT","Astro",FALSE,FALSE,4161.35867715411,4979.05248662827,TRUE,TRUE,0.847970070997499,0.152029929002501
"CACCTCGATGGTGGAC-1","doublet_certain","L2-3 IT","Astro",FALSE,FALSE,3784.19268769378,4131.85111298122,TRUE,TRUE,0.939774534098272,0.0602254659017281
"CACCTTGCGAAACTCG-1","doublet_certain","L5 IT","Astro",FALSE,FALSE,4670.92512940064,5313.49674283167,TRUE,TRUE,0.91895270912547,0.0810472908745301
"CACCTTGGCGCCTTTG-1","doublet_uncertain","Oligo","L5 IT",FALSE,FALSE,2274.00226051136,2440.72468056725,TRUE,TRUE,0.831201725983069,0.168798274016931
"CACGAAAGTTAGTCCC-1","doublet_certain","L2-3 IT","Astro",FALSE,FALSE,3203.98433866851,3787.1996009509,TRUE,TRUE,0.882676833209804,0.117323166790196
"CACGCACAGCGCAGCT-1","doublet_certain","L5 IT","Astro",FALSE,FALSE,4234.98862858854,4674.13529494108,TRUE,TRUE,0.944091373896467,0.0559086261035326
"CACGCAGCGAGGCTTT-1","doublet_certain","L5 IT","Astro",FALSE,FALSE,4118.89258666311,4808.48065641377,TRUE,TRUE,0.87546585351962,0.12453414648038
"CACGCGGAACTGTTGC-1","doublet_certain","L2-3 IT","Oligo",FALSE,FALSE,3684.12206308223,5060.05684448645,TRUE,TRUE,0.54061038619043,0.45938961380957
"CACGGCGCGCCAAAGG-1","doublet_certain","L4","Astro",FALSE,FALSE,4544.40713701788,5278.30445302397,TRUE,TRUE,0.90790992475239,0.0920900752476105
"CACGTCGGCAACCTCT-1","doublet_certain","L2-3 IT","Astro",FALSE,FALSE,3720.63937111688,4379.1452106032,TRUE,TRUE,0.864125253456535,0.135874746543465
"CACGTTCGTGCTCTAG-1","doublet_certain","L2-3 IT","Astro",FALSE,FALSE,4054.08996547816,4635.11838399162,TRUE,TRUE,0.876930818045647,0.123069181954353
"CACGTTTCGTACACAC-1","doublet_uncertain","Oligo","L2-3 IT",FALSE,FALSE,4056.92099218514,5864.24235501374,TRUE,TRUE,0.359113128822066,0.640886871177934
"CACTAAAGTTGCCTAT-1","doublet_certain","L5 IT","Astro",FALSE,FALSE,4734.50297238259,5503.55916214897,TRUE,TRUE,0.902029951384101,0.0979700486158992
"CACTACGGGAGCTGCC-1","doublet_certain","Sst","Oligo",FALSE,FALSE,4336.42002852918,5168.79478812003,TRUE,TRUE,0.804152464582313,0.195847535417687
"CACTCAAGAGCTATGG-1","doublet_uncertain","Oligo","L6b",FALSE,FALSE,4183.02614517687,7711.6511026574,TRUE,TRUE,0.145993465000642,0.854006534999358
"CACTCCTATGTAAGAT-1","doublet_uncertain","Astro","L6 IT",FALSE,FALSE,2845.65862965862,3920.93570995457,TRUE,TRUE,0.390522599019924,0.609477400980076
"CACTCCTCTCGGTCGG-1","doublet_certain","L2-3 IT","Astro",FALSE,FALSE,3274.3235387521,3796.06138686412,TRUE,TRUE,0.895400620094451,0.104599379905549
"CACTCGAGCTGAACAA-1","doublet_certain","L2-3 IT","Oligo",FALSE,FALSE,3759.70574406527,4817.97552155105,TRUE,TRUE,0.642396221533712,0.357603778466288
"CACTCTTCTGCTAGCC-1","doublet_certain","Pvalb","Oligo",FALSE,FALSE,3113.41485929908,3816.66170085002,TRUE,TRUE,0.723953749130634,0.276046250869366
"CACTGACGATTGTGGA-1","doublet_uncertain","VLMC","L5 IT",FALSE,FALSE,2674.96806395218,3543.12034253058,TRUE,TRUE,0.472576939250146,0.527423060749853
"CACTTAATCAGACGGA-1","doublet_certain","L5 IT","Astro",FALSE,FALSE,4457.22460654857,5131.87948194495,TRUE,TRUE,0.904586238487303,0.0954137615126972
"CAGAACTTAGCCCTCT-1","doublet_certain","L2-3 IT","Oligo",FALSE,FALSE,3943.87241879891,4782.88809078052,TRUE,TRUE,0.754127731328287,0.245872268671713
"CAGAATAACACACGGA-1","doublet_certain","Oligo","Peri",FALSE,FALSE,1563.38071589683,1793.45306320509,TRUE,TRUE,0.835527727562493,0.164472272437506
"CAGACACCGATCGCTG-1","doublet_certain","L2-3 IT","Astro",FALSE,FALSE,4160.96800455709,4889.03745330638,TRUE,TRUE,0.884176815939988,0.115823184060012
"CAGACCTGTAAGTGTT-1","doublet_certain","Astro","L6 IT",FALSE,FALSE,4464.98393896251,5653.49476490594,TRUE,TRUE,0.521718431145687,0.478281568854313
"CAGACGAACCTGATAC-1","doublet_certain","L5 IT","Astro",FALSE,FALSE,4465.21040170434,4977.94518398725,TRUE,TRUE,0.93139315611685,0.0686068438831502
"CAGAGACGGTCACCCA-1","doublet_certain","L6 IT","Astro",FALSE,FALSE,4718.30706846246,5303.74446537444,TRUE,TRUE,0.930551554495682,0.0694484455043178
"CAGAGCATGAGCTTGC-1","doublet_uncertain","L5 IT","Astro",FALSE,FALSE,4201.86537402083,4801.31977981618,TRUE,TRUE,0.913621090736113,0.0863789092638867
"CAGAGGCGATGCATGA-1","doublet_certain","L2-3 IT","Astro",FALSE,FALSE,4478.00610987441,5007.5973077143,TRUE,TRUE,0.939364448942943,0.0606355510570565
"CAGATAATGGGCGGGT-1","doublet_certain","Sst","Oligo",FALSE,FALSE,4524.10153986284,5052.09730989122,TRUE,TRUE,0.887494848236574,0.112505151763426
"CAGATACTAACATAGT-1","doublet_certain","L2-3 IT","Astro",FALSE,FALSE,3863.60813572333,4416.76354793434,TRUE,TRUE,0.903752456584085,0.0962475434159153
"CAGATCATTTAAAGTC-1","doublet_certain","L5 IT","Astro",FALSE,FALSE,4250.5466250007,4797.39127460143,TRUE,TRUE,0.928316033386864,0.0716839666131366
"CAGATCCTGGTTTGAA-1","doublet_certain","L5 IT","Astro",FALSE,FALSE,4896.3536431576,5590.95547856508,TRUE,TRUE,0.889619749216933,0.110380250783067
"CAGATGTTTGTCCCAA-1","doublet_certain","Meis2","Astro",FALSE,FALSE,4923.38884020028,5670.00128512124,TRUE,TRUE,0.888941569877864,0.111058430122136
"CAGCAGCCCGTTCCTT-1","doublet_certain","L5 IT","Oligo",FALSE,FALSE,4095.91232180988,4625.00233984499,TRUE,TRUE,0.896217264765415,0.103782735234585
"CAGCAGTCCAGACTAT-1","doublet_certain","Oligo","Pvalb",FALSE,FALSE,3117.4042916628,3772.10117402261,TRUE,TRUE,0.471020114251824,0.528979885748176
"CAGCAGTCTGTGCTGC-1","doublet_certain","L2-3 IT","Astro",FALSE,FALSE,3837.70383828361,4554.54077958211,TRUE,TRUE,0.831159488876823,0.168840511123177
"CAGCCTCCTGCAGAGG-1","doublet_certain","L5 IT","Astro",FALSE,FALSE,4376.11828873833,4948.4318000626,TRUE,TRUE,0.929987995380147,0.0700120046198532
"CAGCCTCTCCTCAAGA-1","doublet_certain","L2-3 IT","Astro",FALSE,FALSE,3839.4171614034,4355.84564853476,TRUE,TRUE,0.920270244627692,0.0797297553723079
"CAGCGATTCCCTTCAA-1","doublet_certain","L6 IT","Astro",FALSE,FALSE,3295.44630868803,4091.64108480154,TRUE,TRUE,0.773506248012195,0.226493751987804
"CAGCTCACTGAGACAT-1","doublet_certain","L5 IT","Astro",FALSE,FALSE,4667.33972308065,5521.8188422917,TRUE,TRUE,0.890695986008107,0.109304013991893
"CAGCTCGACAAGTTAA-1","doublet_certain","L6 IT","Oligo",FALSE,FALSE,3567.8882112742,4065.92934443881,TRUE,TRUE,0.882690855622433,0.117309144377567
"CAGCTGGCGTAACCGT-1","doublet_certain","Sst","Astro",FALSE,FALSE,5160.73275020951,6169.9925447237,TRUE,TRUE,0.830275998046537,0.169724001953463
"CAGCTTAGTAGGTAGC-1","doublet_certain","L2-3 IT","Astro",FALSE,FALSE,3299.38843006444,3886.02769645282,TRUE,TRUE,0.865753041903505,0.134246958096495
"CAGGATATATCGTTGT-1","doublet_certain","L2-3 IT","Oligo",FALSE,FALSE,4692.58912945243,5433.59616383952,TRUE,TRUE,0.858778550980623,0.141221449019377
"CAGGCAGTCTTACCAG-1","doublet_certain","L6 IT","Oligo",FALSE,FALSE,5205.61541907977,6172.3943797251,TRUE,TRUE,0.81964831618917,0.18035168381083
"CAGGCCGTTTGGGTGT-1","doublet_uncertain","L5 IT","Astro",FALSE,FALSE,4680.64632708405,5359.552951335,TRUE,TRUE,0.905222174595756,0.0947778254042443
"CAGGCGCACGGTGGTC-1","doublet_certain","Meis2","Oligo",FALSE,FALSE,5372.11051221599,6403.33106362092,TRUE,TRUE,0.816503512073205,0.183496487926795
"CAGGCGCCATGCTAGG-1","doublet_certain","L2-3 IT","Oligo",FALSE,FALSE,4513.05960551286,5099.36843901289,TRUE,TRUE,0.871142062922637,0.128857937077363
"CAGTAACTATTTATTG-1","doublet_certain","L5 IT","Oligo",FALSE,FALSE,3877.83575502219,4374.40393964899,TRUE,TRUE,0.898172879440869,0.101827120559131
"CAGTAAGGGACGTCTC-1","doublet_certain","Lamp5","VLMC",FALSE,FALSE,3456.86794969082,4238.80977277985,TRUE,TRUE,0.66630168388154,0.33369831611846
"CAGTACATTCTCTAAA-1","doublet_certain","L5 IT","Astro",FALSE,FALSE,4361.20681735615,5021.49038029871,TRUE,TRUE,0.892840886055764,0.107159113944236
"CAGTACCAGTTTACGT-1","doublet_certain","Meis2","Astro",FALSE,FALSE,4232.72703817608,4949.91459176241,TRUE,TRUE,0.865129092416357,0.134870907583643
"CAGTAGCCCACGCGGT-1","doublet_certain","L5 IT","Astro",FALSE,FALSE,3665.76908359558,4050.15729720026,TRUE,TRUE,0.929489508607202,0.0705104913927977
"CAGTCGAGGATGCAAT-1","doublet_certain","L6 CT","Oligo",FALSE,FALSE,3687.97134925507,4234.86307562432,TRUE,TRUE,0.88426392923215,0.11573607076785
"CAGTCGGCCTAGATAT-1","doublet_certain","Meis2","Oligo",FALSE,FALSE,4819.081566004,5547.14040768221,TRUE,TRUE,0.891052778779814,0.108947221220186
"CAGTCTGTATACTGGG-1","doublet_certain","L2-3 IT","Oligo",FALSE,FALSE,3833.13037085069,4478.30208004882,TRUE,TRUE,0.826180859804887,0.173819140195114
"CAGTGAATAAATGACT-1","doublet_certain","L5 IT","Astro",FALSE,FALSE,4657.14599299684,5297.524548505,TRUE,TRUE,0.920697444364649,0.0793025556353511
"CAGTGTCGGCTGGCCC-1","doublet_uncertain","Oligo","L2-3 IT",FALSE,FALSE,3096.10535826695,4130.73153575293,TRUE,TRUE,0.479357499404078,0.520642500595922
"CAGTTCAAATTGACAC-1","doublet_certain","L5 IT","Astro",FALSE,FALSE,4385.85870649019,5005.3864595854,TRUE,TRUE,0.925865761669934,0.0741342383300666
"CATAACGGACAGTCGT-1","doublet_certain","L2-3 IT","Oligo",FALSE,FALSE,4700.81735344951,5489.27950404552,TRUE,TRUE,0.826679889324364,0.173320110675636
"CATAAGAAGCTTGGCT-1","doublet_certain","L2-3 IT","Astro",FALSE,FALSE,4044.2757855193,4617.81681659654,TRUE,TRUE,0.888690173439856,0.111309826560144
"CATAAGCTCTCCGTCT-1","doublet_certain","Meis2","Astro",FALSE,FALSE,4715.12908383608,5492.13643402115,TRUE,TRUE,0.866953567040987,0.133046432959013
"CATACACAAAGTCAGC-1","doublet_uncertain","Astro","L5 IT",FALSE,FALSE,3138.36591223922,4934.9805141068,TRUE,TRUE,0.21914663475772,0.78085336524228
"CATACACGGTTCCCAC-1","doublet_certain","L5 IT","Astro",FALSE,FALSE,4537.38012275121,4972.29332237193,TRUE,TRUE,0.953197299897779,0.046802700102221
"CATACCCGTACCCAGT-1","doublet_certain","L5 IT","Astro",FALSE,FALSE,4510.5055170955,5299.00489728661,TRUE,TRUE,0.889428313930626,0.110571686069374
"CATACGGCGTCTGGGC-1","doublet_certain","L2-3 IT","Oligo",FALSE,FALSE,4328.80662644432,5186.63938570927,TRUE,TRUE,0.769957605254067,0.230042394745933
"CATACTATGTAATTGT-1","doublet_certain","L5 IT","Astro",FALSE,FALSE,4503.95386466522,5102.66658953936,TRUE,TRUE,0.917307524795949,0.0826924752040512
"CATACTTAGGCAATAC-1","singlet","Oligo","Astro",FALSE,FALSE,598.35191798533,611.293630632299,TRUE,TRUE,0.937506909779062,0.062493090220938
"CATAGAGGAGATACTA-1","doublet_certain","L5 IT","Astro",FALSE,FALSE,5654.5886042652,6542.82897910336,TRUE,TRUE,0.890182502012408,0.109817497987592
"CATAGCGTTGCCCACC-1","doublet_certain","L6 IT","Astro",FALSE,FALSE,4553.8512237014,5103.06546349671,TRUE,TRUE,0.936373587381582,0.0636264126184176
"CATAGTACATTGAGAG-1","doublet_uncertain","Astro","L6 IT",FALSE,FALSE,2415.98416947813,3499.06110561146,TRUE,TRUE,0.328491513046999,0.671508486953001
"CATAGTCAAATACATA-1","doublet_certain","Sst","Astro",FALSE,FALSE,5829.86527552841,6782.78783257572,TRUE,TRUE,0.883679517114771,0.116320482885229
"CATAGTCCACAAGAAC-1","doublet_certain","L2-3 IT","Astro",FALSE,FALSE,4565.79740580941,5204.58053065533,TRUE,TRUE,0.911661795620743,0.0883382043792574
"CATATACTACTGATAA-1","doublet_certain","L5 IT","Astro",FALSE,FALSE,3993.81843363344,4671.55199715448,TRUE,TRUE,0.902874741883384,0.0971252581166162
"CATATAGGTACAGTCA-1","doublet_certain","L6 IT","Oligo",FALSE,FALSE,4390.03527236797,5200.96642444817,TRUE,TRUE,0.853964930552712,0.146035069447288
"CATATGTCAGGCTACG-1","doublet_certain","Sst","Astro",FALSE,FALSE,4478.72952847064,5532.00726303774,TRUE,TRUE,0.75564056618676,0.24435943381324
"CATCATTACCCTGAGG-1","doublet_certain","Pvalb","Oligo",FALSE,FALSE,2550.36001105476,3426.66804930434,TRUE,TRUE,0.626174648059477,0.373825351940523
"CATCCTCTCAAAGATC-1","doublet_uncertain","Oligo","L6 IT",FALSE,FALSE,4128.7858596546,5949.06537517847,TRUE,TRUE,0.31573358598322,0.68426641401678
"CATCGGACGGGTTAAT-1","doublet_certain","L6 IT","Oligo",FALSE,FALSE,3035.04744595444,3923.42606588068,TRUE,TRUE,0.656487457079938,0.343512542920062
"CATCTATCCCGTGTCT-1","doublet_certain","L5 IT","Astro",FALSE,FALSE,3697.56928464711,4362.60302026569,TRUE,TRUE,0.865642958316401,0.134357041683599
"CATCTTACACCACCTC-1","doublet_certain","L2-3 IT","Oligo",FALSE,FALSE,3810.26229699641,4589.58897630019,TRUE,TRUE,0.785865290374453,0.214134709625547
"CATGACTTCGCTGAAT-1","doublet_certain","Oligo","Astro",FALSE,FALSE,3280.88534528862,3660.35748722859,TRUE,TRUE,0.801680457927803,0.198319542072197
"CATGAGATGCACTCTC-1","doublet_certain","L2-3 IT","Astro",FALSE,FALSE,4533.28082081596,5220.60555019844,TRUE,TRUE,0.885899567881089,0.114100432118911
"CATGATGCACAATTCT-1","doublet_certain","L2-3 IT","Astro",FALSE,FALSE,3867.59548397807,4350.43475169933,TRUE,TRUE,0.909565920154411,0.0904340798455893
"CATGATGGAAGTTAGC-1","doublet_uncertain","Oligo","Sst",FALSE,FALSE,1882.13395808446,2020.30740195565,TRUE,TRUE,0.78695058338938,0.21304941661062
"CATGCCAACTCGCAAA-1","doublet_uncertain","Astro","Meis2",FALSE,FALSE,4231.21936458209,6541.34563285668,TRUE,TRUE,0.252203899696494,0.747796100303506
"CATGCGACCAGTTTAA-1","doublet_certain","L6 CT","Oligo",FALSE,FALSE,3343.70328550249,3868.78720771934,TRUE,TRUE,0.859016146760305,0.140983853239695
"CATGGATTGTCTTCCG-1","doublet_certain","Oligo","Pvalb",FALSE,FALSE,2117.75659062756,2376.15565848672,TRUE,TRUE,0.649786776314938,0.350213223685062
"CATGGGTATGCCTTAT-1","doublet_certain","L2-3 IT","Astro",FALSE,FALSE,4120.1090371955,4701.26646239657,TRUE,TRUE,0.863740705079517,0.136259294920483
"CATGGGTCGGGTGTGG-1","doublet_certain","L5 IT","Astro",FALSE,FALSE,4250.63678222187,4879.69849909958,TRUE,TRUE,0.912354582122453,0.0876454178775466
"CATGGTAAGTAGCGTT-1","doublet_certain","L2-3 IT","Oligo",FALSE,FALSE,3554.99649602486,3895.27361818998,TRUE,TRUE,0.892306094750597,0.107693905249403
"CATGGTATTAGTTTGT-1","doublet_certain","Vip","Astro",FALSE,FALSE,4049.8706587534,4916.03424993782,TRUE,TRUE,0.72897388529756,0.27102611470244
"CATGGTCTAGATACCG-1","doublet_certain","L5 IT","Astro",FALSE,FALSE,4360.56963556006,4945.75932012237,TRUE,TRUE,0.928401105750805,0.071598894249195
"CATGGTTTATTAATCA-1","doublet_certain","Sst","Astro",FALSE,FALSE,4668.80915112052,5313.52050874291,TRUE,TRUE,0.890446468180373,0.109553531819627
"CATGTAAGAGACATTT-1","doublet_certain","L2-3 IT","Oligo",FALSE,FALSE,3983.93687460801,4999.86453506824,TRUE,TRUE,0.697612248689417,0.302387751310583
"CATGTAGGAGCGCCAA-1","doublet_certain","L4","Astro",FALSE,FALSE,2969.34452780776,3349.31653505705,TRUE,TRUE,0.916931136297329,0.0830688637026711
"CATGTCTCATTTATGG-1","doublet_certain","L2-3 IT","Astro",FALSE,FALSE,4046.69958453433,4607.05844960918,TRUE,TRUE,0.88537403748375,0.114625962516249
"CATTACGCAGGAAGGG-1","doublet_certain","L2-3 IT","Astro",FALSE,FALSE,5066.91698555533,5447.30527621055,TRUE,TRUE,0.961267182761389,0.0387328172386109
"CATTACGTCGGCCCGT-1","doublet_certain","L2-3 IT","Astro",FALSE,FALSE,3298.37878020278,3896.53457676299,TRUE,TRUE,0.873217199605032,0.126782800394968
"CATTATGCTTGTTGTG-1","doublet_certain","L5 IT","Astro",FALSE,FALSE,3837.14683585281,4415.24840015643,TRUE,TRUE,0.898540247313302,0.101459752686698
"CATTGCGGGTCAATTC-1","doublet_uncertain","Oligo","L5 IT",FALSE,FALSE,3430.30213237665,5422.46320884334,TRUE,TRUE,0.222658140027604,0.777341859972396
"CATTTAGCGGACCATG-1","doublet_certain","L5 IT","Astro",FALSE,FALSE,4064.04936082859,4800.50181602413,TRUE,TRUE,0.8755664598282,0.1244335401718
"CATTTGAGTGGTACGT-1","doublet_certain","L5 IT","Astro",FALSE,FALSE,3655.2706516062,4116.91542328341,TRUE,TRUE,0.925227454589942,0.074772545410058
"CCAAACAGAACCCTCG-1","doublet_certain","L2-3 IT","Astro",FALSE,FALSE,3906.27550748603,4486.65609052465,TRUE,TRUE,0.906850229411305,0.0931497705886952
"CCAAATAACAAGATTC-1","doublet_certain","Oligo","Pvalb",FALSE,FALSE,2166.32731201382,2668.34762325331,TRUE,TRUE,0.508779231806953,0.491220768193047
"CCAACGATGCACTGAT-1","doublet_certain","L5 IT","Astro",FALSE,FALSE,3799.09693307613,4402.35638065666,TRUE,TRUE,0.888317041056158,0.111682958943842
"CCAAGAAAGTGGGCGA-1","doublet_certain","L2-3 IT","Astro",FALSE,FALSE,4666.00531272785,5393.79516724343,TRUE,TRUE,0.910579602193549,0.0894203978064505
"CCAAGACTTCTGCGAA-1","doublet_certain","L2-3 IT","Astro",FALSE,FALSE,3485.18871587176,3983.69242247464,TRUE,TRUE,0.917971864566248,0.0820281354337519
"CCAAGCGTAACTCGTA-1","doublet_certain","L6b","Oligo",FALSE,FALSE,4322.69152668845,5111.08670982386,TRUE,TRUE,0.85525500367552,0.14474499632448
"CCAAGGTTGCCCTTTC-1","doublet_certain","L6 IT","Astro",FALSE,FALSE,4994.17337474194,5799.49320333913,TRUE,TRUE,0.885609868699036,0.114390131300964
"CCAATAGTGCCGTCGA-1","doublet_certain","L5 IT","Astro",FALSE,FALSE,4897.94825680054,5687.77572553663,TRUE,TRUE,0.902769871376611,0.0972301286233892
"CCAATCGGTAGATCGA-1","doublet_certain","L5 IT","Astro",FALSE,FALSE,2124.86850486143,2532.26388520606,TRUE,TRUE,0.778473730331789,0.221526269668211
"CCAATGTCACAGCAAG-1","doublet_certain","L5 IT","Astro",FALSE,FALSE,4740.01394697691,5701.52572814697,TRUE,TRUE,0.882416925611795,0.117583074388205
"CCAATTACGGGTCGAG-1","doublet_certain","L5 IT","Astro",FALSE,FALSE,4174.94292584757,4800.75048350695,TRUE,TRUE,0.909651069409094,0.090348930590906
"CCACAATGTACGTCTT-1","doublet_certain","L5 IT","Oligo",FALSE,FALSE,3578.92246861262,4324.26952050809,TRUE,TRUE,0.794306578978681,0.205693421021319
"CCACACTGAGATATTA-1","doublet_certain","L6 IT","Oligo",FALSE,FALSE,4335.66873794231,4900.30529774338,TRUE,TRUE,0.898693726402315,0.101306273597685
"CCACAGTACCCATCCT-1","doublet_certain","L2-3 IT","Oligo",FALSE,FALSE,2453.76521659111,3094.43703780036,TRUE,TRUE,0.639883640959778,0.360116359040222
"CCACATGGCTCTTTAT-1","doublet_certain","Meis2","Astro",FALSE,FALSE,2772.79726189238,3230.89016460648,TRUE,TRUE,0.82800116691772,0.17199883308228
"CCACCAACTTTACTGT-1","doublet_certain","L5 IT","Astro",FALSE,FALSE,3367.38645736659,4136.42943120712,TRUE,TRUE,0.775850197723682,0.224149802276318
"CCACCCAAGGAAAGTG-1","doublet_certain","L2-3 IT","Oligo",FALSE,FALSE,4711.86442536397,5890.67562124464,TRUE,TRUE,0.726369912583329,0.273630087416671
"CCACGAATTTAACCTC-1","doublet_certain","Sst","Oligo",FALSE,FALSE,4012.20594566049,5322.59557122777,TRUE,TRUE,0.619238714267238,0.380761285732762
"CCACGAGAAGAGAATC-1","doublet_certain","L2-3 IT","Astro",FALSE,FALSE,3877.339536357,4544.87140031756,TRUE,TRUE,0.875424058464947,0.124575941535053
"CCACGGAGCCATAAGA-1","doublet_uncertain","Astro","L6 IT",FALSE,FALSE,4511.8196629566,7108.6779477096,TRUE,TRUE,0.280479712271606,0.719520287728394
"CCACGGTGCCCGGTAG-1","doublet_certain","Oligo","Astro",FALSE,FALSE,1059.05862323599,1124.89584041419,TRUE,TRUE,0.854151710928873,0.145848289071127
"CCACTCAGATCCGCAA-1","doublet_certain","L2-3 IT","Astro",FALSE,FALSE,5333.88422767944,6312.95126980042,TRUE,TRUE,0.857547495054626,0.142452504945374
"CCACTGGTGGCTGGTT-1","doublet_certain","L5 IT","Astro",FALSE,FALSE,3591.9466566024,4551.60692340085,TRUE,TRUE,0.682642283620864,0.317357716379136
"CCACTGTTTGGATTAA-1","doublet_certain","Sst","Oligo",FALSE,FALSE,4209.03608419474,5176.17696569178,TRUE,TRUE,0.744017031803234,0.255982968196766
"CCAGAAAGCAACTCAT-1","doublet_certain","L5 IT","Oligo",FALSE,FALSE,3324.77117892911,4027.80740591787,TRUE,TRUE,0.697857462138386,0.302142537861614
"CCAGATAGTTGAGTGA-1","doublet_certain","L5 IT","Astro",FALSE,FALSE,3960.93552493363,4429.25229966737,TRUE,TRUE,0.927812107109319,0.0721878928906806
"CCAGCCTGGACCAATA-1","doublet_certain","Sncg","Oligo",FALSE,FALSE,3327.41804541169,4352.62336259344,TRUE,TRUE,0.554250130504382,0.445749869495618
"CCAGCTCGAACGCATT-1","doublet_certain","L5 IT","Astro",FALSE,FALSE,3695.46831022588,4461.94263478197,TRUE,TRUE,0.851487818083825,0.148512181916175
"CCAGCTGATGGTACTT-1","doublet_uncertain","Astro","L5 IT",FALSE,FALSE,2820.89130536504,4486.97959019907,TRUE,TRUE,0.268860019128194,0.731139980871806
"CCAGGGACGTGGCCTC-1","doublet_certain","L5 IT","Astro",FALSE,FALSE,4181.45860231574,4683.95067365135,TRUE,TRUE,0.92608998322837,0.0739100167716298
"CCAGTAGTCTGATCCA-1","doublet_certain","L5 IT","Oligo",FALSE,FALSE,3391.56282106767,3924.85028474683,TRUE,TRUE,0.891842990631687,0.108157009368313
"CCAGTCAAATCTCTTA-1","doublet_certain","Meis2","Astro",FALSE,FALSE,4855.14881151384,5688.49498411418,TRUE,TRUE,0.876160121849338,0.123839878150662
"CCAGTCTAGACGGCGC-1","doublet_certain","L5 IT","Astro",FALSE,FALSE,4586.34558353815,5249.73210349321,TRUE,TRUE,0.90952752548711,0.0904724745128899
"CCAGTCTTGTCATAGA-1","doublet_certain","L6 IT","Oligo",FALSE,FALSE,4555.01083095613,5269.83776533754,TRUE,TRUE,0.843045831296161,0.156954168703839
"CCAGTTCGGTAACTCA-1","doublet_uncertain","VLMC","L6 IT",FALSE,FALSE,4500.73457131132,6702.47472013419,TRUE,TRUE,0.405574415062077,0.594425584937923
"CCATAACCTGTGCAGT-1","doublet_certain","Meis2","Astro",FALSE,FALSE,4680.4465377819,5300.08871967284,TRUE,TRUE,0.906998466783474,0.0930015332165263
"CCATACCTTTACTTGT-1","doublet_certain","Oligo","L6 IT",FALSE,FALSE,3399.67767960096,4381.58178203811,TRUE,TRUE,0.437773305240313,0.562226694759687
"CCATAGAGGCTGCCAG-1","doublet_certain","Lamp5","Astro",FALSE,FALSE,4195.78625129242,4950.44462845823,TRUE,TRUE,0.774090085835943,0.225909914164057
"CCATAGGTTGGCGTGG-1","doublet_certain","L2-3 IT","Astro",FALSE,FALSE,2720.90412429838,3515.95166403886,TRUE,TRUE,0.704789132116358,0.295210867883642
"CCATATGGAAACTATA-1","doublet_certain","Oligo","Pvalb",FALSE,FALSE,1792.87989479662,2237.62476630717,TRUE,TRUE,0.443057808612433,0.556942191387567
"CCATCGCAGTTAAACT-1","doublet_certain","L2-3 IT","Oligo",FALSE,FALSE,4744.67583088722,5484.22625692924,TRUE,TRUE,0.846573477082962,0.153426522917037
"CCATCTCACCAGTGAA-1","doublet_certain","Oligo","L2-3 IT",FALSE,FALSE,2565.28267507874,2890.96217818203,TRUE,TRUE,0.774723121110805,0.225276878889195
"CCATGCCCTAGATTTC-1","doublet_certain","Oligo","Pvalb",FALSE,FALSE,2643.87157161715,3327.35994980901,TRUE,TRUE,0.432538089239044,0.567461910760956
"CCATGCCTGTTTAGTA-1","doublet_certain","L5 IT","Oligo",FALSE,FALSE,4433.08206799416,4971.58461670492,TRUE,TRUE,0.909742414997292,0.0902575850027084
"CCATTAGCGATAATCC-1","doublet_certain","L5 IT","Astro",FALSE,FALSE,4328.56193613711,4914.1642062208,TRUE,TRUE,0.931553466829256,0.0684465331707444
"CCATTCCCTGCCCACA-1","doublet_certain","L5 IT","Astro",FALSE,FALSE,3867.98494073895,4320.45319096273,TRUE,TRUE,0.929400691770472,0.070599308229528
"CCATTTCTACCTATTA-1","doublet_certain","L2-3 IT","Oligo",FALSE,FALSE,3006.00096697922,3445.64750314575,TRUE,TRUE,0.793823988739894,0.206176011260106
"CCCAAACATGCTGCTC-1","doublet_certain","L2-3 IT","Oligo",FALSE,FALSE,4514.56528419397,5566.09072606832,TRUE,TRUE,0.762923560270972,0.237076439729028
"CCCAACATACGTCGCG-1","doublet_certain","L5 IT","Astro",FALSE,FALSE,4549.40669404729,5279.58742583629,TRUE,TRUE,0.911146893934909,0.0888531060650905
"CCCAAGTCATTACACT-1","doublet_uncertain","L6 IT","Oligo",FALSE,FALSE,5142.008860002,5816.2022140731,TRUE,TRUE,0.876974548552662,0.123025451447338
"CCCAATTTCACAACTT-1","doublet_certain","L5 IT","Astro",FALSE,FALSE,4095.58136433305,4971.94986730099,TRUE,TRUE,0.851874430334249,0.148125569665751
"CCCACTCCACGGTATC-1","doublet_certain","Meis2","Astro",FALSE,FALSE,4898.24214481585,5787.32343189493,TRUE,TRUE,0.831808153860745,0.168191846139255
"CCCAGAGGAGGGCGTA-1","doublet_certain","L5 IT","Astro",FALSE,FALSE,3806.52761976166,4350.02114549098,TRUE,TRUE,0.914764701565099,0.0852352984349015
"CCCAGGTCTGAAGGCT-1","doublet_certain","Oligo","Astro",FALSE,FALSE,1368.71043018997,1441.4773776844,TRUE,TRUE,0.876013078985216,0.123986921014784
"CCCAGTAAACTTGGGA-1","doublet_certain","Meis2","Astro",FALSE,FALSE,5443.91246280189,6133.74096207345,TRUE,TRUE,0.914175247568494,0.0858247524315061
"CCCAGTTAAGGCGCCG-1","doublet_certain","L2-3 IT","Oligo",FALSE,FALSE,4196.46193749649,4849.66767989735,TRUE,TRUE,0.828439241755049,0.171560758244951
"CCCGAAGTTTCGCGAA-1","doublet_certain","Meis2","Astro",FALSE,FALSE,5153.14936877503,6016.85596170669,TRUE,TRUE,0.887829854568872,0.112170145431128
"CCCGACCATAGTCCGC-1","doublet_certain","L2-3 IT","Astro",FALSE,FALSE,3841.51944912331,4213.46583102839,TRUE,TRUE,0.936488987741801,0.0635110122581989
"CCCGAGTTTCTCCGTA-1","doublet_certain","Pvalb","Oligo",FALSE,FALSE,2655.22719779105,3435.94740582644,TRUE,TRUE,0.648927860769881,0.351072139230119
"CCCGCAGCGCGAACTA-1","doublet_certain","L2-3 IT","Astro",FALSE,FALSE,4584.35007051264,5100.85006886055,TRUE,TRUE,0.907821517720981,0.0921784822790188
"CCCGGGTCGTTCAGGG-1","doublet_certain","L5 IT","Astro",FALSE,FALSE,3735.58494364356,4746.63889967658,TRUE,TRUE,0.764757352070849,0.235242647929151
"CCCGGTGTATCGGAAT-1","doublet_certain","Meis2","Oligo",FALSE,FALSE,5133.17481860581,5792.06568200882,TRUE,TRUE,0.907256419829146,0.0927435801708538
"CCCGTAAGTCTAGGCC-1","doublet_certain","L2-3 IT","Astro",FALSE,FALSE,3924.90338970801,4470.44728114621,TRUE,TRUE,0.900653126264283,0.0993468737357171
"CCCGTAGCTGGGAAGA-1","doublet_certain","L6 IT","Astro",FALSE,FALSE,3814.42697337524,4307.66011075769,TRUE,TRUE,0.890964848652155,0.109035151347845
"CCCGTCAGCGTCTGAC-1","doublet_certain","L2-3 IT","Astro",FALSE,FALSE,3722.3979767445,4448.90964579834,TRUE,TRUE,0.890136790230022,0.109863209769978
"CCCGTGAGGGCGGTGA-1","doublet_certain","Meis2","Astro",FALSE,FALSE,5369.9483841986,6267.8644340604,TRUE,TRUE,0.885038303977227,0.114961696022773
"CCCGTTTCGCAGATGT-1","doublet_certain","Oligo","Pvalb",FALSE,FALSE,1103.92787429878,1210.556645816,TRUE,TRUE,0.689748307032902,0.310251692967098
"CCCTACTTGAACAATG-1","doublet_certain","L2-3 IT","Astro",FALSE,FALSE,5624.78387802129,6773.47228740592,TRUE,TRUE,0.855042393955869,0.144957606044131
"CCCTAGGCAACAAGAG-1","doublet_certain","Meis2","Oligo",FALSE,FALSE,5729.78732260817,6766.26679012712,TRUE,TRUE,0.852686537565052,0.147313462434948
"CCCTATGTAGAGCAGA-1","doublet_certain","L5 IT","Astro",FALSE,FALSE,4401.8237917523,5486.15337092121,TRUE,TRUE,0.746882647000154,0.253117352999845
"CCCTCCTCGCTCGTAT-1","doublet_certain","Oligo","Astro",FALSE,FALSE,1849.13993186434,1989.71990745054,TRUE,TRUE,0.869557369019242,0.130442630980758
"CCCTGAAATGAGTTGA-1","doublet_certain","L5 IT","Astro",FALSE,FALSE,4235.2559064461,4858.99870888541,TRUE,TRUE,0.904243668217684,0.0957563317823163
"CCCTGCCCAATCCGCT-1","doublet_certain","Lamp5","Astro",FALSE,FALSE,4069.29216751063,4835.0427885038,TRUE,TRUE,0.785593041464484,0.214406958535516
"CCCTGCGCTACGCATA-1","doublet_certain","L2-3 IT","Astro",FALSE,FALSE,2557.44997122985,3090.66109159387,TRUE,TRUE,0.807887053707267,0.192112946292733
"CCCTGGCTGTTCCTTC-1","doublet_certain","Meis2","Astro",FALSE,FALSE,5176.59741301154,5969.88045507451,TRUE,TRUE,0.895189612618669,0.104810387381331
"CCCTTTAATGGAGTTC-1","doublet_certain","Sst","Oligo",FALSE,FALSE,4373.09409087042,4916.82245893614,TRUE,TRUE,0.899874525910756,0.100125474089244
"CCCTTTGACAGGTCTT-1","doublet_certain","L5 IT","Oligo",FALSE,FALSE,4644.58099300793,5084.10494299708,TRUE,TRUE,0.937014646921746,0.0629853530782535
"CCGAACACTGGGCCTC-1","doublet_certain","Meis2","Astro",FALSE,FALSE,4819.63875965485,6053.35242994976,TRUE,TRUE,0.752032692970827,0.247967307029173
"CCGAACCTTCCCGGCC-1","doublet_certain","L2-3 IT","Oligo",FALSE,FALSE,4451.33681193356,5170.15737097461,TRUE,TRUE,0.834433574310766,0.165566425689234
"CCGAAGCATTGACCAA-1","doublet_certain","Vip","Astro",FALSE,FALSE,5155.2374984891,6315.18344764119,TRUE,TRUE,0.693039685812136,0.306960314187864
"CCGACAATAGGCCGCC-1","doublet_certain","Oligo","Sst",FALSE,FALSE,2697.13671531293,3521.26128889145,TRUE,TRUE,0.45508288660865,0.54491711339135
"CCGACGGGCATGAGGT-1","doublet_certain","Meis2","Oligo",FALSE,FALSE,4828.77865992045,5385.74833011483,TRUE,TRUE,0.897289555768182,0.102710444231818
"CCGACGTAAACACAAC-1","doublet_certain","L2-3 IT","Astro",FALSE,FALSE,3964.45396847123,4724.60719635318,TRUE,TRUE,0.874189102632836,0.125810897367164
"CCGAGAAGTCGCATAA-1","doublet_certain","Oligo","L5 IT",FALSE,FALSE,2201.1350697391,2713.0338500886,TRUE,TRUE,0.519096832100739,0.480903167899261
"CCGAGCTGTGCTTGTC-1","doublet_certain","L5 IT","Astro",FALSE,FALSE,4102.03973856386,4495.09259625734,TRUE,TRUE,0.946009893530892,0.0539901064691085
"CCGATCTCAACCTTAT-1","doublet_certain","L6 IT","Oligo",FALSE,FALSE,3507.50435792495,4501.55774368032,TRUE,TRUE,0.57686956515367,0.42313043484633
"CCGATTCGAGGGACCC-1","doublet_uncertain","VLMC","Sst",FALSE,FALSE,3443.1940847103,5413.02426823845,TRUE,TRUE,0.279532016774531,0.720467983225469
"CCGCACAAAGACCAAC-1","doublet_certain","L2-3 IT","Astro",FALSE,FALSE,5515.91278009199,6576.37444219399,TRUE,TRUE,0.84857221160938,0.15142778839062
"CCGCACTTGCAATGAC-1","doublet_certain","Sst","Astro",FALSE,FALSE,4928.79873915741,5581.02702019693,TRUE,TRUE,0.9075190276485,0.0924809723515
"CCGCATGTGGTACGAT-1","doublet_certain","L2-3 IT","Astro",FALSE,FALSE,4313.68632692582,5134.98603589292,TRUE,TRUE,0.864521762848966,0.135478237151034
"CCGCCGGAACTTCTCG-1","doublet_certain","L5 IT","Meis2",FALSE,FALSE,5244.53884873214,6126.8830554052,TRUE,TRUE,0.511196608669416,0.488803391330584
"CCGCCTGCGAATTGGT-1","doublet_certain","L2-3 IT","Astro",FALSE,FALSE,3716.23660829449,4156.09624888393,TRUE,TRUE,0.929368195210184,0.0706318047898163
"CCGCCTTGCGATGTCG-1","doublet_certain","Meis2","Astro",FALSE,FALSE,4596.72912353237,4977.40550695781,TRUE,TRUE,0.941194439306559,0.0588055606934406
"CCGCGATTTGGTAGGT-1","doublet_uncertain","Astro","Pvalb",FALSE,FALSE,4288.31531291997,6616.65630062458,TRUE,TRUE,0.251258380997338,0.748741619002662
"CCGCGCAAGATACCCA-1","doublet_certain","Meis2","Astro",FALSE,FALSE,4855.44893517004,6238.55887098234,TRUE,TRUE,0.542057468040685,0.457942531959315
"CCGCGGAATGCGTCAC-1","doublet_certain","L2-3 IT","Astro",FALSE,FALSE,3950.65056703964,4673.09828384621,TRUE,TRUE,0.831093575766606,0.168906424233394
"CCGCGGGTACGAAGAA-1","doublet_certain","L2-3 IT","Astro",FALSE,FALSE,2727.77755758758,3463.3236313828,TRUE,TRUE,0.76071972202535,0.23928027797465
"CCGCTATCAGCACCAG-1","doublet_certain","L2-3 IT","Astro",FALSE,FALSE,4142.63411710629,4638.66069287301,TRUE,TRUE,0.903290464265309,0.0967095357346911
"CCGCTCCAGGGCGATC-1","doublet_certain","L5 IT","Astro",FALSE,FALSE,4778.06604039432,5954.39131727224,TRUE,TRUE,0.770383032609287,0.229616967390713
"CCGCTCTTCCGAACTA-1","doublet_uncertain","Sst","Oligo",FALSE,FALSE,4670.98869357248,5360.41404022999,TRUE,TRUE,0.859899930377866,0.140100069622133
"CCGCTTACCTCACTCT-1","doublet_certain","L5 IT","Astro",FALSE,FALSE,4115.3943925439,4762.69044085182,TRUE,TRUE,0.913455024234659,0.0865449757653412
"CCGCTTGCTGACATGG-1","doublet_certain","L6 IT","Astro",FALSE,FALSE,4678.18108337843,5077.57867845473,TRUE,TRUE,0.943072297193177,0.0569277028068234
"CCGGAGCGTACTTTCT-1","doublet_certain","L6 IT","Oligo",FALSE,FALSE,4661.1004144656,5403.99264361124,TRUE,TRUE,0.867160894684224,0.132839105315776
"CCGGCACGACCGTTTC-1","doublet_uncertain","Oligo","L6 IT",FALSE,FALSE,666.739213807017,713.126991452428,TRUE,TRUE,0.732847373338415,0.267152626661585
"CCGGCCGCGAGCATAT-1","doublet_certain","Meis2","Astro",FALSE,FALSE,3299.78297448877,3862.47366688512,TRUE,TRUE,0.804459249268709,0.195540750731291
"CCGGCGTGAGACTCTG-1","doublet_certain","Meis2","Astro",FALSE,FALSE,5123.52756015256,6413.50375359088,TRUE,TRUE,0.751669409550566,0.248330590449434
"CCGGGCGGTCTCGTCA-1","doublet_certain","L6b","Oligo",FALSE,FALSE,4246.00062663512,5298.97828733178,TRUE,TRUE,0.815202119746031,0.184797880253969
"CCGGGCTGCTCCATAC-1","doublet_certain","L2-3 IT","Oligo",FALSE,FALSE,3844.94132259869,4764.11615235402,TRUE,TRUE,0.687322671928042,0.312677328071958
"CCGGGTTCGAGGTTAC-1","doublet_certain","L5 IT","Astro",FALSE,FALSE,4428.56099234135,5107.75954572563,TRUE,TRUE,0.899878203840609,0.100121796159391
"CCGGTAATGGCTAGTC-1","doublet_certain","Sst","Oligo",FALSE,FALSE,4048.40499383149,5130.2531702639,TRUE,TRUE,0.574163122858847,0.425836877141153
"CCGGTTTGTAATTGTG-1","doublet_certain","L6 IT","Astro",FALSE,FALSE,4463.19811376496,4895.46832823665,TRUE,TRUE,0.940633406647991,0.0593665933520086
"CCGTAAGTTGGTCCCA-1","doublet_certain","Oligo","L5 IT",FALSE,FALSE,2942.86579919828,3379.44653875415,TRUE,TRUE,0.722370534692554,0.277629465307446
"CCGTAGGAAATCCCTG-1","doublet_certain","Sst","Astro",FALSE,FALSE,4912.2468013535,5729.94115343917,TRUE,TRUE,0.851363801157772,0.148636198842228
"CCGTAGGGTTGTTTAC-1","doublet_certain","Sst","Astro",FALSE,FALSE,4343.98775753874,5168.7221027488,TRUE,TRUE,0.827423379229699,0.172576620770301
"CCGTATCTCGTCGTAG-1","doublet_certain","L5 IT","Astro",FALSE,FALSE,4701.93217307386,5562.73774297928,TRUE,TRUE,0.843272456460818,0.156727543539182
"CCGTATTAGCGCAGTT-1","doublet_certain","L5 IT","Astro",FALSE,FALSE,4031.57619128795,4726.01977576203,TRUE,TRUE,0.889393799620118,0.110606200379882
"CCGTGGAACGATCCAA-1","doublet_certain","L6 CT","Oligo",FALSE,FALSE,3300.82386360579,4026.80043374179,TRUE,TRUE,0.818662644229991,0.181337355770009
"CCGTGTTAAATTCCAT-1","doublet_certain","L2-3 IT","Astro",FALSE,FALSE,3939.84491377398,4456.44887704265,TRUE,TRUE,0.907222971548353,0.0927770284516467
"CCGTTACGTTAGAACA-1","doublet_certain","L5 IT","Astro",FALSE,FALSE,4304.22854576035,5075.91269192252,TRUE,TRUE,0.895404783506279,0.104595216493721
"CCGTTCCGAATCTCGG-1","doublet_certain","L5 IT","Astro",FALSE,FALSE,3773.30542573715,4783.91324933884,TRUE,TRUE,0.730491144559587,0.269508855440414
"CCTAAAGGCTGACGCT-1","doublet_certain","L6 IT","Astro",FALSE,FALSE,2282.13887511785,2727.19638037508,TRUE,TRUE,0.753145366330519,0.246854633669481
"CCTAAATTAACGGTTC-1","doublet_certain","L2-3 IT","Oligo",FALSE,FALSE,3873.72480737459,4655.14313262306,TRUE,TRUE,0.772003411585013,0.227996588414987
"CCTAAATTGTATCCTA-1","doublet_certain","Oligo","Macrophage",FALSE,FALSE,1203.0015594698,1229.67319080043,TRUE,TRUE,0.97867326361597,0.0213267363840301
"CCTAACCCAAACAAGT-1","doublet_certain","L2-3 IT","Oligo",FALSE,FALSE,3949.98194924381,4930.90951655801,TRUE,TRUE,0.697040465383794,0.302959534616206
"CCTAACTAAGGCTCTA-1","doublet_certain","L5 IT","Astro",FALSE,FALSE,4099.11180408376,4768.46225535485,TRUE,TRUE,0.897824916499859,0.102175083500141
"CCTACATTCACAGACG-1","doublet_certain","L5 IT","VLMC",FALSE,FALSE,3776.85513372215,4733.77664487724,TRUE,TRUE,0.768354126619915,0.231645873380085
"CCTACTGCTTACACTT-1","doublet_certain","L5 IT","Astro",FALSE,FALSE,3925.49240714317,4576.24941495433,TRUE,TRUE,0.877873023723768,0.122126976276233
"CCTAGGCGTAGCGATC-1","doublet_certain","L2-3 IT","Oligo",FALSE,FALSE,3809.86200168982,4548.58983163524,TRUE,TRUE,0.7969165955923,0.2030834044077
"CCTAGGTAAAGGTAGC-1","doublet_certain","Meis2","Oligo",FALSE,FALSE,5360.50171824402,6373.62074382538,TRUE,TRUE,0.850079656970272,0.149920343029728
"CCTATAATGAGTGCCC-1","doublet_certain","L2-3 IT","Oligo",FALSE,FALSE,4051.21607709036,4662.31973226255,TRUE,TRUE,0.843524705029204,0.156475294970796
"CCTATACCGTCCTGTC-1","doublet_certain","L2-3 IT","Astro",FALSE,FALSE,4491.80464140557,4956.88663757291,TRUE,TRUE,0.942902725075258,0.0570972749247423
"CCTATATCGTGTCACG-1","doublet_uncertain","Astro","Lamp5",FALSE,FALSE,4058.34105658172,5966.86008775709,TRUE,TRUE,0.321725659676775,0.678274340323225
"CCTATATTTGTCCTGG-1","doublet_certain","L5 IT","Astro",FALSE,FALSE,3185.64345806581,4403.10982021101,TRUE,TRUE,0.596264722232028,0.403735277767972
"CCTATCTATATCGGAA-1","doublet_certain","L2-3 IT","Astro",FALSE,FALSE,3835.96636307037,4318.28286197696,TRUE,TRUE,0.920789115333255,0.0792108846667451
"CCTATGAAGTGGTGCC-1","doublet_uncertain","Oligo","L6 IT",FALSE,FALSE,674.197456608557,694.57256171202,TRUE,TRUE,0.908944289652525,0.0910557103474748
"CCTATGGCTCCTAGTG-1","doublet_certain","L6 IT","Astro",FALSE,FALSE,3269.42097205598,4316.5971578545,TRUE,TRUE,0.583600280729845,0.416399719270155
"CCTATGGGTTACCGTC-1","doublet_certain","L5 IT","Oligo",FALSE,FALSE,4820.47316313814,5563.64058256272,TRUE,TRUE,0.890550920741803,0.109449079258197
"CCTATGGTCAAAGCTG-1","doublet_certain","L2-3 IT","Astro",FALSE,FALSE,4709.36602320439,5739.77240408517,TRUE,TRUE,0.838683309734417,0.161316690265583
"CCTATGTCCACTCCAC-1","doublet_uncertain","Oligo","Sst",FALSE,FALSE,2102.67559723931,2572.98991657422,TRUE,TRUE,0.507631765750642,0.492368234249358
"CCTCAACGATCGCTGT-1","doublet_certain","L5 IT","Astro",FALSE,FALSE,5155.63143233469,6205.29117097309,TRUE,TRUE,0.825005940135803,0.174994059864197
"CCTCACCTGAGGGAGC-1","doublet_uncertain","Oligo","L6 CT",FALSE,FALSE,1434.93416413859,1657.0615996683,TRUE,TRUE,0.603964016593767,0.396035983406233
"CCTCACCTTAGCATCG-1","doublet_certain","L6 IT","Astro",FALSE,FALSE,2945.99743258914,3410.47430168515,TRUE,TRUE,0.858806003517446,0.141193996482554
"CCTCCGACAATTCAAG-1","doublet_certain","L4","Astro",FALSE,FALSE,4032.10552690809,4673.7741849403,TRUE,TRUE,0.893590299004253,0.106409700995747
"CCTCCTGAGCCCACAT-1","doublet_certain","Serpinf1","VLMC",FALSE,FALSE,3896.46928143125,5135.97464681035,TRUE,TRUE,0.681432663126614,0.318567336873386
"CCTCCTGTTGTGTCGT-1","doublet_certain","Sst","Oligo",FALSE,FALSE,4705.61100048734,5190.10921263321,TRUE,TRUE,0.90748470673476,0.09251529326524
"CCTCGCCAGCAAATTA-1","doublet_certain","L2-3 IT","Astro",FALSE,FALSE,3961.72350978966,4380.12659571039,TRUE,TRUE,0.927183299948969,0.0728167000510308
"CCTCGCGCGATATAGG-1","doublet_certain","L5 IT","Astro",FALSE,FALSE,3982.32728370679,4471.40238150907,TRUE,TRUE,0.925823335760476,0.0741766642395241
"CCTCGCGCTGTGCGAT-1","doublet_certain","L6 IT","Oligo",FALSE,FALSE,4526.11235856288,5180.58066420833,TRUE,TRUE,0.878120783797655,0.121879216202345
"CCTCGGACCGGGATAG-1","doublet_certain","L2-3 IT","Oligo",FALSE,FALSE,4205.49004981225,5069.86412671074,TRUE,TRUE,0.762804819896254,0.237195180103746
"CCTCTAATCTGCCAAG-1","doublet_certain","L5 IT","Astro",FALSE,FALSE,4232.48874931715,4831.6747052597,TRUE,TRUE,0.922804497267715,0.0771955027322851
"CCTCTATCGATTAGCA-1","doublet_certain","L5 IT","Astro",FALSE,FALSE,4708.30611301112,5606.12450434584,TRUE,TRUE,0.837528655676111,0.162471344323889
"CCTCTCTCCCATCTAG-1","doublet_certain","L5 IT","Astro",FALSE,FALSE,4124.53212924158,4647.01312565197,TRUE,TRUE,0.93027984030758,0.0697201596924204
"CCTCTGGCCTAGACGG-1","doublet_certain","Lamp5","VLMC",FALSE,FALSE,3614.89514444664,5088.8691291746,TRUE,TRUE,0.574476560722033,0.425523439277967
"CCTCTGTACTATTCTA-1","doublet_uncertain","Oligo","L5 IT",FALSE,FALSE,4344.53839479346,7369.00029365988,TRUE,TRUE,0.192001210308886,0.807998789691114
"CCTGAACGATATATTC-1","doublet_certain","L2-3 IT","Oligo",FALSE,FALSE,4485.50503691247,5146.61485412387,TRUE,TRUE,0.850720107836772,0.149279892163228
"CCTGAATATTTACATA-1","doublet_certain","L5 IT","Astro",FALSE,FALSE,4412.68810927883,4994.6252797934,TRUE,TRUE,0.923551613115089,0.0764483868849106
"CCTGACCACCGATGGT-1","doublet_certain","L2-3 IT","Astro",FALSE,FALSE,4516.03211971982,5127.9400806427,TRUE,TRUE,0.891403522354071,0.108596477645929
"CCTGCTATTTGAGAAG-1","doublet_certain","L4","Astro",FALSE,FALSE,3692.27977329024,4188.59238737394,TRUE,TRUE,0.904535324939361,0.0954646750606388
"CCTGGAAACGTTCTGC-1","doublet_certain","Sst","Oligo",FALSE,FALSE,3691.26838819109,4738.72073856492,TRUE,TRUE,0.624649737886746,0.375350262113254
"CCTGGCTAGACCCGCC-1","doublet_uncertain","Astro","L5 IT",FALSE,FALSE,3853.61329507455,7906.00082492656,TRUE,TRUE,0.130489328371275,0.869510671628726
"CCTGGTCGAATGTGGG-1","doublet_certain","L2-3 IT","Astro",FALSE,FALSE,4317.5193262376,4786.72933813975,TRUE,TRUE,0.915705271456883,0.0842947285431172
"CCTGTAAGACATGATA-1","doublet_certain","L5 IT","Astro",FALSE,FALSE,4550.33294416584,5516.19971634815,TRUE,TRUE,0.861951390045223,0.138048609954777
"CCTGTACTCACGCCCA-1","doublet_certain","L2-3 IT","Astro",FALSE,FALSE,4034.98901910808,4674.51117071594,TRUE,TRUE,0.899860437391278,0.100139562608722
"CCTGTCACCCGGGCTC-1","doublet_certain","L5 IT","Astro",FALSE,FALSE,4296.80540741529,5035.85829489086,TRUE,TRUE,0.900949707765962,0.0990502922340378
"CCTGTCCCTCACGTTA-1","doublet_certain","Oligo","Macrophage",FALSE,FALSE,693.437031235026,735.801381454891,TRUE,TRUE,0.940546284827907,0.0594537151720933
"CCTGTCGCCCGTAAAT-1","doublet_certain","L5 IT","Oligo",FALSE,FALSE,4387.08775508933,5324.49425973372,TRUE,TRUE,0.814601983183534,0.185398016816466
"CCTGTTTGAAGACACG-1","doublet_certain","L2-3 IT","Oligo",FALSE,FALSE,3486.47184518152,4451.21494866481,TRUE,TRUE,0.634766230304832,0.365233769695168
"CCTTCAGTTAAAGTGA-1","doublet_certain","L5 IT","Astro",FALSE,FALSE,3160.05202816399,4280.82797424144,TRUE,TRUE,0.602804553396059,0.397195446603941
"CCTTCGTATAGAATCC-1","doublet_certain","L6 IT","Astro",FALSE,FALSE,4465.33192104114,5531.65758651725,TRUE,TRUE,0.801985771987866,0.198014228012134
"CCTTCTCAGCGTTCCT-1","doublet_certain","Meis2","Astro",FALSE,FALSE,4467.59191680538,5226.06907793016,TRUE,TRUE,0.881004833964867,0.118995166035133
"CCTTCTTGATCCAGTG-1","doublet_certain","L2-3 IT","Astro",FALSE,FALSE,3663.93253214082,4258.16691763667,TRUE,TRUE,0.897548008516324,0.102451991483676
"CCTTGACCACTTTATT-1","doublet_uncertain","Oligo","NP",FALSE,FALSE,1027.78354073441,1106.89827972789,TRUE,TRUE,0.687866911007652,0.312133088992348
"CCTTTAAGGGAGCACT-1","doublet_certain","L2-3 IT","Astro",FALSE,FALSE,3913.95342178852,4501.66064802684,TRUE,TRUE,0.915611849405505,0.0843881505944951
"CCTTTCAATGAAGAAA-1","doublet_certain","L5 IT","Oligo",FALSE,FALSE,4433.09558169957,5147.47828827527,TRUE,TRUE,0.858590023473523,0.141409976526477
"CCTTTGAATTATGGCT-1","doublet_certain","Vip","Astro",FALSE,FALSE,3450.77493278567,3849.18392784972,TRUE,TRUE,0.84021761394389,0.159782386056111
"CGAAACGCAATTCATG-1","doublet_certain","L5 IT","Astro",FALSE,FALSE,4444.53831452049,5288.62596171284,TRUE,TRUE,0.89341221373281,0.10658778626719
"CGAACAGTATGGGCGT-1","doublet_certain","Oligo","Pvalb",FALSE,FALSE,2178.17289319015,2899.82888862272,TRUE,TRUE,0.42978382840684,0.57021617159316
"CGAACCCGCATGCGTC-1","doublet_certain","L5 IT","Astro",FALSE,FALSE,4277.21679204154,4893.07164721355,TRUE,TRUE,0.914186342821596,0.0858136571784043
"CGAACGGCCGGACAAC-1","doublet_certain","Meis2","Oligo",FALSE,FALSE,5273.42889224232,6220.07445672751,TRUE,TRUE,0.857365109171365,0.142634890828635
"CGAAGCTATAAATTCA-1","doublet_certain","L5 IT","Astro",FALSE,FALSE,4452.27048230093,5148.13436203198,TRUE,TRUE,0.909328641871749,0.0906713581282509
"CGAAGTTGCTCTGTGT-1","doublet_certain","L5 IT","Astro",FALSE,FALSE,4116.32691770663,4748.2079623755,TRUE,TRUE,0.901415604263027,0.0985843957369735
"CGAATCTGCTCGACGC-1","doublet_certain","L6 IT","Astro",FALSE,FALSE,3692.67993107323,4969.62441900317,TRUE,TRUE,0.536608529728861,0.463391470271139
"CGAATGAAGTCATTGC-1","doublet_certain","L5 IT","Astro",FALSE,FALSE,3483.13962890995,4523.31226189836,TRUE,TRUE,0.606590938565857,0.393409061434143
"CGAATGACGCATAATG-1","doublet_certain","L5 IT","Astro",FALSE,FALSE,4763.752593001,5024.92918362631,TRUE,TRUE,0.974868848731493,0.0251311512685071
"CGACAATTTGATCTAA-1","doublet_uncertain","Oligo","L2-3 IT",FALSE,FALSE,2381.61794450432,3037.95136693938,TRUE,TRUE,0.47324336400249,0.52675663599751
"CGACACGCTCCGACAG-1","doublet_certain","L2-3 IT","Oligo",FALSE,FALSE,4069.95180157397,4851.38139756393,TRUE,TRUE,0.788322620670314,0.211677379329686
"CGACAGTTCGCGTTAT-1","doublet_certain","L5 IT","Astro",FALSE,FALSE,4643.60247886679,5495.88637323325,TRUE,TRUE,0.883681173338241,0.116318826661759
"CGACCCTTAACGCCGG-1","doublet_certain","Meis2","Oligo",FALSE,FALSE,4879.65552950629,6225.81988720166,TRUE,TRUE,0.67375228480516,0.32624771519484
"CGACCTACTAGACAAT-1","doublet_certain","Meis2","Astro",FALSE,FALSE,6019.69685173973,7042.45125801261,TRUE,TRUE,0.882847393698749,0.117152606301251
"CGACGCATCCGTACCT-1","doublet_certain","Meis2","Oligo",FALSE,FALSE,4563.40249199355,5356.32370118314,TRUE,TRUE,0.848823057078578,0.151176942921422
"CGACTCAGGATGTTAT-1","doublet_certain","L5 IT","Astro",FALSE,FALSE,3794.61754101761,4235.94377430296,TRUE,TRUE,0.927877058631657,0.0721229413683426
"CGACTTTGTATAGCCT-1","doublet_uncertain","Oligo","L6 IT",FALSE,FALSE,1464.23252485106,1765.23310897118,TRUE,TRUE,0.546970187302579,0.453029812697421
"CGAGACCCTAGAGTGT-1","doublet_certain","L2-3 IT","Astro",FALSE,FALSE,4563.89197252219,5379.72490844225,TRUE,TRUE,0.859910606864725,0.140089393135275
"CGAGACTACTGCTGCT-1","doublet_certain","L2-3 IT","Astro",FALSE,FALSE,5164.01722978743,5661.54744174311,TRUE,TRUE,0.947663732577419,0.0523362674225812
"CGAGAGATGTGAACCT-1","doublet_certain","L5 IT","Astro",FALSE,FALSE,4767.57438652136,5576.20952928815,TRUE,TRUE,0.902787784986712,0.0972122150132885
"CGAGAGCGCGTAGATA-1","doublet_certain","Meis2","Astro",FALSE,FALSE,5303.30308851556,6011.11150841858,TRUE,TRUE,0.906296607357034,0.0937033926429663
"CGAGAGCTTTCACTAC-1","doublet_certain","Sst","Astro",FALSE,FALSE,4631.34078807843,5369.43992837295,TRUE,TRUE,0.864110630740655,0.135889369259345
"CGAGAGGGTAGCCGCG-1","doublet_certain","Oligo","Pvalb",FALSE,FALSE,3198.71003596036,4126.74489702754,TRUE,TRUE,0.416853705711798,0.583146294288202
"CGAGCTGGGCTTTAGG-1","doublet_certain","L2-3 IT","Astro",FALSE,FALSE,2534.06907964914,3443.1625195625,TRUE,TRUE,0.632373413556628,0.367626586443372
"CGAGGCTAAATATGGC-1","doublet_certain","L5 IT","Oligo",FALSE,FALSE,4763.28108175631,5269.17074006682,TRUE,TRUE,0.928859426013374,0.0711405739866257
"CGAGGGACTGCGGTCG-1","doublet_certain","L2-3 IT","Astro",FALSE,FALSE,4457.90744748355,5195.8770645106,TRUE,TRUE,0.866849576817418,0.133150423182582
"CGAGGGTATCCAGGTG-1","doublet_certain","L5 IT","Astro",FALSE,FALSE,4788.53697076331,5219.78959881678,TRUE,TRUE,0.956155428869416,0.0438445711305841
"CGAGTACTAAAGAGGA-1","doublet_certain","L5 IT","Astro",FALSE,FALSE,4447.28536303371,5216.04131899596,TRUE,TRUE,0.87683518544958,0.12316481455042
"CGAGTGAAGGTACCAG-1","doublet_uncertain","Meis2","Oligo",FALSE,FALSE,4005.8403812672,4795.77527798775,TRUE,TRUE,0.785793222670266,0.214206777329734
"CGAGTTCTGTCCCACC-1","doublet_certain","L5 IT","Astro",FALSE,FALSE,3873.91782670365,4261.57145428031,TRUE,TRUE,0.929089709041431,0.0709102909585689
"CGAGTTTATCGGACTG-1","doublet_certain","L2-3 IT","Oligo",FALSE,FALSE,3171.77208370403,4210.91596932101,TRUE,TRUE,0.613297635608004,0.386702364391996
"CGATACCTCGCGGACA-1","doublet_certain","L6 IT","Astro",FALSE,FALSE,4702.32702767817,5313.95316278769,TRUE,TRUE,0.926996908296502,0.0730030917034984
"CGATAGTCGTACTGCA-1","doublet_certain","Sst","Oligo",FALSE,FALSE,4713.97512350059,5775.66719281384,TRUE,TRUE,0.776816916573449,0.223183083426551
"CGATCCGACCCAGTGC-1","doublet_certain","L6 IT","Astro",FALSE,FALSE,4992.7190965962,5663.28572061688,TRUE,TRUE,0.919788528346173,0.0802114716538274
"CGATCTGTTGGAGGAC-1","doublet_certain","L6 IT","Astro",FALSE,FALSE,3339.36769844177,4028.9832826591,TRUE,TRUE,0.73245374715658,0.26754625284342
"CGATGGACCCTACGCC-1","doublet_certain","L5 IT","Oligo",FALSE,FALSE,3854.93684015208,4370.01389230539,TRUE,TRUE,0.899919845542984,0.100080154457016
"CGATGTTGTTATCTAC-1","doublet_certain","Pvalb","Astro",FALSE,FALSE,4330.17668223924,5194.56249530701,TRUE,TRUE,0.822296586714452,0.177703413285548
"CGATTAAATATCTCCT-1","doublet_certain","L6 IT","Astro",FALSE,FALSE,4497.50486949727,5159.40948360091,TRUE,TRUE,0.885882121083134,0.114117878916866
"CGATTCGCCTGGCTGC-1","doublet_certain","L2-3 IT","Oligo",FALSE,FALSE,4043.52623027108,4926.1411176938,TRUE,TRUE,0.73398969388371,0.26601030611629
"CGCAAACACGAGTTAC-1","doublet_certain","L2-3 IT","Astro",FALSE,FALSE,2881.75579442417,3190.5510224731,TRUE,TRUE,0.919693858681782,0.0803061413182176
"CGCAATTAGGGTAATA-1","doublet_certain","L5 IT","Astro",FALSE,FALSE,4282.16679731762,4894.13054370884,TRUE,TRUE,0.912178016146805,0.0878219838531952
"CGCACATGTCCACTAC-1","doublet_certain","L2-3 IT","Oligo",FALSE,FALSE,4189.87916839628,4869.1428240463,TRUE,TRUE,0.819287068849566,0.180712931150434
"CGCACGTGCGCTATCA-1","doublet_certain","L2-3 IT","Oligo",FALSE,FALSE,4150.71067831884,5185.38674302677,TRUE,TRUE,0.707113370841503,0.292886629158497
"CGCAGATCTTCACCCG-1","doublet_uncertain","Oligo","L5 IT",FALSE,FALSE,3109.35817922002,4239.26021359214,TRUE,TRUE,0.442335485971919,0.557664514028081
"CGCAGGCGATCCAAAC-1","doublet_certain","Oligo","Pvalb",FALSE,FALSE,1106.33799976974,1199.81896589141,TRUE,TRUE,0.756982380300927,0.243017619699073
"CGCATGCCGAATGCGT-1","doublet_certain","Sst","Astro",FALSE,FALSE,5143.10557343779,5880.41783592304,TRUE,TRUE,0.887280269457671,0.112719730542329
"CGCATGGTGCGATGCT-1","doublet_certain","L2-3 IT","Astro",FALSE,FALSE,4922.78635158069,5510.17058795431,TRUE,TRUE,0.909270565441901,0.090729434558099
"CGCATTAGCTAATAGG-1","doublet_certain","L5 IT","Astro",FALSE,FALSE,3983.37671379263,4565.34075350659,TRUE,TRUE,0.912179470435725,0.0878205295642749
"CGCCACAGGTCGCGAT-1","doublet_certain","Meis2","Astro",FALSE,FALSE,4760.21623624648,5837.56446047731,TRUE,TRUE,0.802635214603045,0.197364785396955
"CGCCATCCGATTATGA-1","doublet_certain","L5 IT","Astro",FALSE,FALSE,4086.40727560295,4689.23117458152,TRUE,TRUE,0.913170140990938,0.0868298590090619
"CGCCCAGCACGCCTAG-1","doublet_certain","L5 IT","Astro",FALSE,FALSE,4667.23873474836,5261.89806475221,TRUE,TRUE,0.941023547475126,0.058976452524874
"CGCCCAGCGTTTCACG-1","doublet_certain","Sst","Oligo",FALSE,FALSE,4127.99885952062,4789.29331365309,TRUE,TRUE,0.850780740690917,0.149219259309082
"CGCCCGCTTCCGTACA-1","doublet_certain","L2-3 IT","Astro",FALSE,FALSE,3514.72380158425,3908.30031319133,TRUE,TRUE,0.931664307020759,0.0683356929792415
"CGCCGCCCATGCCTGT-1","doublet_certain","L2-3 IT","Oligo",FALSE,FALSE,3693.46974359799,4244.86813765723,TRUE,TRUE,0.821468401779123,0.178531598220877
"CGCCGTTCAGCATAGT-1","doublet_certain","Oligo","Pvalb",FALSE,FALSE,2718.43409789503,3513.46416023182,TRUE,TRUE,0.408485042424078,0.591514957575922
"CGCCTCCCTCCTCTAT-1","doublet_certain","L5 IT","Oligo",FALSE,FALSE,3095.55258158289,3503.93887807615,TRUE,TRUE,0.832102632328784,0.167897367671216
"CGCCTGGCCTACGTAA-1","doublet_certain","L2-3 IT","Astro",FALSE,FALSE,4098.63709365365,4806.37779008448,TRUE,TRUE,0.897303402375737,0.102696597624263
"CGCGAAGTGGCATACT-1","doublet_certain","Sst","Astro",FALSE,FALSE,5123.03546913399,5815.58306543373,TRUE,TRUE,0.893474864647705,0.106525135352295
"CGCGACCGCGACAGAT-1","doublet_certain","L2-3 IT","Astro",FALSE,FALSE,4417.61257184817,5288.81078610262,TRUE,TRUE,0.822878614185532,0.177121385814468
"CGCGAGAGGGACTTGT-1","doublet_certain","L4","Astro",FALSE,FALSE,4682.99711850255,5341.31497034919,TRUE,TRUE,0.917672497898519,0.082327502101481
"CGCGAGTCTGCCGGGT-1","doublet_certain","Meis2","Astro",FALSE,FALSE,5167.76888417348,5997.13940952439,TRUE,TRUE,0.88769776224028,0.11230223775972
"CGCGCAAATGTCCAGA-1","doublet_certain","Meis2","Astro",FALSE,FALSE,5776.6291901515,6864.66047194289,TRUE,TRUE,0.836652223975734,0.163347776024266
"CGCGCATGTTTGATTG-1","doublet_certain","L5 IT","Astro",FALSE,FALSE,4606.21746953814,5130.07718242306,TRUE,TRUE,0.935179992312245,0.0648200076877552
"CGCGCCCGACTTAATA-1","doublet_certain","L5 IT","Astro",FALSE,FALSE,4439.9180122454,5106.03217762383,TRUE,TRUE,0.904711931989281,0.0952880680107188
"CGCGGCTCAACTTGAA-1","doublet_certain","L2-3 IT","Oligo",FALSE,FALSE,3004.84091282156,3836.29736587448,TRUE,TRUE,0.622699659445004,0.377300340554996
"CGCGGGAATTAGGCAG-1","doublet_certain","L5 IT","Astro",FALSE,FALSE,4161.7342226141,4733.9927024948,TRUE,TRUE,0.918131555272182,0.0818684447278179
"CGCGGGAATTCCTTTC-1","doublet_certain","L2-3 IT","Astro",FALSE,FALSE,4451.83559296833,5503.62963783676,TRUE,TRUE,0.803587975978395,0.196412024021605
"CGCGGTCACAAACCAA-1","doublet_certain","L5 IT","Astro",FALSE,FALSE,4731.92249045048,5493.09010042589,TRUE,TRUE,0.906008884637877,0.093991115362123
"CGCGTTCATGAAATAC-1","doublet_certain","L5 IT","Astro",FALSE,FALSE,4239.7618688531,4894.55480597067,TRUE,TRUE,0.902897809931826,0.0971021900681743
"CGCTACGGGACATTTA-1","doublet_certain","L5 IT","Oligo",FALSE,FALSE,4604.47657304453,5296.65885846169,TRUE,TRUE,0.89336965757539,0.10663034242461
"CGCTAGAGACCGCTGC-1","doublet_certain","L2-3 IT","Oligo",FALSE,FALSE,4021.8321036582,5240.36046551238,TRUE,TRUE,0.596740445949624,0.403259554050376
"CGCTATTCTTAGGCTC-1","doublet_uncertain","Oligo","L5 IT",FALSE,FALSE,2307.52382099612,3451.74631457147,TRUE,TRUE,0.323351980327051,0.676648019672949
"CGCTCTCCGTAGATTA-1","doublet_certain","L5 IT","Astro",FALSE,FALSE,3924.38334753358,4639.531811837,TRUE,TRUE,0.898724636789929,0.101275363210071
"CGCTGGTGACTACCCT-1","doublet_certain","Pvalb","Oligo",FALSE,FALSE,2765.88538314181,3540.19681809187,TRUE,TRUE,0.629083364922082,0.370916635077919
"CGCTGTGACGCCGCAC-1","doublet_certain","L2-3 IT","Astro",FALSE,FALSE,3610.02745970956,4218.45989538483,TRUE,TRUE,0.898527561770689,0.101472438229311
"CGCTGTGTGGATGTTG-1","doublet_uncertain","Astro","L5 IT",FALSE,FALSE,3173.65698321225,4998.360290267,TRUE,TRUE,0.33719246542972,0.66280753457028
"CGCTTATTCCCGGTCG-1","doublet_certain","L5 IT","Astro",FALSE,FALSE,3993.73270794511,4636.09341667377,TRUE,TRUE,0.909719298935174,0.0902807010648264
"CGCTTCGGTCTAAGAC-1","doublet_certain","Sst","Astro",FALSE,FALSE,4361.15985596522,5072.41534404189,TRUE,TRUE,0.879798477204103,0.120201522795897
"CGCTTTCTTGCATTCG-1","doublet_certain","Oligo","L6 CT",FALSE,FALSE,1997.47631332742,2247.15846684629,TRUE,TRUE,0.731673359462725,0.268326640537275
"CGGAAAGAATCAAACG-1","doublet_certain","L2-3 IT","Astro",FALSE,FALSE,4832.72349233277,5468.82436655016,TRUE,TRUE,0.931239904258382,0.0687600957416184
"CGGAACGTAAACATAG-1","doublet_certain","L5 IT","Astro",FALSE,FALSE,4219.14874460439,4944.3642593937,TRUE,TRUE,0.887125084082802,0.112874915917198
"CGGACCTTTACGTCCC-1","doublet_certain","L2-3 IT","Astro",FALSE,FALSE,4461.84928298757,5622.84023927787,TRUE,TRUE,0.762799551958913,0.237200448041087
"CGGACGTTACTTGAAG-1","doublet_certain","Meis2","L5 IT",FALSE,FALSE,5119.74863398255,6022.68773101798,TRUE,TRUE,0.512838085616607,0.487161914383393
"CGGAGCAATTTAATCG-1","doublet_certain","L6 IT","Oligo",FALSE,FALSE,4881.43692986876,5586.35662090015,TRUE,TRUE,0.890575794171324,0.109424205828676
"CGGAGCATGGCGATCC-1","doublet_certain","L2-3 IT","Oligo",FALSE,FALSE,4779.51242068323,5502.21818006231,TRUE,TRUE,0.842637215482609,0.157362784517391
"CGGAGTTTGAGAGACA-1","doublet_certain","L2-3 IT","Astro",FALSE,FALSE,3490.46468241428,4059.64695451877,TRUE,TRUE,0.896556376474728,0.103443623525272
"CGGATCCTCAAGGACT-1","doublet_certain","L2-3 IT","Astro",FALSE,FALSE,4479.75822501836,5085.73108993747,TRUE,TRUE,0.886216751890144,0.113783248109855
"CGGCAAACATCGTGCG-1","doublet_certain","L2-3 IT","Oligo",FALSE,FALSE,4977.30954384556,5742.04898927024,TRUE,TRUE,0.861703759134819,0.138296240865181
"CGGCAATAAGATCGCC-1","doublet_uncertain","Oligo","Astro",FALSE,FALSE,1886.61281504909,2043.904285411,TRUE,TRUE,0.825586543931181,0.174413456068819
"CGGCAGGGTCGGGTTG-1","doublet_certain","L6 IT","Oligo",FALSE,FALSE,2612.27353526943,3449.52964719605,TRUE,TRUE,0.577648569625639,0.422351430374361
"CGGCCACGCACAAAGT-1","doublet_certain","L5 IT","Oligo",FALSE,FALSE,5125.53398626278,5847.1122919919,TRUE,TRUE,0.902057894860571,0.0979421051394288
"CGGCCCAACCTGTAGT-1","doublet_certain","L5 IT","Oligo",FALSE,FALSE,5049.32285467624,5338.72751954992,TRUE,TRUE,0.957392963233623,0.0426070367663769
"CGGCCCAGGTATATCC-1","doublet_certain","Oligo","Pvalb",FALSE,FALSE,2709.27976586811,2933.64041535749,TRUE,TRUE,0.813789130890299,0.186210869109701
"CGGCGCCATCAATCCC-1","doublet_certain","L2-3 IT","Oligo",FALSE,FALSE,4820.28153047238,5953.3104283111,TRUE,TRUE,0.745394176019276,0.254605823980724
"CGGCTCTAAAGCTGCA-1","doublet_certain","Pvalb","Oligo",FALSE,FALSE,3920.49615029335,4985.87794921542,TRUE,TRUE,0.714224552191269,0.285775447808731
"CGGGAATATAGTATAC-1","doublet_certain","Oligo","Peri",FALSE,FALSE,2519.19024004866,2781.86518454761,TRUE,TRUE,0.898533680806967,0.101466319193033
"CGGGAATTTATGTAAA-1","doublet_certain","L2-3 IT","Oligo",FALSE,FALSE,4661.72520786645,5438.06278001432,TRUE,TRUE,0.836512722669745,0.163487277330255
"CGGGAGCTTCAGTGTA-1","doublet_certain","L2-3 IT","Oligo",FALSE,FALSE,3846.96945437672,4522.66134611841,TRUE,TRUE,0.789152307055368,0.210847692944632
"CGGGATCAATGTAAGA-1","doublet_certain","L4","Astro",FALSE,FALSE,4340.11627260886,5042.70591297111,TRUE,TRUE,0.894981693368199,0.105018306631801
"CGGGCAGCTAAACCGC-1","doublet_certain","L5 IT","Oligo",FALSE,FALSE,4904.53493137917,5705.46466335621,TRUE,TRUE,0.870069215477314,0.129930784522686
"CGGGCCTTCTTTGTAA-1","doublet_certain","L6 IT","Oligo",FALSE,FALSE,4688.28411783419,5371.82256286148,TRUE,TRUE,0.887356689475538,0.112643310524463
"CGGGCGATGGATCACG-1","doublet_certain","L2-3 IT","Astro",FALSE,FALSE,5337.30192895945,6160.59307289231,TRUE,TRUE,0.887609504338983,0.112390495661017
"CGGGTGTACCCATTTA-1","doublet_uncertain","Oligo","L6 IT",FALSE,FALSE,3994.30583947942,6124.42817262398,TRUE,TRUE,0.265530103780157,0.734469896219843
"CGGGTTTGTTAGGGCT-1","doublet_certain","Oligo","L6 IT",FALSE,FALSE,1774.74981931048,1920.40292035768,TRUE,TRUE,0.713309320369595,0.286690679630405
"CGGTACGGCAAACCCA-1","doublet_certain","Meis2","Astro",FALSE,FALSE,4847.47114738015,5621.12025152184,TRUE,TRUE,0.860480605668578,0.139519394331422
"CGGTACTAGAATCAAA-1","doublet_certain","L2-3 IT","Oligo",FALSE,FALSE,4174.77491564215,4854.37197993475,TRUE,TRUE,0.838804356817178,0.161195643182822
"CGGTAGAGGTGCAGGT-1","doublet_certain","L5 IT","Astro",FALSE,FALSE,3989.50647144845,4430.54067996486,TRUE,TRUE,0.939045495591646,0.0609545044083537
"CGGTATAGGTATTAGC-1","doublet_uncertain","VLMC","L2-3 IT",FALSE,FALSE,2837.99652020457,4560.74326000003,TRUE,TRUE,0.337764924962216,0.662235075037784
"CGGTCAAGTGGGAACC-1","doublet_certain","L5 IT","Astro",FALSE,FALSE,4338.9889879292,4911.82125717038,TRUE,TRUE,0.925931805258203,0.0740681947417969
"CGGTCCGTCGCAAGCC-1","doublet_certain","L5 IT","Astro",FALSE,FALSE,3761.73059020873,5071.13270331411,TRUE,TRUE,0.591791649067654,0.408208350932346
"CGGTCTATCAACCCGT-1","doublet_certain","L2-3 IT","Astro",FALSE,FALSE,4140.41167773507,4599.33210874743,TRUE,TRUE,0.930440647592899,0.0695593524071005
"CGGTGAAGACTAAAGT-1","doublet_uncertain","Astro","L6 IT",FALSE,FALSE,2714.63725957392,4663.84384137261,TRUE,TRUE,0.197525606491378,0.802474393508622
"CGGTGCAGATAGAACG-1","doublet_certain","L5 IT","Astro",FALSE,FALSE,4445.59719455496,5054.79990702618,TRUE,TRUE,0.926510712635257,0.0734892873647431
"CGGTGCGCGTTGGTCC-1","doublet_certain","L5 IT","Astro",FALSE,FALSE,3715.53182585385,4312.18111252952,TRUE,TRUE,0.881907577099152,0.118092422900848
"CGGTGGGCTCCAGCCT-1","doublet_certain","L2-3 IT","Astro",FALSE,FALSE,4099.39043965457,4764.21132317804,TRUE,TRUE,0.892461324730323,0.107538675269677
"CGGTTATCCAACAGTG-1","doublet_certain","Oligo","L5 IT",FALSE,FALSE,3190.4422859468,3504.45366755662,TRUE,TRUE,0.81566944101149,0.18433055898851
"CGGTTCAAGTAGGTGT-1","doublet_certain","L5 IT","Astro",FALSE,FALSE,3274.89638373107,3644.56557692917,TRUE,TRUE,0.919229677084379,0.0807703229156213
"CGGTTGACCTGGCATA-1","doublet_certain","L2-3 IT","Astro",FALSE,FALSE,3843.4311430428,4561.64632296212,TRUE,TRUE,0.875931132722415,0.124068867277585
"CGTACCTGATAGGCCT-1","doublet_certain","L4","Astro",FALSE,FALSE,4150.08678155298,4917.76733809836,TRUE,TRUE,0.86321564748318,0.13678435251682
"CGTAGAGAGTAATTAT-1","doublet_certain","Sst","Astro",FALSE,FALSE,5206.99904522365,6099.86892715149,TRUE,TRUE,0.860411533496423,0.139588466503577
"CGTATTAAGAGATCTA-1","doublet_certain","L5 IT","Astro",FALSE,FALSE,4511.83347132671,4998.24330189278,TRUE,TRUE,0.934550498345654,0.0654495016543455
"CGTCACGTCCATTGGT-1","doublet_certain","L5 IT","Astro",FALSE,FALSE,4155.22155593672,4735.21332251026,TRUE,TRUE,0.912957151255923,0.0870428487440772
"CGTCCTCATCGCGTGC-1","doublet_certain","Sst","Astro",FALSE,FALSE,5241.90151908336,5903.08454678917,TRUE,TRUE,0.906299891161162,0.0937001088388381
"CGTCGCATGTGAGCCA-1","doublet_certain","Sst","Oligo",FALSE,FALSE,4944.83481763821,5612.34041024633,TRUE,TRUE,0.870930082690341,0.129069917309658
"CGTCGGATAGTGTTGA-1","doublet_certain","L6 IT","Oligo",FALSE,FALSE,2916.54286402533,3649.59350109806,TRUE,TRUE,0.708502344805093,0.291497655194907
"CGTCGGGTCTAAGCGC-1","doublet_certain","Meis2","Oligo",FALSE,FALSE,4694.75638757889,5293.11608014462,TRUE,TRUE,0.89219869730521,0.10780130269479
"CGTCGTCCTTCGCGAA-1","doublet_certain","L2-3 IT","Oligo",FALSE,FALSE,3886.05499516776,4338.89401922338,TRUE,TRUE,0.864810490874813,0.135189509125187
"CGTGAAGTTAATTCAC-1","doublet_uncertain","Oligo","L6b",FALSE,FALSE,3828.41840832302,6767.21536516562,TRUE,TRUE,0.196101549488817,0.803898450511183
"CGTGACATTGGGTCGT-1","doublet_certain","L2-3 IT","Astro",FALSE,FALSE,2544.22437144036,3255.46639401305,TRUE,TRUE,0.741434190741824,0.258565809258176
"CGTGACCAGTCCTCTG-1","doublet_certain","L5 IT","Astro",FALSE,FALSE,3296.02794303207,4063.21603135075,TRUE,TRUE,0.819711582311532,0.180288417688468
"CGTGCACACCACTGTA-1","doublet_certain","L6 IT","Astro",FALSE,FALSE,3892.57467584048,4775.43866670445,TRUE,TRUE,0.781505902261924,0.218494097738077
"CGTGCAGACTGGGACA-1","doublet_certain","L2-3 IT","Oligo",FALSE,FALSE,2316.70579160248,2740.40341472431,TRUE,TRUE,0.735037520146025,0.264962479853975
"CGTGCATTGTCGACGC-1","doublet_certain","L5 IT","Astro",FALSE,FALSE,4079.42079230904,4879.89956920302,TRUE,TRUE,0.867816220003232,0.132183779996768
"CGTGCCCTCCCGAAGA-1","doublet_certain","L2-3 IT","Astro",FALSE,FALSE,3771.38387706997,4347.78694623247,TRUE,TRUE,0.863589556583977,0.136410443416023
"CGTGGCCGAATATCTA-1","doublet_certain","Sst","Oligo",FALSE,FALSE,3102.26440234839,3872.47384674142,TRUE,TRUE,0.732685748863023,0.267314251136977
"CGTGTATGGGAGCTGA-1","doublet_certain","Sst","Astro",FALSE,FALSE,2722.93525917749,2977.41257284225,TRUE,TRUE,0.907389833307702,0.0926101666922982
"CGTGTCCCATTCGCGA-1","doublet_certain","L2-3 IT","Astro",FALSE,FALSE,2943.31862649141,3441.9795355535,TRUE,TRUE,0.862755814770433,0.137244185229567
"CGTTAAACTAGTTAGG-1","doublet_certain","Pvalb","Oligo",FALSE,FALSE,3426.44633391215,3957.22267636986,TRUE,TRUE,0.846747537941441,0.153252462058559
"CGTTAATGTCCCGACG-1","doublet_certain","L2-3 IT","Oligo",FALSE,FALSE,4542.64304224099,5732.19921069317,TRUE,TRUE,0.658683277709902,0.341316722290098
"CGTTAGCTCACAACTG-1","doublet_certain","L2-3 IT","Astro",FALSE,FALSE,3735.85569100762,4226.10012353134,TRUE,TRUE,0.92382128247295,0.0761787175270495
"CGTTATCATACTTCCA-1","doublet_certain","Meis2","Astro",FALSE,FALSE,4670.22437998431,5319.05206127159,TRUE,TRUE,0.900776882238497,0.0992231177615026
"CGTTCAGACCCGCGAA-1","doublet_certain","L5 IT","Astro",FALSE,FALSE,4468.09599957934,4929.23637921369,TRUE,TRUE,0.946600315316683,0.0533996846833166
"CGTTCATGGTGCGCGT-1","doublet_certain","Sst","Astro",FALSE,FALSE,5053.25887670318,5954.781933237,TRUE,TRUE,0.808823770131975,0.191176229868025
"CGTTCTTCGCACACCT-1","doublet_certain","L5 IT","Oligo",FALSE,FALSE,3897.88219713966,4331.11112045814,TRUE,TRUE,0.909509564232094,0.0904904357679063
"CGTTGAATACCGCGCT-1","doublet_certain","L2-3 IT","Astro",FALSE,FALSE,4290.37492218102,4937.50190726371,TRUE,TRUE,0.871830817176151,0.128169182823849
"CGTTGAGCGACCGTCG-1","doublet_certain","L2-3 IT","Oligo",FALSE,FALSE,3615.5538886061,4292.33003122269,TRUE,TRUE,0.764247017637984,0.235752982362016
"CGTTGAGTAATTGCGT-1","doublet_uncertain","Astro","L5 IT",FALSE,FALSE,2846.75034240656,4852.07024376447,TRUE,TRUE,0.221670003922306,0.778329996077694
"CGTTGTAAGATTGATT-1","doublet_uncertain","Oligo","L6b",FALSE,FALSE,949.59010769779,1045.7811920527,TRUE,TRUE,0.666878114580918,0.333121885419082
"CGTTGTCGGCAATTGA-1","doublet_certain","L5 IT","Astro",FALSE,FALSE,4845.42769483081,5740.69839371143,TRUE,TRUE,0.85768985512259,0.14231014487741
"CGTTGTTTCAATTCCC-1","doublet_certain","L5 IT","Astro",FALSE,FALSE,4384.93917213588,5322.22264168062,TRUE,TRUE,0.834393534674364,0.165606465325636
"CGTTTCACTTCGGGCG-1","doublet_certain","L4","Astro",FALSE,FALSE,3690.0875447015,4195.03814404375,TRUE,TRUE,0.907135705677162,0.0928642943228381
"CGTTTCGCTCATTACA-1","doublet_certain","L5 IT","Oligo",FALSE,FALSE,4694.31249829129,5373.09731459846,TRUE,TRUE,0.883143362779537,0.116856637220463
"CGTTTGTGTAGAGGGT-1","doublet_uncertain","Astro","L5 IT",FALSE,FALSE,4111.96621019545,9038.7286700807,TRUE,TRUE,0.0353395461485228,0.964660453851477
"CTAAAGAATGCCTACT-1","doublet_certain","L5 IT","Astro",FALSE,FALSE,4646.91502453912,5486.59556739863,TRUE,TRUE,0.89302303904891,0.10697696095109
"CTAAAGGGAAATAGGA-1","doublet_uncertain","L2-3 IT","Oligo",FALSE,FALSE,4734.71134636502,5558.94678751122,TRUE,TRUE,0.817595014956365,0.182404985043635
"CTAAATCCTATTCCGG-1","doublet_certain","L5 IT","Astro",FALSE,FALSE,4486.87606384735,5167.46206304387,TRUE,TRUE,0.922285847241016,0.0777141527589838
"CTAACAGCACAATAAC-1","doublet_uncertain","Astro","Pvalb",FALSE,FALSE,5259.94212149744,7534.85830734961,TRUE,TRUE,0.288676780297842,0.711323219702158
"CTAACCGCGCGCCCGT-1","doublet_certain","L5 IT","Astro",FALSE,FALSE,4581.03794571779,5238.78146072471,TRUE,TRUE,0.914834441238374,0.0851655587616257
"CTAACGAAACTTGCTG-1","doublet_uncertain","Oligo","L6 IT",FALSE,FALSE,3232.08969209243,3843.04601511692,TRUE,TRUE,0.722967892550042,0.277032107449958
"CTAACTGATAATCGCC-1","doublet_certain","Pvalb","Oligo",FALSE,FALSE,4024.58979994991,5059.03005045517,TRUE,TRUE,0.691756617048431,0.308243382951568
"CTAACTGGTCCGGTTC-1","doublet_certain","L5 IT","Astro",FALSE,FALSE,3084.14082200906,3700.77234301491,TRUE,TRUE,0.824888632643616,0.175111367356384
"CTAAGGGAATGATTGG-1","doublet_certain","L2-3 IT","Oligo",FALSE,FALSE,3587.9866264477,4323.38393413971,TRUE,TRUE,0.777257006725667,0.222742993274334
"CTAATTCGCACGCGCT-1","doublet_certain","L2-3 IT","Astro",FALSE,FALSE,3189.11664519475,3757.81216077773,TRUE,TRUE,0.867820279970615,0.132179720029385
"CTAATTCTCAGATATT-1","doublet_uncertain","Oligo","L6 CT",FALSE,FALSE,2968.82509266122,3770.5344940945,TRUE,TRUE,0.529600051023071,0.470399948976929
"CTACACTCGCAGATGG-1","doublet_certain","Pvalb","Oligo",FALSE,FALSE,3553.37569930239,4452.22464731276,TRUE,TRUE,0.718988076521679,0.281011923478321
"CTACCCTAAGGTCATA-1","doublet_certain","Oligo","L5 IT",FALSE,FALSE,4238.03375385767,5309.92249657562,TRUE,TRUE,0.618172833255687,0.381827166744313
"CTACGACTAGCTATAA-1","doublet_certain","L2-3 IT","Astro",FALSE,FALSE,3910.82887412212,4748.30819487958,TRUE,TRUE,0.833402122241217,0.166597877758783
"CTACGCACGGAGTACC-1","doublet_certain","L5 IT","Astro",FALSE,FALSE,4176.90502333886,4896.25041568325,TRUE,TRUE,0.889958781317382,0.110041218682618
"CTACTATCATAGGTTT-1","doublet_certain","Meis2","Astro",FALSE,FALSE,4327.02641195811,5048.70110392711,TRUE,TRUE,0.868487167525762,0.131512832474238
"CTACTATCTTTCAGAG-1","doublet_certain","L6b","Oligo",FALSE,FALSE,3420.87457989373,3940.16171213231,TRUE,TRUE,0.867246443141699,0.132753556858302
"CTACTCAAGGTATAGT-1","doublet_certain","Oligo","VLMC",FALSE,FALSE,2765.05509887567,3133.42507266552,TRUE,TRUE,0.857949093580678,0.142050906419322
"CTACTCTAGGCCCGGC-1","doublet_certain","L2-3 IT","Astro",FALSE,FALSE,2170.05061386641,2744.0990884891,TRUE,TRUE,0.679271035706251,0.320728964293749
"CTACTGCCACCTGACC-1","doublet_certain","L5 IT","Astro",FALSE,FALSE,4210.15506029943,4849.68990718423,TRUE,TRUE,0.901085453123174,0.0989145468768256
"CTAGATGTGAGTGTAA-1","doublet_certain","L6 IT","VLMC",FALSE,FALSE,3809.85198817227,4829.40306901556,TRUE,TRUE,0.672183275353368,0.327816724646632
"CTAGATTTACGACGGC-1","doublet_certain","L2-3 IT","Oligo",FALSE,FALSE,3407.73327419339,4021.59759233282,TRUE,TRUE,0.784300936636993,0.215699063363007
"CTAGCATAGTATAATG-1","doublet_certain","L5 IT","Oligo",FALSE,FALSE,4492.29755028878,5289.65153678141,TRUE,TRUE,0.867645925262666,0.132354074737334
"CTAGCCGATGTTATGA-1","doublet_certain","L5 IT","Oligo",FALSE,FALSE,3684.73060191049,4122.93210611422,TRUE,TRUE,0.906823449850803,0.0931765501491973
"CTAGGCGCCCTATCAG-1","doublet_certain","L2-3 IT","Oligo",FALSE,FALSE,3362.5038788314,4108.74032965097,TRUE,TRUE,0.742676004059235,0.257323995940765
"CTAGGTCTGAAGGAAT-1","doublet_uncertain","VLMC","L6 IT",FALSE,FALSE,4884.37879447504,6697.17319767117,TRUE,TRUE,0.517219719865757,0.482780280134243
"CTAGGTTCGGACGTGA-1","doublet_certain","L2-3 IT","Astro",FALSE,FALSE,4715.57042338201,5508.4871852021,TRUE,TRUE,0.860438032020282,0.139561967979718
"CTAGTAGAAAGGGATT-1","doublet_certain","L2-3 IT","Astro",FALSE,FALSE,5300.73489435182,6064.20119173127,TRUE,TRUE,0.878163066086146,0.121836933913854
"CTAGTCACGTCTTAAG-1","doublet_certain","L2-3 IT","Oligo",FALSE,FALSE,3362.8033787083,4371.59513698564,TRUE,TRUE,0.636886450652825,0.363113549347175
"CTAGTGAAGGACAGGA-1","doublet_certain","L5 IT","Astro",FALSE,FALSE,3877.07644823855,4692.66746253289,TRUE,TRUE,0.869398094334881,0.130601905665119
"CTAGTTACAACCCGGT-1","doublet_certain","L2-3 IT","Astro",FALSE,FALSE,4860.06234932589,5483.42519738056,TRUE,TRUE,0.905916330338041,0.0940836696619596
"CTAGTTGGGCCCGGTA-1","doublet_certain","L5 IT","Astro",FALSE,FALSE,4249.36430943823,4995.16055893994,TRUE,TRUE,0.901770163861596,0.0982298361384037
"CTATAAGAGCCAATCG-1","doublet_uncertain","Oligo","L6 CT",FALSE,FALSE,3637.94423341009,6156.79109890017,TRUE,TRUE,0.221604903270199,0.778395096729801
"CTATACTTAAAGCGAG-1","doublet_certain","Vip","Astro",FALSE,FALSE,5172.61683211443,6586.27880095009,TRUE,TRUE,0.510036386067147,0.489963613932853
"CTATCGACGAAATACA-1","doublet_certain","Oligo","L5 PT",FALSE,FALSE,3892.0967933246,5066.2109141424,TRUE,TRUE,0.499854336984056,0.500145663015944
"CTATCGGGTCTCAACA-1","doublet_certain","Oligo","L5 IT",FALSE,FALSE,3496.24508212289,4313.75961298062,TRUE,TRUE,0.66051111894377,0.33948888105623
"CTATGCCCGAATGCAA-1","doublet_certain","L5 IT","Astro",FALSE,FALSE,5085.00795674083,5690.81974092657,TRUE,TRUE,0.936900876180079,0.0630991238199212
"CTATGGGAAGCGGAAT-1","doublet_certain","Oligo","Pvalb",FALSE,FALSE,2342.95937635157,2836.26402932199,TRUE,TRUE,0.514852892940847,0.485147107059154
"CTATGTCACTAGCCCA-1","doublet_certain","L5 IT","Astro",FALSE,FALSE,4359.42970698152,4937.68035257395,TRUE,TRUE,0.912405117130617,0.0875948828693829
"CTATGTGAGTCACGGC-1","doublet_certain","Sst","Astro",FALSE,FALSE,4628.5074964053,5419.02755225402,TRUE,TRUE,0.844285725351421,0.155714274648579
"CTATTCATGTGTCCCA-1","doublet_certain","L2-3 IT","Astro",FALSE,FALSE,4105.11094367902,4693.90264475359,TRUE,TRUE,0.892293507325829,0.107706492674171
"CTATTGTGTTTGGTCA-1","doublet_certain","L2-3 IT","Astro",FALSE,FALSE,3653.3854473628,4176.73126695762,TRUE,TRUE,0.904045732432175,0.095954267567825
"CTATTTGCTTGGAGGA-1","doublet_certain","L2-3 IT","Astro",FALSE,FALSE,4330.89848162175,5165.40247543739,TRUE,TRUE,0.829312253331379,0.170687746668621
"CTATTTGGTTACGGAT-1","doublet_certain","L2-3 IT","Oligo",FALSE,FALSE,4344.19110422681,5236.51468357667,TRUE,TRUE,0.7775897894643,0.2224102105357
"CTCAACTAACCCGGAT-1","doublet_certain","L2-3 IT","Astro",FALSE,FALSE,5661.62436490757,6447.67701278044,TRUE,TRUE,0.892671167483413,0.107328832516587
"CTCAAGACATTAGCGC-1","doublet_certain","L2-3 IT","Astro",FALSE,FALSE,4380.24541314248,4909.22360036444,TRUE,TRUE,0.925096481354379,0.0749035186456214
"CTCACATTTACTAAAT-1","doublet_certain","L5 IT","Astro",FALSE,FALSE,3907.95538372029,4993.55659206545,TRUE,TRUE,0.758370983552807,0.241629016447194
"CTCACTGTGATACTTA-1","doublet_certain","L2-3 IT","Astro",FALSE,FALSE,4799.43450155344,5331.44104658237,TRUE,TRUE,0.923184590245323,0.0768154097546771
"CTCACTTGGCTGGTAA-1","doublet_certain","L2-3 IT","Astro",FALSE,FALSE,4019.41844155035,4629.05885264971,TRUE,TRUE,0.904078837051507,0.0959211629484927
"CTCAGATTGTGATAAG-1","doublet_certain","Meis2","Astro",FALSE,FALSE,4473.77108007783,5108.04982480269,TRUE,TRUE,0.903202015560906,0.0967979844390938
"CTCAGTCACGACAAAT-1","doublet_uncertain","L5 IT","Oligo",FALSE,FALSE,4046.52516406703,4740.72426723465,TRUE,TRUE,0.858276343950855,0.141723656049145
"CTCATAAATGTGTATA-1","doublet_certain","L2-3 IT","Astro",FALSE,FALSE,4542.62455165648,5623.99799655608,TRUE,TRUE,0.812646045463086,0.187353954536914
"CTCATGGTAATTTGCG-1","doublet_certain","Meis2","Oligo",FALSE,FALSE,4456.52962832713,5568.24815082043,TRUE,TRUE,0.736181424256405,0.263818575743595
"CTCATTGCTCTAACAA-1","doublet_certain","L2-3 IT","Astro",FALSE,FALSE,4143.38404107576,4712.4210996291,TRUE,TRUE,0.874569371625678,0.125430628374322
"CTCATTTGATGGGCGG-1","doublet_certain","L2-3 IT","Astro",FALSE,FALSE,3758.49951604423,4219.00903810494,TRUE,TRUE,0.911810462987514,0.0881895370124861
"CTCCCTCCTTTCGATC-1","doublet_certain","Meis2","Oligo",FALSE,FALSE,4260.55099661042,5026.88093771295,TRUE,TRUE,0.835083144327067,0.164916855672933
"CTCCGCCCACATGAGG-1","doublet_certain","L5 IT","Astro",FALSE,FALSE,4478.46467712041,5120.04409298629,TRUE,TRUE,0.913716934184425,0.0862830658155753
"CTCCGGCCTAATATGC-1","doublet_certain","L2-3 IT","Astro",FALSE,FALSE,2983.1339006251,3803.9921554443,TRUE,TRUE,0.75367988788368,0.24632011211632
"CTCCTCCAGCTCACAC-1","doublet_certain","Lamp5","Astro",FALSE,FALSE,3139.06159310938,3920.08826354842,TRUE,TRUE,0.722064536114328,0.277935463885672
"CTCCTTTACGCAAGTC-1","doublet_certain","L6 CT","Oligo",FALSE,FALSE,3678.29913197438,4452.68978131893,TRUE,TRUE,0.812525217622168,0.187474782377832
"CTCGAGACATACGATA-1","doublet_certain","Meis2","Astro",FALSE,FALSE,3259.1790740677,3927.60696350722,TRUE,TRUE,0.787519848857926,0.212480151142074
"CTCGAGGTCGAACAGT-1","doublet_certain","L5 IT","Oligo",FALSE,FALSE,4314.52923716709,4928.67930938459,TRUE,TRUE,0.896964500928201,0.103035499071799
"CTCGATATTTGCGAGC-1","doublet_uncertain","L5 IT","Astro",FALSE,FALSE,3666.8041977982,4228.62330926022,TRUE,TRUE,0.897766890872716,0.102233109127284
"CTCGCACCTATATAGT-1","doublet_certain","L5 IT","Astro",FALSE,FALSE,4052.96416416627,4551.98495367031,TRUE,TRUE,0.928123026208501,0.0718769737914994
"CTCGCATTGCATAGCC-1","doublet_certain","Vip","Astro",FALSE,FALSE,4276.32128411853,5172.9511078515,TRUE,TRUE,0.724772705890279,0.275227294109721
"CTCGCCGAATGTAGGG-1","doublet_certain","L6b","Astro",FALSE,FALSE,4329.73051333275,4959.44283516045,TRUE,TRUE,0.903183560551969,0.0968164394480309
"CTCGCTAGGTAAGCGA-1","doublet_certain","L2-3 IT","Astro",FALSE,FALSE,4594.23459282709,5139.54056534847,TRUE,TRUE,0.926567785951934,0.0734322140480656
"CTCGGTACCACTGCTC-1","doublet_certain","L2-3 IT","Oligo",FALSE,FALSE,4029.71388891768,4671.25571702559,TRUE,TRUE,0.822385516886734,0.177614483113266
"CTCGGTTGTCGGCCCT-1","doublet_certain","Meis2","Oligo",FALSE,FALSE,4207.83006053158,4856.57344715866,TRUE,TRUE,0.852286196841591,0.147713803158409
"CTCGTCGAGGGCTCAT-1","doublet_certain","Lamp5","Astro",FALSE,FALSE,4693.82250306059,5852.55246997588,TRUE,TRUE,0.704513800345192,0.295486199654808
"CTCGTCTGTGCCTTCG-1","doublet_certain","L2-3 IT","Astro",FALSE,FALSE,5339.49360270855,5967.01062693821,TRUE,TRUE,0.918547472674057,0.0814525273259428
"CTCGTTTCTAATGTTT-1","doublet_certain","L5 IT","Oligo",FALSE,FALSE,3818.87126995004,4227.55470468718,TRUE,TRUE,0.910120469717843,0.0898795302821572
"CTCTAATGCATTGATC-1","doublet_certain","L6b","Oligo",FALSE,FALSE,2194.76524822903,2567.62008562416,TRUE,TRUE,0.814478067399825,0.185521932600175
"CTCTACACTGGCGATT-1","doublet_certain","L5 IT","Astro",FALSE,FALSE,4682.75205934332,5870.6649996789,TRUE,TRUE,0.731375468033224,0.268624531966776
"CTCTAGCCCTCGGAAA-1","doublet_certain","Sst","Oligo",FALSE,FALSE,5060.0974072986,6035.95936346236,TRUE,TRUE,0.800256901559737,0.199743098440263
"CTCTATTTGGCTGCAG-1","doublet_certain","L2-3 IT","Oligo",FALSE,FALSE,4012.07363985239,4497.59330691035,TRUE,TRUE,0.87307752389433,0.12692247610567
"CTCTCACAATCGATGA-1","doublet_certain","L6 IT","Astro",FALSE,FALSE,5050.25071387602,5736.48472413255,TRUE,TRUE,0.902273171484519,0.0977268285154806
"CTCTCTAACTGCCTAG-1","doublet_uncertain","Astro","L5 IT",FALSE,FALSE,3794.29622065395,5730.45314184942,TRUE,TRUE,0.326880660261313,0.673119339738687
"CTCTGGACGCCTGGTG-1","doublet_certain","L5 IT","Oligo",FALSE,FALSE,4459.36502216304,5087.34869334938,TRUE,TRUE,0.894321049400686,0.105678950599314
"CTCTTCTATTGACTGG-1","doublet_certain","Oligo","Pvalb",FALSE,FALSE,2718.21415210369,3344.42304381103,TRUE,TRUE,0.459078324546725,0.540921675453275
"CTCTTGTCCCGCTTGG-1","doublet_certain","L6 IT","Oligo",FALSE,FALSE,4333.75411090386,4762.22690412795,TRUE,TRUE,0.940919808409654,0.0590801915903465
"CTGAAAGAGATCCGAC-1","doublet_certain","L2-3 IT","Astro",FALSE,FALSE,4276.95804264057,5062.12856698077,TRUE,TRUE,0.855618412457445,0.144381587542555
"CTGAATCCGAGACCTC-1","doublet_certain","L5 IT","Astro",FALSE,FALSE,4203.18942458705,4816.27861313793,TRUE,TRUE,0.917870804244694,0.0821291957553055
"CTGAATTTATTGCCAG-1","doublet_certain","L5 IT","Astro",FALSE,FALSE,3714.81142040769,4228.58522574276,TRUE,TRUE,0.910796098865966,0.0892039011340338
"CTGACTGCGCAGCTCG-1","doublet_certain","L6 IT","Oligo",FALSE,FALSE,3373.25875069664,4330.20782680285,TRUE,TRUE,0.617859125488456,0.382140874511544
"CTGCAAGCACGTTCCG-1","doublet_certain","Sst","Astro",FALSE,FALSE,4435.08906196077,5031.0685668308,TRUE,TRUE,0.886381004154206,0.113618995845794
"CTGCACAACTACATAT-1","doublet_certain","L2-3 IT","Oligo",FALSE,FALSE,4600.42344725157,5215.5343809216,TRUE,TRUE,0.849274347586733,0.150725652413267
"CTGCACTCCAGTACAG-1","doublet_certain","L2-3 IT","Astro",FALSE,FALSE,4061.77374058495,4616.25640327884,TRUE,TRUE,0.89015609488622,0.10984390511378
"CTGCAGAGAATCAGAG-1","doublet_certain","Sst","Astro",FALSE,FALSE,4737.54733723001,5478.60739467051,TRUE,TRUE,0.876670229839235,0.123329770160765
"CTGCCAAGGTTGGAAG-1","doublet_certain","L5 IT","Astro",FALSE,FALSE,3845.84901075032,4510.32026482631,TRUE,TRUE,0.888619310943884,0.111380689056116
"CTGCCATGCATCACAT-1","doublet_certain","L2-3 IT","Oligo",FALSE,FALSE,4084.80186576589,4845.99257306883,TRUE,TRUE,0.80587713410932,0.19412286589068
"CTGCCTTTCTAGTAAA-1","doublet_certain","Sst","Oligo",FALSE,FALSE,3679.13853509762,4697.25988252853,TRUE,TRUE,0.663576979850595,0.336423020149405
"CTGCGACCTCGCCGAA-1","doublet_certain","L2-3 IT","Astro",FALSE,FALSE,4556.37843027154,5495.84017621011,TRUE,TRUE,0.820119337359376,0.179880662640624
"CTGCGTTACGATATAA-1","doublet_certain","L2-3 IT","Astro",FALSE,FALSE,3968.74228771049,4493.59129924134,TRUE,TRUE,0.914091535611019,0.0859084643889806
"CTGCTGAGGCCACGAA-1","doublet_certain","L2-3 IT","Astro",FALSE,FALSE,4208.00843635167,4867.46781532449,TRUE,TRUE,0.89915820178753,0.10084179821247
"CTGCTTGGCGATAGCT-1","doublet_certain","L2-3 IT","Oligo",FALSE,FALSE,3629.66720070094,4180.4240276802,TRUE,TRUE,0.834758022126397,0.165241977873603
"CTGCTTTATGTCCGCG-1","doublet_certain","L5 IT","Astro",FALSE,FALSE,4362.8446756038,5004.16913104206,TRUE,TRUE,0.916655447811022,0.0833445521889777
"CTGGAAATGGATGCTT-1","doublet_certain","L5 IT","Astro",FALSE,FALSE,4378.6882095824,4939.73907118053,TRUE,TRUE,0.921662127345555,0.078337872654445
"CTGGAAGACACGGTGG-1","doublet_certain","L2-3 IT","Oligo",FALSE,FALSE,3908.81890863884,4620.39771484525,TRUE,TRUE,0.802270101256721,0.197729898743279
"CTGGACGCAGTCCGGC-1","doublet_certain","Meis2","Astro",FALSE,FALSE,5178.60842054363,5951.70525337714,TRUE,TRUE,0.896490393283897,0.103509606716103
"CTGGATTTACACTTGA-1","doublet_uncertain","Astro","L5 IT",FALSE,FALSE,4523.6530749876,9667.12775969709,TRUE,TRUE,0.0801375237908586,0.919862476209141
"CTGGCATCCGAATGAG-1","doublet_certain","L6 IT","Astro",FALSE,FALSE,4365.85738420335,5410.00667128404,TRUE,TRUE,0.767232284747684,0.232767715252316
"CTGGCGACATAAGTCC-1","doublet_certain","L2-3 IT","Astro",FALSE,FALSE,4198.52855083117,4836.82594770503,TRUE,TRUE,0.876005022146164,0.123994977853836
"CTGGCGATTTACATGT-1","doublet_certain","L2-3 IT","Astro",FALSE,FALSE,5106.18098691412,5678.16125980939,TRUE,TRUE,0.937107741556466,0.0628922584435335
"CTGGCGCACAGGTCTG-1","doublet_certain","L2-3 IT","Oligo",FALSE,FALSE,4132.7076910729,4772.78082750707,TRUE,TRUE,0.837140889069505,0.162859110930495
"CTGGCTGATTCATCCT-1","doublet_certain","L2-3 IT","Oligo",FALSE,FALSE,3789.13403852043,4659.99797675635,TRUE,TRUE,0.738725644605398,0.261274355394602
"CTGGCTGGTTGTCAGT-1","doublet_certain","L6 IT","Oligo",FALSE,FALSE,4524.836481348,5272.55223326383,TRUE,TRUE,0.838135674157753,0.161864325842247
"CTGGGATAAATAATGG-1","doublet_certain","L2-3 IT","Oligo",FALSE,FALSE,4648.31148967357,5639.85304756056,TRUE,TRUE,0.785562502251752,0.214437497748248
"CTGGGCCTGCTATATC-1","doublet_certain","L2-3 IT","Astro",FALSE,FALSE,4278.95971870288,5016.23526292234,TRUE,TRUE,0.888411471197915,0.111588528802085
"CTGGGTAGGCAGTTAA-1","doublet_uncertain","L2-3 IT","Oligo",FALSE,FALSE,3362.44539280305,3994.90591616229,TRUE,TRUE,0.766634834103312,0.233365165896688
"CTGGGTTGAGTTAAAG-1","doublet_certain","Meis2","Astro",FALSE,FALSE,5320.6563661734,6339.36997054318,TRUE,TRUE,0.854908447365192,0.145091552634808
"CTGGTAAAGACTTACA-1","doublet_certain","L2-3 IT","Astro",FALSE,FALSE,5525.44768551557,6052.49759527371,TRUE,TRUE,0.9526870025294,0.0473129974706002
"CTGGTAACACATAGAA-1","doublet_certain","L2-3 IT","Oligo",FALSE,FALSE,3683.7780569008,4282.2908909458,TRUE,TRUE,0.80117035733098,0.19882964266902
"CTGGTAACGAGCTCTT-1","doublet_certain","Oligo","L5 IT",FALSE,FALSE,1866.43162105244,2152.32583104579,TRUE,TRUE,0.688153374742354,0.311846625257646
"CTGGTTTCGAGCAAGA-1","doublet_certain","L2-3 IT","Oligo",FALSE,FALSE,3547.24778534678,4353.46032126984,TRUE,TRUE,0.723640481494225,0.276359518505775
"CTGTACTTCTTAGCAT-1","doublet_certain","L6 IT","Astro",FALSE,FALSE,4505.11308335565,5046.14139996844,TRUE,TRUE,0.928178469502323,0.071821530497677
"CTGTAGCCATCTCACT-1","doublet_certain","L2-3 IT","Astro",FALSE,FALSE,4215.46355048194,4876.78695088558,TRUE,TRUE,0.90659694550952,0.0934030544904796
"CTGTCAAATGGCTCGG-1","doublet_certain","L5 IT","Oligo",FALSE,FALSE,4858.64562163562,5594.50088194359,TRUE,TRUE,0.878135874078298,0.121864125921702
"CTGTGCAGGGTAGGTC-1","doublet_certain","L2-3 IT","Oligo",FALSE,FALSE,4205.46359868793,4974.00732992303,TRUE,TRUE,0.785499282975827,0.214500717024173
"CTGTGGTCGGGAGATA-1","doublet_certain","L2-3 IT","Oligo",FALSE,FALSE,4406.05782273906,5159.42168670412,TRUE,TRUE,0.839777756607335,0.160222243392665
"CTGTTACCCAATCTAG-1","doublet_certain","L6 IT","Oligo",FALSE,FALSE,3641.99232074964,4264.06075911484,TRUE,TRUE,0.841826007189619,0.158173992810381
"CTGTTCACTGCCTGTG-1","doublet_certain","L2-3 IT","Astro",FALSE,FALSE,3704.346009399,4247.2052060631,TRUE,TRUE,0.892642304963572,0.107357695036428
"CTTAACTTACAGTATA-1","doublet_certain","Sst","Astro",FALSE,FALSE,5296.96408474155,5917.31071019637,TRUE,TRUE,0.923637668908796,0.0763623310912041
"CTTAAGCAGCGAGCCG-1","doublet_certain","Meis2","Oligo",FALSE,FALSE,5122.80252098376,5783.15588904474,TRUE,TRUE,0.897281348233419,0.102718651766581
"CTTACACGGTATTCCA-1","doublet_uncertain","L5 IT","Oligo",FALSE,FALSE,4071.02291327015,4626.69000606817,TRUE,TRUE,0.893089910307054,0.106910089692946
"CTTAGCCTTCCACATG-1","doublet_certain","L5 IT","Astro",FALSE,FALSE,4074.85673612854,4615.99418395103,TRUE,TRUE,0.932524774308004,0.0674752256919963
"CTTAGGTATAGACCAG-1","doublet_certain","L6 IT","Astro",FALSE,FALSE,4154.32296973307,5286.34822888414,TRUE,TRUE,0.607411579091629,0.392588420908371
"CTTAGTAGGCCTACAG-1","doublet_certain","L6 IT","Oligo",FALSE,FALSE,3255.04062185183,3976.81239814405,TRUE,TRUE,0.663442301636012,0.336557698363988
"CTTAGTGTAGTAGCAT-1","doublet_certain","L2-3 IT","Astro",FALSE,FALSE,4001.33748549238,4670.4498226549,TRUE,TRUE,0.843074843883568,0.156925156116432
"CTTATGCGCTCAGGGC-1","doublet_certain","Meis2","Astro",FALSE,FALSE,4715.33626490509,5421.25220120557,TRUE,TRUE,0.89429458386033,0.10570541613967
"CTTCAACTCCACTTGG-1","doublet_certain","L2-3 IT","Astro",FALSE,FALSE,3763.07694932833,4232.37240648348,TRUE,TRUE,0.88862423828269,0.11137576171731
"CTTCAGTGGTCGCCTA-1","doublet_certain","Meis2","Astro",FALSE,FALSE,4448.34981367787,4995.2731275418,TRUE,TRUE,0.913830539854894,0.0861694601451056
"CTTCAGTTGGACAACG-1","doublet_certain","Oligo","L5 IT",FALSE,FALSE,3476.56276817421,4455.3338179369,TRUE,TRUE,0.518727158624937,0.481272841375063
"CTTCATTGTCAGTGGA-1","doublet_certain","L6 IT","Oligo",FALSE,FALSE,4245.53628859347,4958.13464838156,TRUE,TRUE,0.875942677814459,0.124057322185541
"CTTCCGCTCCGTGAAG-1","doublet_certain","L5 IT","Astro",FALSE,FALSE,3445.45531208354,4120.27984589351,TRUE,TRUE,0.830598243834416,0.169401756165584
"CTTCGATTGCGCAAGC-1","doublet_certain","Sst","Astro",FALSE,FALSE,5528.51611695365,6245.47240684012,TRUE,TRUE,0.89880231005608,0.10119768994392
"CTTCGGCCAATTGTTT-1","doublet_certain","Oligo","Pvalb",FALSE,FALSE,1146.40038845074,1235.30912090673,TRUE,TRUE,0.765318342602369,0.234681657397631
"CTTCGTAGATAGGTGA-1","reject","Astro","L6 IT",FALSE,FALSE,4445.9638792786,4485.9638792786,TRUE,TRUE,0.0596539405368307,0.940346059463169
"CTTCTATGTTGAAGTA-1","doublet_certain","L6 IT","Astro",FALSE,FALSE,3441.98958982835,4192.88789031891,TRUE,TRUE,0.770280778144728,0.229719221855272
"CTTCTATTAATGCTAG-1","doublet_certain","L2-3 IT","Astro",FALSE,FALSE,3590.57936243903,4091.16915469039,TRUE,TRUE,0.91231071356426,0.0876892864357396
"CTTGAGTTAGGGTAAT-1","doublet_certain","L2-3 IT","Oligo",FALSE,FALSE,3539.53699472772,4277.05480118792,TRUE,TRUE,0.770958016223173,0.229041983776828
"CTTGATGACCATCCAG-1","doublet_certain","L6 IT","Astro",FALSE,FALSE,5112.72442222351,5859.19492738953,TRUE,TRUE,0.902015801436036,0.0979841985639636
"CTTGCAACCGCCTCCT-1","doublet_certain","L6 IT","Astro",FALSE,FALSE,3668.65987467767,4527.16293013566,TRUE,TRUE,0.775123984063512,0.224876015936488
"CTTGCCCACCCACGCA-1","doublet_certain","L6 IT","Astro",FALSE,FALSE,5000.30306249311,5749.63531265132,TRUE,TRUE,0.905907363508393,0.0940926364916069
"CTTGCCCAGGCTCTAC-1","doublet_certain","L6 IT","Astro",FALSE,FALSE,4210.30641494733,4762.1397182749,TRUE,TRUE,0.920339745666058,0.0796602543339417
"CTTGGCCAAGCTGGGA-1","doublet_certain","L5 IT","Astro",FALSE,FALSE,4774.68139009752,5532.99956603191,TRUE,TRUE,0.912675129920547,0.0873248700794528
"CTTGTACTTGTTGACT-1","doublet_certain","L2-3 IT","Astro",FALSE,FALSE,3298.81055518996,3916.53258232997,TRUE,TRUE,0.843845586879311,0.156154413120689
"CTTGTCAACATTCGAG-1","doublet_certain","L2-3 IT","Oligo",FALSE,FALSE,1793.20118597987,2352.64968998787,TRUE,TRUE,0.595143966379757,0.404856033620243
"CTTGTGCTCACCGATT-1","doublet_certain","L5 IT","Astro",FALSE,FALSE,3825.642679062,4325.02857181699,TRUE,TRUE,0.907316989357061,0.092683010642939
"CTTGTTGCTGAGTCAA-1","doublet_certain","L2-3 IT","Oligo",FALSE,FALSE,3493.89652257243,4021.23077663041,TRUE,TRUE,0.804322487543083,0.195677512456917
"CTTTAACTTTCAAAGG-1","doublet_certain","L5 IT","Astro",FALSE,FALSE,4223.03965679432,4913.0177002767,TRUE,TRUE,0.88823333660295,0.11176666339705
"CTTTAATATTGGTCGA-1","doublet_certain","L2-3 IT","Oligo",FALSE,FALSE,4085.66177001308,4840.1545502773,TRUE,TRUE,0.802550987225599,0.197449012774402
"CTTTACCGAATAGTAG-1","doublet_certain","L2-3 IT","Oligo",FALSE,FALSE,4105.64583144421,4680.40161645842,TRUE,TRUE,0.837985506686531,0.162014493313469
"CTTTAGGAACACTGTT-1","doublet_certain","L2-3 IT","Oligo",FALSE,FALSE,2440.01406280517,2967.61981274823,TRUE,TRUE,0.672601441885042,0.327398558114957
"CTTTAGTGCTATTATT-1","doublet_certain","L2-3 IT","Oligo",FALSE,FALSE,3639.64004654513,4333.79039072682,TRUE,TRUE,0.798393699495655,0.201606300504345
"CTTTCTGTGCGGGCTT-1","doublet_certain","L2-3 IT","Astro",FALSE,FALSE,4027.78341926878,4531.43876985064,TRUE,TRUE,0.90210185598769,0.0978981440123103
"CTTTGACGTCGCTTCT-1","doublet_certain","Meis2","Astro",FALSE,FALSE,5120.15159121491,5868.56226932945,TRUE,TRUE,0.902326712568761,0.0976732874312388
"CTTTGCATCGCTCTTG-1","doublet_certain","L2-3 IT","Oligo",FALSE,FALSE,4087.13933553284,4892.02069775425,TRUE,TRUE,0.77981385712838,0.22018614287162
"CTTTGGCTTTAGTAAA-1","doublet_certain","L5 IT","Astro",FALSE,FALSE,4383.96203203476,5197.05379850805,TRUE,TRUE,0.872905672582724,0.127094327417276
"CTTTGTCGAATGCTCC-1","doublet_certain","L5 IT","Astro",FALSE,FALSE,3347.37763907136,3932.84364883488,TRUE,TRUE,0.815693545893917,0.184306454106083
"GAAACAGATGACCACC-1","doublet_certain","L2-3 IT","Oligo",FALSE,FALSE,3245.19603640453,3899.75167282922,TRUE,TRUE,0.770278971630771,0.229721028369229
"GAAACATAGGAAACAG-1","doublet_certain","Pvalb","Astro",FALSE,FALSE,5966.49235099773,7253.14599395958,TRUE,TRUE,0.764628877160809,0.235371122839191
"GAAACCATGGTGCGCT-1","doublet_certain","Oligo","L5 IT",FALSE,FALSE,2492.81768251385,3079.403104002,TRUE,TRUE,0.554541885941349,0.445458114058651
"GAAACCGAATTACCTT-1","doublet_certain","L6 IT","Oligo",FALSE,FALSE,4987.47627411689,5889.73654476567,TRUE,TRUE,0.860714176735303,0.139285823264697
"GAAACCTATACAAATG-1","doublet_certain","L5 IT","Astro",FALSE,FALSE,5123.28877413274,5578.76437292921,TRUE,TRUE,0.960783797309234,0.0392162026907656
"GAAAGAACAGCGTTAT-1","doublet_certain","L6 IT","Oligo",FALSE,FALSE,4406.44205272817,5380.3774646572,TRUE,TRUE,0.732603881647994,0.267396118352006
"GAAAGCAGTGCACTTT-1","doublet_certain","L5 IT","Astro",FALSE,FALSE,4847.90981682483,5657.43863931207,TRUE,TRUE,0.891726905691274,0.108273094308726
"GAAAGCCCTTTGGACC-1","doublet_certain","L6 IT","VLMC",FALSE,FALSE,2628.68773118531,3369.6234496279,TRUE,TRUE,0.677136035818876,0.322863964181124
"GAAATATCACCATCAG-1","doublet_certain","L2-3 IT","Astro",FALSE,FALSE,2493.33638373529,3040.28756860619,TRUE,TRUE,0.754190625453742,0.245809374546258
"GAAATATGCTTGAATG-1","doublet_certain","L5 IT","Astro",FALSE,FALSE,4367.73205703207,4950.69057106046,TRUE,TRUE,0.92717531783629,0.0728246821637103
"GAAATCGCGCGCAACT-1","doublet_certain","L2-3 IT","Astro",FALSE,FALSE,4083.13917671776,4788.60316856075,TRUE,TRUE,0.855401717761775,0.144598282238225
"GAAATGGCGGTGTTAG-1","doublet_certain","L5 IT","Astro",FALSE,FALSE,4809.82939490129,5733.09411426879,TRUE,TRUE,0.874648085762429,0.125351914237571
"GAAATTAGCACGGATA-1","doublet_uncertain","Astro","L4",FALSE,FALSE,4354.91981533781,8811.16782457677,TRUE,TRUE,0.119816509183553,0.880183490816447
"GAAATTGTCTCTATAA-1","doublet_certain","L6 IT","Astro",FALSE,FALSE,5068.77586876216,5826.25116958456,TRUE,TRUE,0.914895255365509,0.0851047446344914
"GAACAACTGGGATGAA-1","doublet_certain","Sst","Oligo",FALSE,FALSE,5539.50908987192,6545.86424645773,TRUE,TRUE,0.82998131051743,0.17001868948257
"GAACACACATCAACCA-1","doublet_certain","L2-3 IT","Astro",FALSE,FALSE,3918.34013511958,4439.80211066406,TRUE,TRUE,0.927225557845579,0.0727744421544209
"GAACAGATTACTAAAT-1","doublet_certain","L2-3 IT","Oligo",FALSE,FALSE,5032.44065844867,5786.89114421156,TRUE,TRUE,0.853295721070313,0.146704278929687
"GAACCCTCTGTGTTCT-1","doublet_certain","L2-3 IT","Astro",FALSE,FALSE,4276.55606057606,4774.91156690032,TRUE,TRUE,0.908280007587062,0.0917199924129382
"GAACCTCGACCTACAC-1","doublet_certain","L5 IT","Astro",FALSE,FALSE,4915.02600846229,5844.75180575095,TRUE,TRUE,0.850110261450322,0.149889738549678
"GAACCTTTAACGATCC-1","doublet_certain","L2-3 IT","Astro",FALSE,FALSE,4646.71852203401,5713.36542736106,TRUE,TRUE,0.81281502272717,0.18718497727283
"GAACGACCGAATGATA-1","doublet_certain","L2-3 IT","Astro",FALSE,FALSE,3721.36935328639,4451.78763510998,TRUE,TRUE,0.87456179143321,0.12543820856679
"GAACGCGGGTCACACG-1","doublet_certain","Pvalb","Oligo",FALSE,FALSE,4132.39364490128,5538.54618761251,TRUE,TRUE,0.607278444677379,0.392721555322621
"GAACGTCTCATGGTCG-1","doublet_uncertain","Oligo","L5 IT",FALSE,FALSE,3850.21723308875,4853.35738570694,TRUE,TRUE,0.62359185317088,0.37640814682912
"GAACTGTGGAGAGACA-1","doublet_certain","L2-3 IT","Astro",FALSE,FALSE,3556.74657247202,4014.95625977127,TRUE,TRUE,0.900142405830231,0.0998575941697687
"GAAGAAACGATATTGT-1","doublet_certain","Lamp5","Astro",FALSE,FALSE,5351.41602716066,6620.92568194497,TRUE,TRUE,0.718297663835184,0.281702336164816
"GAAGCCACTGATTATG-1","doublet_certain","L5 IT","Astro",FALSE,FALSE,4517.77951366766,5628.51408003951,TRUE,TRUE,0.79905937691157,0.20094062308843
"GAAGCCTGCACATTCC-1","doublet_certain","L6b","Astro",FALSE,FALSE,4572.50254874214,5247.84021227783,TRUE,TRUE,0.878851176544373,0.121148823455627
"GAAGCGTGAGGAATTT-1","doublet_certain","L6 CT","Oligo",FALSE,FALSE,4719.02805567549,5365.99285469289,TRUE,TRUE,0.899194823948354,0.100805176051646
"GAAGCTCGGACCCGTC-1","doublet_certain","Meis2","Astro",FALSE,FALSE,5140.73087430719,6085.96162637777,TRUE,TRUE,0.865510513524319,0.134489486475682
"GAAGCTTGCTGACCGC-1","doublet_certain","L2-3 IT","Astro",FALSE,FALSE,3405.43412436762,3835.50684645109,TRUE,TRUE,0.920609664721268,0.0793903352787323
"GAAGGAGTCGAGTGCG-1","doublet_certain","L5 IT","Astro",FALSE,FALSE,4183.44578499003,4953.94653283717,TRUE,TRUE,0.856456615246517,0.143543384753483
"GAAGTCAGTTGCACTA-1","doublet_certain","L6 IT","Oligo",FALSE,FALSE,4685.12578706622,5115.92102361536,TRUE,TRUE,0.947322623790235,0.0526773762097653
"GAAGTCTCCCTAGCGA-1","doublet_certain","L2-3 IT","Oligo",FALSE,FALSE,3934.63294282845,4761.85652081713,TRUE,TRUE,0.755802358917231,0.244197641082769
"GAAGTGATTTATCGTG-1","doublet_certain","L6 IT","Astro",FALSE,FALSE,4981.25179592336,5719.14952442518,TRUE,TRUE,0.912231608164214,0.0877683918357855
"GAAGTTTCCACTCAAT-1","doublet_certain","L5 IT","Astro",FALSE,FALSE,4544.74180035585,5079.03432032119,TRUE,TRUE,0.926815056360524,0.0731849436394763
"GAATAGACGCGACCCA-1","doublet_certain","L2-3 IT","Oligo",FALSE,FALSE,4304.38131468767,5871.84254562719,TRUE,TRUE,0.574063207717094,0.425936792282906
"GAATAGCCCTGCGGTC-1","doublet_certain","L5 PT","Astro",FALSE,FALSE,4458.40299196713,4988.53452864877,TRUE,TRUE,0.934134199125587,0.0658658008744125
"GAATCGACATGGTCAC-1","doublet_certain","L2-3 IT","Astro",FALSE,FALSE,3802.60653066516,4394.31935234879,TRUE,TRUE,0.896957120567228,0.103042879432772
"GAATCTGAACATTCTC-1","doublet_certain","L2-3 IT","Astro",FALSE,FALSE,4774.33212345867,5452.45856480379,TRUE,TRUE,0.891221743898952,0.108778256101048
"GAATGCGAATCGGTTC-1","doublet_certain","L5 IT","Oligo",FALSE,FALSE,4491.07421952385,5716.62089614822,TRUE,TRUE,0.72985048996832,0.27014951003168
"GAATGGGCTTATCGAC-1","doublet_certain","L5 IT","Astro",FALSE,FALSE,4380.10870367392,5375.5202612324,TRUE,TRUE,0.756132329067577,0.243867670932423
"GAATGTATGGCAGGTC-1","doublet_certain","L2-3 IT","Astro",FALSE,FALSE,3688.53425201564,4404.96535387467,TRUE,TRUE,0.870133779672063,0.129866220327937
"GAATGTGGTCCGGATT-1","doublet_certain","L2-3 IT","Oligo",FALSE,FALSE,3412.03646301746,4180.6622577846,TRUE,TRUE,0.730257102224357,0.269742897775643
"GAATGTTGGGTAATCT-1","doublet_certain","L5 IT","Astro",FALSE,FALSE,4202.30432158915,4709.87582920259,TRUE,TRUE,0.935299218793021,0.0647007812069793
"GAATTATAGTGAAAGG-1","doublet_certain","L6b","Oligo",FALSE,FALSE,4560.00603783971,5637.28939846572,TRUE,TRUE,0.81447619605522,0.18552380394478
"GAATTCACCCGGGTGT-1","doublet_certain","L6 IT","Astro",FALSE,FALSE,5066.13684766563,5662.43906053075,TRUE,TRUE,0.940278764233742,0.0597212357662575
"GAATTTCTCGCTGCAG-1","doublet_certain","L6 IT","Astro",FALSE,FALSE,2485.26759427326,3189.55519735758,TRUE,TRUE,0.704693348987779,0.295306651012221
"GACAAACATATGCAGG-1","doublet_certain","Oligo","Macrophage",FALSE,FALSE,1997.7531813719,2220.48024337024,TRUE,TRUE,0.928390541863186,0.0716094581368135
"GACAACGACCATTGAA-1","doublet_certain","L5 IT","Astro",FALSE,FALSE,4311.45883016888,4926.46472276827,TRUE,TRUE,0.919903839839665,0.0800961601603349
"GACAACGCAGCTTACG-1","doublet_certain","L2-3 IT","Astro",FALSE,FALSE,3391.13239268033,4316.53243109665,TRUE,TRUE,0.74465342486147,0.25534657513853
"GACACAAGGGAAGAAA-1","doublet_certain","L5 IT","Oligo",FALSE,FALSE,4791.12108152496,5740.68816586744,TRUE,TRUE,0.850049408564939,0.149950591435061
"GACACAGCCGGGACTG-1","doublet_certain","L2-3 IT","Astro",FALSE,FALSE,5365.51885661987,5844.47342155245,TRUE,TRUE,0.955885456748854,0.0441145432511456
"GACACTGAGTTCAGTG-1","doublet_certain","L6 IT","Astro",FALSE,FALSE,4752.05958626864,5467.17385139279,TRUE,TRUE,0.910578838546128,0.0894211614538721
"GACACTGGAACCCGAT-1","doublet_certain","Oligo","Macrophage",FALSE,FALSE,1283.1862746163,1429.30220964821,TRUE,TRUE,0.931083225308192,0.0689167746918082
"GACACTTCCAATTACC-1","doublet_certain","L2-3 IT","Astro",FALSE,FALSE,5241.8210412388,5741.77789954262,TRUE,TRUE,0.94569857647156,0.0543014235284404
"GACAGATTTCTGGCTC-1","doublet_certain","Meis2","Astro",FALSE,FALSE,4643.17014763577,5409.67163289896,TRUE,TRUE,0.87570457212131,0.12429542787869
"GACAGCCAGACCTGAC-1","doublet_certain","L2-3 IT","Oligo",FALSE,FALSE,4150.70130656977,5232.80720376929,TRUE,TRUE,0.684991427427561,0.315008572572439
"GACAGGCACACACTAT-1","doublet_certain","L6 IT","Astro",FALSE,FALSE,3574.24751455347,4428.76602603268,TRUE,TRUE,0.729402085730206,0.270597914269794
"GACATCCGTCGAACTG-1","doublet_certain","Sst","Astro",FALSE,FALSE,4418.42857189452,5233.13487210406,TRUE,TRUE,0.852575473367414,0.147424526632586
"GACATCGATTTATAAC-1","doublet_certain","L6 IT","Astro",FALSE,FALSE,5106.67449387322,6467.28640634229,TRUE,TRUE,0.751003920245171,0.248996079754829
"GACCAAACGTTGACTG-1","doublet_certain","Sst","Oligo",FALSE,FALSE,4240.21112031115,5259.20185519096,TRUE,TRUE,0.713220879617527,0.286779120382473
"GACCACACTTCCCTTT-1","doublet_certain","L2-3 IT","Astro",FALSE,FALSE,5759.73902263579,6757.82350439774,TRUE,TRUE,0.877789362036374,0.122210637963626
"GACCAGAGCCCTGTAG-1","doublet_certain","L5 IT","Astro",FALSE,FALSE,4482.45552547509,5158.85024645713,TRUE,TRUE,0.899723139211593,0.100276860788407
"GACCCAATTATGATAC-1","doublet_certain","Meis2","Oligo",FALSE,FALSE,4870.12400652751,5602.38136104772,TRUE,TRUE,0.878609237053377,0.121390762946623
"GACCGACGTGAAAGCA-1","doublet_uncertain","Oligo","VLMC",FALSE,FALSE,1046.3349050836,1084.90009326625,TRUE,TRUE,0.940054494983694,0.0599455050163062
"GACCGACTGAAGCGTC-1","doublet_certain","L2-3 IT","Astro",FALSE,FALSE,2377.37687918819,3042.18791141718,TRUE,TRUE,0.675143739409639,0.324856260590361
"GACCGCGTCTGACGTG-1","doublet_certain","Pvalb","Oligo",FALSE,FALSE,2434.81558667811,3091.36680921153,TRUE,TRUE,0.677775353643606,0.322224646356394
"GACCGTGCTGACGGTG-1","doublet_certain","L6 IT","Oligo",FALSE,FALSE,4773.1460145769,5437.277287393,TRUE,TRUE,0.892629490606168,0.107370509393831
"GACCGTTACATGCGAC-1","doublet_certain","VLMC","Meis2",FALSE,FALSE,3910.23323470546,5449.02182070858,TRUE,TRUE,0.440077688474214,0.559922311525786
"GACCTTCCACGTCTAC-1","doublet_certain","Sst","Oligo",FALSE,FALSE,4197.96604522667,4853.77070929376,TRUE,TRUE,0.861210828215405,0.138789171784595
"GACGACGATCCGCGTT-1","doublet_certain","L2-3 IT","Astro",FALSE,FALSE,4585.46354468165,5347.80533055748,TRUE,TRUE,0.864676666989326,0.135323333010674
"GACGAGGCTAATAAAC-1","doublet_certain","Pvalb","Oligo",FALSE,FALSE,3811.17352698605,4759.35393003342,TRUE,TRUE,0.687903589795431,0.312096410204569
"GACGCATACCCGTCGG-1","doublet_certain","Meis2","VLMC",FALSE,FALSE,3821.87582117518,4863.20897547821,TRUE,TRUE,0.676891413563881,0.323108586436119
"GACGCCGTAAAGGCTA-1","doublet_certain","L5 IT","Astro",FALSE,FALSE,4708.10872248097,5705.07446709869,TRUE,TRUE,0.864571259468153,0.135428740531847
"GACGCTTGCTTCTAAA-1","doublet_certain","L5 IT","Astro",FALSE,FALSE,4635.76564891151,5273.50711407268,TRUE,TRUE,0.926259375966015,0.073740624033985
"GACGGGTTGGCCCGTA-1","doublet_certain","L5 IT","Astro",FALSE,FALSE,3647.26545042668,4564.215386093,TRUE,TRUE,0.793204215061235,0.206795784938765
"GACGGTCAATAGAAGC-1","doublet_certain","Oligo","L5 IT",FALSE,FALSE,3370.44823569638,3914.99569952355,TRUE,TRUE,0.647235430325757,0.352764569674243
"GACGTGTAGGGATTAT-1","doublet_certain","L2-3 IT","Astro",FALSE,FALSE,969.715780340801,1171.86503900577,TRUE,TRUE,0.730279679077717,0.269720320922283
"GACTAAGATCATGCAC-1","doublet_certain","L2-3 IT","Astro",FALSE,FALSE,3747.52128641155,4393.776074023,TRUE,TRUE,0.883753560567849,0.116246439432151
"GACTAAGTAGGCTCAC-1","doublet_certain","L2-3 IT","Astro",FALSE,FALSE,3585.81119024531,4239.14433022826,TRUE,TRUE,0.87877390388982,0.12122609611018
"GACTACAAAGCGGTGG-1","doublet_certain","Meis2","Oligo",FALSE,FALSE,4680.5872081313,5728.71867230674,TRUE,TRUE,0.751060400079705,0.248939599920295
"GACTAGGCCGTTAGGT-1","doublet_certain","Sst","Astro",FALSE,FALSE,4572.77799674097,5291.39610195347,TRUE,TRUE,0.87856381884041,0.12143618115959
"GACTCACCCACGTGAG-1","doublet_certain","Oligo","Astro",FALSE,FALSE,1964.21976089667,2091.80605585541,TRUE,TRUE,0.88066160920749,0.119338390792509
"GACTCCCAGAATAAGG-1","doublet_uncertain","Oligo","L5 IT",FALSE,FALSE,3735.90156175715,5417.95987620236,TRUE,TRUE,0.359836075533761,0.640163924466239
"GACTCCTTCCAATTGA-1","doublet_certain","Vip","Astro",FALSE,FALSE,3848.10673854869,4598.59976215636,TRUE,TRUE,0.763471796838654,0.236528203161347
"GACTCGCGGGAATGAC-1","doublet_certain","L6b","Oligo",FALSE,FALSE,3204.39651937172,3782.65790579987,TRUE,TRUE,0.828802926549591,0.171197073450409
"GACTGCAAATCGAGCT-1","doublet_certain","L2-3 IT","Astro",FALSE,FALSE,4687.88011210328,5290.79586630907,TRUE,TRUE,0.89180320963256,0.10819679036744
"GACTGCACCAGCCCAG-1","doublet_certain","L2-3 IT","Oligo",FALSE,FALSE,4126.19401887641,4958.01411025633,TRUE,TRUE,0.747685217483485,0.252314782516515
"GAGAACGGTTCTGACT-1","doublet_certain","Sst","Astro",FALSE,FALSE,4997.82245427146,5640.02452375189,TRUE,TRUE,0.905850074659821,0.0941499253401794
"GAGACCCTGCAACGCC-1","doublet_certain","L5 IT","Astro",FALSE,FALSE,4580.83653000738,5639.26658842696,TRUE,TRUE,0.809442276618999,0.190557723381001
"GAGACTGATGGGTAGA-1","doublet_certain","L5 IT","Astro",FALSE,FALSE,4610.1131605904,5385.53878948258,TRUE,TRUE,0.896651380907703,0.103348619092297
"GAGACTTCGCGACCGA-1","doublet_certain","L6 IT","Astro",FALSE,FALSE,4804.53151251608,5260.81160486914,TRUE,TRUE,0.948901450064218,0.0510985499357823
"GAGAGGGCGCGAGGTT-1","doublet_certain","L5 IT","Astro",FALSE,FALSE,4706.77138031129,5511.4695474377,TRUE,TRUE,0.894902123580582,0.105097876419418
"GAGAGGTGCATTCTGG-1","doublet_certain","L2-3 IT","Astro",FALSE,FALSE,4139.96736338484,4768.71920051054,TRUE,TRUE,0.90813308271695,0.0918669172830501
"GAGATCTGCTTGGCAT-1","doublet_certain","L5 IT","Astro",FALSE,FALSE,4674.58964242395,5571.05029972944,TRUE,TRUE,0.870058191910574,0.129941808089426
"GAGATCTGTCACTCCG-1","doublet_certain","L5 IT","Oligo",FALSE,FALSE,4105.37756702976,4747.85207015911,TRUE,TRUE,0.87930589686583,0.120694103134169
"GAGATCTTCCATGACA-1","doublet_certain","L2-3 IT","Astro",FALSE,FALSE,3758.7855219895,4329.2240503712,TRUE,TRUE,0.864168643653622,0.135831356346378
"GAGATGGCTTTAATCA-1","doublet_certain","L2-3 IT","Oligo",FALSE,FALSE,5357.02568525147,6286.11053325555,TRUE,TRUE,0.833778897886923,0.166221102113077
"GAGATGGGAGTCGACA-1","doublet_certain","L2-3 IT","Oligo",FALSE,FALSE,4535.09021752475,5252.34743487814,TRUE,TRUE,0.842976948895381,0.157023051104619
"GAGCACCTGTGTCCAG-1","doublet_certain","L2-3 IT","Astro",FALSE,FALSE,4362.64943158601,5244.1754146775,TRUE,TRUE,0.8114923145206,0.1885076854794
"GAGCCAGCTACCTGTG-1","doublet_uncertain","Oligo","L5 PT",FALSE,FALSE,3562.53790430032,4955.16988987341,TRUE,TRUE,0.360708160669016,0.639291839330984
"GAGCCGAGCGTTTATT-1","doublet_certain","L2-3 IT","Astro",FALSE,FALSE,3973.52479879738,4509.76555684364,TRUE,TRUE,0.929556624301014,0.0704433756989861
"GAGCGCAAATACTCCG-1","doublet_certain","Oligo","Pvalb",FALSE,FALSE,2200.4493501165,2376.9175857682,TRUE,TRUE,0.812378417492277,0.187621582507723
"GAGCGCGCACGAGTAG-1","doublet_certain","Oligo","L2-3 IT",FALSE,FALSE,2738.33664756069,3600.59627828071,TRUE,TRUE,0.475186106809301,0.524813893190699
"GAGCGCTGTTAGGTAA-1","doublet_certain","Lamp5","Astro",FALSE,FALSE,4818.65454919205,6141.77693854149,TRUE,TRUE,0.638023877037931,0.361976122962069
"GAGCTAAGGGCATATC-1","doublet_certain","L6 IT","Oligo",FALSE,FALSE,3906.76258575988,4316.75049598339,TRUE,TRUE,0.923267355357617,0.0767326446423835
"GAGCTGTCGTCTCGGA-1","doublet_certain","L5 IT","Astro",FALSE,FALSE,4573.15579587437,5424.93673345286,TRUE,TRUE,0.885384708642704,0.114615291357295
"GAGGAATGGAGAGGTT-1","doublet_uncertain","VLMC","L2-3 IT",FALSE,FALSE,3317.99155626515,4929.31369707528,TRUE,TRUE,0.363338349597275,0.636661650402725
"GAGGATAAACAGTGCT-1","doublet_certain","Sst","Astro",FALSE,FALSE,4145.46116678,5082.98649544762,TRUE,TRUE,0.767155605156327,0.232844394843674
"GAGGCCCGACTCCGCA-1","doublet_certain","Meis2","Astro",FALSE,FALSE,4788.03276242683,5516.99424158478,TRUE,TRUE,0.892275601279464,0.107724398720536
"GAGGCCTGTTGATACA-1","doublet_certain","Sst","Astro",FALSE,FALSE,5241.81787190538,5976.64244708934,TRUE,TRUE,0.906704780987731,0.0932952190122694
"GAGGCTATCAAAGTCG-1","doublet_certain","L2-3 IT","VLMC",FALSE,FALSE,4510.63401833553,5339.47155711904,TRUE,TRUE,0.901671883373101,0.0983281166268988
"GAGGGCGCAGCTCTGC-1","doublet_certain","L5 IT","Astro",FALSE,FALSE,3938.10087267366,4623.12070697617,TRUE,TRUE,0.882477740041843,0.117522259958157
"GAGGTACGCGTGTCCC-1","doublet_certain","L2-3 IT","Astro",FALSE,FALSE,5187.87994036178,5646.98876176399,TRUE,TRUE,0.948051138539604,0.051948861460396
"GAGTAAGGCCACGGGA-1","doublet_certain","Meis2","Oligo",FALSE,FALSE,5243.51041974216,6153.00074695584,TRUE,TRUE,0.85263387027303,0.14736612972697
"GAGTAGATACTAGTTG-1","doublet_certain","L5 IT","Oligo",FALSE,FALSE,4342.47211720057,5203.23059636088,TRUE,TRUE,0.809342360354509,0.190657639645491
"GAGTATGCCCGCCTTG-1","doublet_certain","L5 IT","Astro",FALSE,FALSE,4185.78284662533,4671.17703368516,TRUE,TRUE,0.927532831767893,0.0724671682321067
"GAGTATGCGCGTGCAT-1","doublet_certain","L2-3 IT","Oligo",FALSE,FALSE,4138.57044137258,5217.39932635613,TRUE,TRUE,0.626685482455001,0.373314517544999
"GAGTCAGACCAGAATC-1","doublet_certain","L6 IT","Astro",FALSE,FALSE,4620.13645219223,5121.52257545999,TRUE,TRUE,0.9369996843174,0.0630003156825999
"GAGTCCGCTTACCGGA-1","doublet_certain","L6 IT","Oligo",FALSE,FALSE,3639.29129329316,4387.75025121065,TRUE,TRUE,0.766362071542449,0.233637928457551
"GAGTCTTGTAAAGGAC-1","doublet_certain","Meis2","Astro",FALSE,FALSE,5590.80825730278,6431.02977545476,TRUE,TRUE,0.898121376179681,0.101878623820319
"GAGTGTCAACCAGAAA-1","doublet_certain","L2-3 IT","Oligo",FALSE,FALSE,5235.82591621856,5974.35077224834,TRUE,TRUE,0.860851401903458,0.139148598096542
"GAGTGTGCGGTACCCA-1","doublet_certain","L2-3 IT","Oligo",FALSE,FALSE,3944.25307709105,4652.01351163347,TRUE,TRUE,0.811405619167915,0.188594380832085
"GAGTTCTGTGGGTGCT-1","doublet_certain","Vip","Astro",FALSE,FALSE,3021.40204756303,3382.42388200253,TRUE,TRUE,0.838432599921089,0.161567400078911
"GAGTTGATGGCAATTT-1","doublet_certain","Meis2","Oligo",FALSE,FALSE,4500.47598302136,5416.10589459862,TRUE,TRUE,0.814538934684617,0.185461065315382
"GATAACTCGCACTGTG-1","doublet_certain","L2-3 IT","Oligo",FALSE,FALSE,3614.38231112303,4145.4820006123,TRUE,TRUE,0.831636051121729,0.168363948878271
"GATACGATGGGAGTCA-1","doublet_uncertain","L5 IT","Oligo",FALSE,FALSE,4382.83212545863,5045.30969800405,TRUE,TRUE,0.884889001356622,0.115110998643378
"GATAGATAGTACAGTC-1","doublet_certain","L2-3 IT","Astro",FALSE,FALSE,5143.08372711397,6217.9868224167,TRUE,TRUE,0.85059641388315,0.14940358611685
"GATAGGTAACGTTGAC-1","doublet_certain","L2-3 IT","Oligo",FALSE,FALSE,4918.23766084618,5603.50694928263,TRUE,TRUE,0.867008745809509,0.132991254190491
"GATATCAAGCAGGAGC-1","doublet_certain","Meis2","Astro",FALSE,FALSE,3400.46864917602,3983.79735026126,TRUE,TRUE,0.834465605698247,0.165534394301752
"GATATGAGACACTAAC-1","doublet_certain","L2-3 IT","Oligo",FALSE,FALSE,4712.61617249517,5627.64630309537,TRUE,TRUE,0.799511079627411,0.200488920372589
"GATATGCGGTAGCCAA-1","doublet_certain","L5 IT","Astro",FALSE,FALSE,4241.2462944521,4789.45728203193,TRUE,TRUE,0.922611540688869,0.0773884593111309
"GATATTGAGATTGGCG-1","doublet_certain","L6 IT","Oligo",FALSE,FALSE,3640.77715316148,4427.70358311154,TRUE,TRUE,0.710733488232451,0.289266511767549
"GATATTTCCTACATGG-1","doublet_certain","L2-3 IT","Astro",FALSE,FALSE,4117.95065232873,4693.33318124004,TRUE,TRUE,0.910341712868168,0.0896582871318318
"GATCATTCCAAACATT-1","doublet_certain","L5 IT","Astro",FALSE,FALSE,4735.48309507624,5515.38964475807,TRUE,TRUE,0.911012285293085,0.0889877147069145
"GATCCCTTTATACTGC-1","doublet_certain","L5 IT","Astro",FALSE,FALSE,4089.03145408697,4870.28864570632,TRUE,TRUE,0.879842001201177,0.120157998798823
"GATCCGGGAATTAACA-1","doublet_certain","L2-3 IT","Oligo",FALSE,FALSE,4532.93017431433,5495.22104310554,TRUE,TRUE,0.740829031076542,0.259170968923458
"GATCCTAAATCGGGAC-1","doublet_certain","L6 CT","Oligo",FALSE,FALSE,3693.54526462927,4155.15866756622,TRUE,TRUE,0.888142682727061,0.111857317272939
"GATCCTCGACACTGGC-1","doublet_uncertain","VLMC","L6 IT",FALSE,FALSE,4092.22957094287,6551.26842888715,TRUE,TRUE,0.299169236992056,0.700830763007944
"GATCGACACTATCTGA-1","doublet_uncertain","Astro","L5 IT",FALSE,FALSE,4266.28487189598,8424.78463354683,TRUE,TRUE,0.11664591562801,0.88335408437199
"GATCGCGGGCTCTCCA-1","doublet_certain","L5 IT","Astro",FALSE,FALSE,4722.22970378456,5299.99326584671,TRUE,TRUE,0.930090060057132,0.0699099399428681
"GATCGCTACCCGATTT-1","doublet_certain","Pvalb","Oligo",FALSE,FALSE,2602.58960852826,3264.104199557,TRUE,TRUE,0.722770731641569,0.277229268358431
"GATCGCTATATCTCAG-1","doublet_certain","Vip","Astro",FALSE,FALSE,4385.46916587934,5089.94031618851,TRUE,TRUE,0.801795219849317,0.198204780150683
"GATCGGATAGAACCAT-1","doublet_certain","L5 IT","Astro",FALSE,FALSE,5473.92442267236,6376.16047862987,TRUE,TRUE,0.858614391364166,0.141385608635834
"GATCGGTGGCCATAAC-1","doublet_certain","L5 IT","Astro",FALSE,FALSE,4468.45921086667,5009.86154960637,TRUE,TRUE,0.93555383848198,0.0644461615180198
"GATCGTGACTGATATC-1","doublet_certain","L2-3 IT","Oligo",FALSE,FALSE,3004.95391479567,3524.71349796494,TRUE,TRUE,0.77123455668774,0.22876544331226
"GATCTAACCGTATTCA-1","doublet_certain","Meis2","Astro",FALSE,FALSE,4672.18592779738,5180.92673625126,TRUE,TRUE,0.924194085797737,0.0758059142022633
"GATCTGCTATCTAAGG-1","doublet_certain","L5 IT","Astro",FALSE,FALSE,4362.25711202854,4657.94679984725,TRUE,TRUE,0.968056562505177,0.0319434374948226
"GATCTTGGAGGGCATA-1","doublet_certain","L2-3 IT","Oligo",FALSE,FALSE,3525.0621326896,4294.50978251953,TRUE,TRUE,0.745663053275719,0.254336946724281
"GATCTTTGCAGGGTAT-1","doublet_certain","L5 IT","Astro",FALSE,FALSE,4074.2781939746,4744.4234798002,TRUE,TRUE,0.897805919464742,0.102194080535258
"GATGACAAGTAGGGCA-1","doublet_certain","L6 IT","VLMC",FALSE,FALSE,3303.50085340047,4471.85795531326,TRUE,TRUE,0.586036515608017,0.413963484391983
"GATGACGATGATCGCG-1","doublet_certain","L5 IT","Pvalb",FALSE,FALSE,5001.20992051715,5613.88293378815,TRUE,TRUE,0.580615540564226,0.419384459435774
"GATGAGGAACCTTCGG-1","doublet_uncertain","Sst","Oligo",FALSE,FALSE,4978.47811157339,5736.44496731418,TRUE,TRUE,0.868783645021356,0.131216354978644
"GATGCCTTCTGCGGCA-1","doublet_certain","L5 IT","Astro",FALSE,FALSE,5505.60219350377,6672.74814781883,TRUE,TRUE,0.79610251473601,0.20389748526399
"GATGCGTCCTGCATTC-1","doublet_certain","L6 IT","Oligo",FALSE,FALSE,4444.91009690378,5366.16305747602,TRUE,TRUE,0.835608963447413,0.164391036552587
"GATGCTGTATTTCATC-1","doublet_certain","L2-3 IT","Oligo",FALSE,FALSE,2955.18632340997,3519.18931608639,TRUE,TRUE,0.74170798862444,0.25829201137556
"GATGTAACGAACCACC-1","doublet_certain","Meis2","Oligo",FALSE,FALSE,4959.43879235518,6082.68128993225,TRUE,TRUE,0.778053134692705,0.221946865307295
"GATGTTCAATCCACGA-1","doublet_certain","L5 IT","Astro",FALSE,FALSE,4846.30147086242,5531.32763334334,TRUE,TRUE,0.91224642827402,0.0877535717259803
"GATTAACCGAAAGCCC-1","doublet_certain","Sst","Oligo",FALSE,FALSE,4960.99063776451,5993.21098748041,TRUE,TRUE,0.766288386538754,0.233711613461246
"GATTACTGAATTTGGG-1","doublet_certain","L5 IT","Astro",FALSE,FALSE,4286.06261078675,4845.94346986698,TRUE,TRUE,0.927109500448097,0.0728904995519026
"GATTCCCTTGTCGCAG-1","doublet_certain","L5 IT","Astro",FALSE,FALSE,4346.44196339078,5182.42408333815,TRUE,TRUE,0.877074537816035,0.122925462183965
"GATTCCGCGTTTCCGT-1","doublet_certain","L2-3 IT","Astro",FALSE,FALSE,2945.87975623591,3542.0941254007,TRUE,TRUE,0.799542197661411,0.20045780233859
"GATTCGACGGTTCACG-1","doublet_certain","L2-3 IT","Astro",FALSE,FALSE,3050.67304786209,3471.75006734002,TRUE,TRUE,0.871569928790124,0.128430071209876
"GATTGGGAAAGGTTGT-1","doublet_certain","Sst","Astro",FALSE,FALSE,5173.21925700427,6253.57025562879,TRUE,TRUE,0.826351588844299,0.173648411155701
"GCAAACCCTACATTAT-1","doublet_certain","L2-3 IT","Oligo",FALSE,FALSE,2950.6851808547,3487.75556729091,TRUE,TRUE,0.770093816851707,0.229906183148293
"GCAAACCTTGGCCATA-1","doublet_certain","L2-3 IT","Astro",FALSE,FALSE,5135.51936678318,5830.29535803418,TRUE,TRUE,0.902997624443769,0.0970023755562315
"GCAAATATTACGCTTT-1","doublet_certain","L5 IT","Astro",FALSE,FALSE,5099.38711873029,5888.65786452518,TRUE,TRUE,0.903338916712434,0.0966610832875655
"GCAAATGAGGACACTT-1","doublet_certain","L5 IT","Astro",FALSE,FALSE,4741.18273080453,5944.50250323724,TRUE,TRUE,0.743905427903141,0.256094572096859
"GCAACACACTAGAACT-1","doublet_certain","Sst","Astro",FALSE,FALSE,5316.09263127031,6157.49367088759,TRUE,TRUE,0.862274658242348,0.137725341757652
"GCAACAGCAGTATGCG-1","doublet_certain","Oligo","Pvalb",FALSE,FALSE,2837.21665996777,3622.90470251425,TRUE,TRUE,0.46390461212357,0.53609538787643
"GCAACCACCAGACCGG-1","doublet_certain","L2-3 IT","Astro",FALSE,FALSE,4091.30397527845,4764.12891538249,TRUE,TRUE,0.886674064495906,0.113325935504094
"GCAACCACGGCCGCGT-1","doublet_certain","L2-3 IT","Astro",FALSE,FALSE,4828.60899833245,5669.68482446525,TRUE,TRUE,0.901033377108949,0.0989666228910514
"GCAACGGCTAGTTATG-1","doublet_certain","Pvalb","Oligo",FALSE,FALSE,3012.0401751413,3664.73621077454,TRUE,TRUE,0.785139253715035,0.214860746284965
"GCAAGAATTCCTTGGC-1","doublet_certain","L5 IT","Astro",FALSE,FALSE,4748.48020775823,5544.68848614245,TRUE,TRUE,0.897540805966389,0.102459194033611
"GCAAGATGTGTTCGCG-1","doublet_certain","L2-3 IT","Astro",FALSE,FALSE,3575.89542843597,4450.99742858963,TRUE,TRUE,0.787919652293585,0.212080347706415
"GCAAGCTGGAAACCGC-1","doublet_certain","Meis2","L5 IT",FALSE,FALSE,4110.92956794898,4682.72758358463,TRUE,TRUE,0.521644420389575,0.478355579610424
"GCAAGTGCACAGAGAA-1","doublet_certain","L2-3 IT","Astro",FALSE,FALSE,3661.06719131198,4367.46507573073,TRUE,TRUE,0.882521591230127,0.117478408769873
"GCACAAACGAGGCGTG-1","doublet_certain","Pvalb","Oligo",FALSE,FALSE,4397.8241964072,5280.78222882933,TRUE,TRUE,0.788891231157426,0.211108768842574
"GCACAACCTCGGGCGT-1","doublet_certain","Vip","Astro",FALSE,FALSE,5185.37005564937,5860.93439161251,TRUE,TRUE,0.861068440279664,0.138931559720336
"GCACACACTGGTAGCC-1","doublet_certain","Oligo","Pvalb",FALSE,FALSE,2121.90911214908,2425.37015899014,TRUE,TRUE,0.63758045632508,0.36241954367492
"GCACCTAGGCGAGTCC-1","doublet_certain","L2-3 IT","Astro",FALSE,FALSE,5482.29633150844,6143.47442876503,TRUE,TRUE,0.930736503085396,0.0692634969146045
"GCACGCCGATTCCCGC-1","doublet_certain","L2-3 IT","Astro",FALSE,FALSE,4653.78494130513,5869.3565970004,TRUE,TRUE,0.730358362028166,0.269641637971834
"GCACGCCTACTTAGAT-1","doublet_certain","L6 IT","Astro",FALSE,FALSE,3367.90319920546,4039.62090908345,TRUE,TRUE,0.810778733540188,0.189221266459812
"GCACGTGGTTTACTTA-1","doublet_certain","Sst","Astro",FALSE,FALSE,4847.64578930489,5567.49563456412,TRUE,TRUE,0.885725828165295,0.114274171834705
"GCACTGCCTACCTTTA-1","doublet_certain","L5 IT","Astro",FALSE,FALSE,4549.70489208624,5347.43039833939,TRUE,TRUE,0.863268032503736,0.136731967496264
"GCAGACCCAGCACGTA-1","doublet_certain","Oligo","L6 IT",FALSE,FALSE,5104.2370989204,6478.63969523968,TRUE,TRUE,0.477391863604525,0.522608136395475
"GCAGATCCATAAGACT-1","doublet_certain","L2-3 IT","Oligo",FALSE,FALSE,4189.24295950916,5021.19327078451,TRUE,TRUE,0.757302496615576,0.242697503384424
"GCAGATTAGGGATATC-1","doublet_certain","L6b","Oligo",FALSE,FALSE,3933.41030156142,4908.87469674108,TRUE,TRUE,0.752309416218291,0.247690583781709
"GCAGCACACAGCCCAG-1","doublet_certain","L5 IT","Astro",FALSE,FALSE,4647.60068520131,5385.7484326974,TRUE,TRUE,0.904984303429215,0.0950156965707848
"GCAGCCTATATCACAT-1","doublet_uncertain","Oligo","L6 IT",FALSE,FALSE,1028.37098269765,1106.537863995,TRUE,TRUE,0.795368936914506,0.204631063085494
"GCAGCTATGGACAGGT-1","doublet_certain","L2-3 IT","Astro",FALSE,FALSE,4638.26513271461,5209.21163034481,TRUE,TRUE,0.921767228439802,0.0782327715601982
"GCAGCTGTCAACGCAT-1","doublet_certain","L5 IT","Astro",FALSE,FALSE,4800.06232888612,6127.37925916055,TRUE,TRUE,0.788519148802558,0.211480851197442
"GCAGGAACTTAGATCT-1","doublet_certain","Meis2","Oligo",FALSE,FALSE,4610.1963834913,5137.03632564791,TRUE,TRUE,0.925039378305886,0.0749606216941134
"GCAGGACTATAGAATA-1","doublet_certain","L5 IT","Astro",FALSE,FALSE,4210.24005426525,4936.25340209281,TRUE,TRUE,0.907080885496636,0.0929191145033636
"GCAGGTAGAGTATGGT-1","doublet_certain","L4","Astro",FALSE,FALSE,4031.42358736425,4789.6495172393,TRUE,TRUE,0.868092177762371,0.131907822237629
"GCAGTGTGGCTATAGG-1","doublet_certain","L2-3 IT","Oligo",FALSE,FALSE,4341.97231608826,4995.57822644674,TRUE,TRUE,0.841737508362891,0.158262491637109
"GCATAGAGCACTCAGG-1","doublet_certain","L6 IT","Oligo",FALSE,FALSE,4933.62141618672,5805.2918461622,TRUE,TRUE,0.857687333170302,0.142312666829698
"GCATCGGCCGTGTAGG-1","doublet_uncertain","Oligo","Astro",FALSE,FALSE,516.209764744084,536.42842302627,TRUE,TRUE,0.858127437305083,0.141872562694917
"GCATGAGGGACGCGGC-1","doublet_certain","L6b","Oligo",FALSE,FALSE,2818.51864821792,3814.47875010512,TRUE,TRUE,0.571179782478552,0.428820217521448
"GCATGCTAATAACGAT-1","doublet_certain","Sst","Astro",FALSE,FALSE,5605.33872322419,6442.60127096115,TRUE,TRUE,0.89365992821825,0.10634007178175
"GCATGGGTACTGACGC-1","doublet_certain","Vip","Astro",FALSE,FALSE,4578.82675178556,5566.49051337583,TRUE,TRUE,0.750182914014444,0.249817085985556
"GCATTCAAGGCAACGC-1","doublet_uncertain","Oligo","L5 IT",FALSE,FALSE,2516.61663257771,2942.64563169622,TRUE,TRUE,0.677875412530064,0.322124587469936
"GCATTGACTTGCGGAA-1","doublet_certain","Meis2","Astro",FALSE,FALSE,4793.67980306022,5613.32211195825,TRUE,TRUE,0.880508652550332,0.119491347449668
"GCATTGTAATTCATAT-1","doublet_certain","Sst","Astro",FALSE,FALSE,3401.07188151799,4076.26676729532,TRUE,TRUE,0.779339037887247,0.220660962112753
"GCATTTCCAAGGCTCC-1","doublet_certain","L6 IT","Oligo",FALSE,FALSE,3922.42427319969,4510.7173030937,TRUE,TRUE,0.852678548413372,0.147321451586628
"GCCAACCATTTCCGGA-1","doublet_uncertain","Oligo","L5 IT",FALSE,FALSE,1621.52181892937,2052.44700531854,TRUE,TRUE,0.374346543026445,0.625653456973555
"GCCAAGAATACTTCTG-1","doublet_certain","Meis2","Astro",FALSE,FALSE,5513.48246937123,6622.50913385619,TRUE,TRUE,0.845513152640498,0.154486847359502
"GCCAATAGGGCATCTC-1","doublet_certain","L5 IT","Oligo",FALSE,FALSE,3047.10572737988,3488.1590273482,TRUE,TRUE,0.858241667301902,0.141758332698098
"GCCACAATTTAAGGAC-1","doublet_certain","L5 IT","Astro",FALSE,FALSE,4282.24937599389,4918.32330372282,TRUE,TRUE,0.927722111648919,0.0722778883510808
"GCCACTCAGAGCGCGA-1","doublet_certain","L2-3 IT","Oligo",FALSE,FALSE,4863.13837824977,5729.82967659982,TRUE,TRUE,0.819438366173752,0.180561633826248
"GCCAGGAGTAACCGAT-1","doublet_certain","L5 IT","Astro",FALSE,FALSE,3938.73533847504,4512.22969797442,TRUE,TRUE,0.909034530456377,0.0909654695436226
"GCCATATTGCACACAG-1","doublet_certain","L5 IT","Astro",FALSE,FALSE,3924.63344142068,4559.56434876129,TRUE,TRUE,0.890377782515279,0.109622217484721
"GCCATCGAGCTGCGTG-1","doublet_certain","L2-3 IT","Astro",FALSE,FALSE,3508.6193462033,4314.8151424343,TRUE,TRUE,0.80889083488902,0.19110916511098
"GCCATCGATGCTGCAT-1","doublet_certain","L6 IT","Oligo",FALSE,FALSE,4368.88070492918,5032.56833469979,TRUE,TRUE,0.876063057826263,0.123936942173738
"GCCATTAGCCTCAAAC-1","doublet_certain","L5 IT","Astro",FALSE,FALSE,4646.92295262488,5672.64398587054,TRUE,TRUE,0.772896417515335,0.227103582484665
"GCCCGACTTCTTCCCG-1","doublet_certain","L5 IT","Astro",FALSE,FALSE,4768.2864221633,5632.83604272063,TRUE,TRUE,0.842891471800105,0.157108528199895
"GCCCGAGAGTCTAAAT-1","doublet_certain","Sst","Astro",FALSE,FALSE,4911.55327872263,6383.54009583929,TRUE,TRUE,0.584148886857232,0.415851113142768
"GCCCGATCTGTGGTCG-1","doublet_uncertain","Oligo","L6 IT",FALSE,FALSE,3647.18498980924,5709.9513303259,TRUE,TRUE,0.208041692763595,0.791958307236405
"GCCCGCGCGTAAACGG-1","doublet_certain","L5 IT","Astro",FALSE,FALSE,4696.93801231742,5362.59662712259,TRUE,TRUE,0.919320682287547,0.0806793177124534
"GCCCGTAATACCTTCT-1","doublet_certain","L5 IT","Oligo",FALSE,FALSE,3940.72727968961,4529.46874519335,TRUE,TRUE,0.881394930404989,0.118605069595011
"GCCCTAGCCGTCGCGA-1","doublet_certain","Meis2","Astro",FALSE,FALSE,4841.02078161236,5768.78493808157,TRUE,TRUE,0.844099635780291,0.155900364219709
"GCCCTGAGGATGGGCT-1","doublet_uncertain","Astro","L5 PT",FALSE,FALSE,4273.35464293448,7490.63914479621,TRUE,TRUE,0.17458053638032,0.82541946361968
"GCCGAAATTCCTACGT-1","doublet_certain","L5 IT","Astro",FALSE,FALSE,4579.79841220968,5374.25543913638,TRUE,TRUE,0.900445268615735,0.0995547313842646
"GCCGATTGGCCAAGCT-1","doublet_certain","L2-3 IT","Astro",FALSE,FALSE,4743.91411872961,5678.15877473699,TRUE,TRUE,0.809130415482399,0.190869584517601
"GCCGCTTGTGAGAAAC-1","doublet_certain","L5 IT","Astro",FALSE,FALSE,4675.30740003025,5659.7703856205,TRUE,TRUE,0.879887518210807,0.120112481789193
"GCCGGGTTAGGGTCGC-1","doublet_certain","L6 IT","Oligo",FALSE,FALSE,3575.44185611319,4724.0182075906,TRUE,TRUE,0.634932060347901,0.365067939652099
"GCCGTGGAAGAAATGT-1","doublet_certain","Sst","Oligo",FALSE,FALSE,3672.65618319476,4666.67652718653,TRUE,TRUE,0.666240255943601,0.333759744056399
"GCCTACGTTCTGTGCA-1","doublet_uncertain","Astro","L5 IT",FALSE,FALSE,4783.83700841628,8832.82688122271,TRUE,TRUE,0.163377528218439,0.836622471781561
"GCCTATAGTGTCAGGG-1","doublet_certain","L6 CT","Oligo",FALSE,FALSE,3314.69133944178,3796.45014119985,TRUE,TRUE,0.876561863730983,0.123438136269017
"GCCTATGCTGGGCCTT-1","doublet_certain","L5 PT","Astro",FALSE,FALSE,4395.3446409057,4861.72019640263,TRUE,TRUE,0.936774970805895,0.0632250291941045
"GCCTCATCTGGAAATA-1","doublet_certain","Oligo","L2-3 IT",FALSE,FALSE,3831.36302168253,4942.25483402005,TRUE,TRUE,0.523009301412742,0.476990698587258
"GCCTCCGACAATTCAC-1","doublet_certain","Sst","Oligo",FALSE,FALSE,4316.23287385382,5150.05371261252,TRUE,TRUE,0.773747599518769,0.226252400481231
"GCCTCTATACATAGCA-1","doublet_certain","L2-3 IT","Oligo",FALSE,FALSE,4060.13745585544,4680.15193171244,TRUE,TRUE,0.830983337809526,0.169016662190474
"GCCTTTGTCAGTGGAC-1","doublet_certain","L6 IT","Astro",FALSE,FALSE,3403.79116329802,4379.52269024691,TRUE,TRUE,0.619732662103711,0.380267337896288
"GCGAAACGATCGGGAG-1","doublet_certain","Oligo","Pvalb",FALSE,FALSE,2437.27003692423,3085.41750245308,TRUE,TRUE,0.490312788707208,0.509687211292792
"GCGAAACTTAACTGGA-1","doublet_certain","L2-3 IT","Oligo",FALSE,FALSE,4657.09696979296,5417.51032013486,TRUE,TRUE,0.825106335302126,0.174893664697874
"GCGAAGAATCTGACGG-1","doublet_certain","Sst","Oligo",FALSE,FALSE,4916.14047226911,5913.54503659088,TRUE,TRUE,0.796931479166511,0.203068520833489
"GCGAAGCCATACCCGT-1","doublet_certain","L5 IT","Astro",FALSE,FALSE,4397.30085794686,4916.27200162269,TRUE,TRUE,0.938421964508067,0.061578035491933
"GCGACATGTAAACATC-1","doublet_certain","Oligo","L4",FALSE,FALSE,1401.79023264265,1506.57052413083,TRUE,TRUE,0.798946748949138,0.201053251050862
"GCGACGATAGTTGTAC-1","doublet_certain","L6 IT","Oligo",FALSE,FALSE,4715.63317785693,5396.92501032382,TRUE,TRUE,0.8784089789882,0.1215910210118
"GCGAGAGGCCATGTAA-1","doublet_certain","L6 IT","Astro",FALSE,FALSE,4955.88174391694,5626.16721796419,TRUE,TRUE,0.916612050454491,0.0833879495455086
"GCGAGAGTTGCGTCCA-1","doublet_certain","Oligo","L6 IT",FALSE,FALSE,2545.88501198425,3003.19728619967,TRUE,TRUE,0.56988649112029,0.43011350887971
"GCGAGCGCATGCTCCC-1","doublet_certain","Oligo","Macrophage",FALSE,FALSE,1253.8566221525,1344.80459237459,TRUE,TRUE,0.920310979498515,0.079689020501485
"GCGAGGCCCGAGCAGA-1","doublet_certain","L5 IT","Astro",FALSE,FALSE,5065.65124734449,5725.90636246571,TRUE,TRUE,0.93182489988922,0.0681751001107802
"GCGAGTTCTGCAAAGA-1","doublet_certain","L5 IT","Oligo",FALSE,FALSE,5266.07785160368,6382.33762189246,TRUE,TRUE,0.837689224696686,0.162310775303314
"GCGATTGTTAACGTTA-1","doublet_certain","L2-3 IT","Oligo",FALSE,FALSE,3471.84498850378,4469.16549656949,TRUE,TRUE,0.644434891739273,0.355565108260727
"GCGCAAATATATTCAA-1","doublet_certain","L5 IT","Astro",FALSE,FALSE,4421.63700687836,5736.07649379085,TRUE,TRUE,0.673384531296108,0.326615468703892
"GCGCAAGAGCGCGCTG-1","doublet_certain","Oligo","L2-3 IT",FALSE,FALSE,2421.20321737792,2805.1869712221,TRUE,TRUE,0.669361683036846,0.330638316963154
"GCGCATCCAGTCAGCA-1","doublet_certain","Oligo","Pvalb",FALSE,FALSE,2081.81641224438,2684.141805078,TRUE,TRUE,0.470616714604234,0.529383285395766
"GCGCCGTTCCACGATA-1","doublet_certain","L2-3 IT","Oligo",FALSE,FALSE,3762.9219731217,4319.78483926859,TRUE,TRUE,0.832821578503539,0.167178421496461
"GCGCCTCCCACTCCGA-1","doublet_certain","Pvalb","Oligo",FALSE,FALSE,3259.71231751013,3887.3020569717,TRUE,TRUE,0.782007018513464,0.217992981486536
"GCGCGGTCTAGTAACT-1","doublet_certain","L5 IT","Astro",FALSE,FALSE,4331.79147238844,5552.9871264171,TRUE,TRUE,0.711164822777715,0.288835177222285
"GCGCGTCATTGGTACA-1","doublet_certain","L2-3 IT","Astro",FALSE,FALSE,4111.62163058976,4872.31340992245,TRUE,TRUE,0.829973119517029,0.170026880482971
"GCGCTAATTGAATAGA-1","doublet_certain","Oligo","L5 IT",FALSE,FALSE,3696.90888277045,4717.72068200955,TRUE,TRUE,0.622895832193531,0.377104167806469
"GCGCTATGCCGAGGCA-1","doublet_certain","L5 IT","Astro",FALSE,FALSE,4873.48762638897,5557.29179216023,TRUE,TRUE,0.914784690030246,0.0852153099697544
"GCGCTGATCCAGACTC-1","doublet_certain","L2-3 IT","Astro",FALSE,FALSE,4492.87967499619,5146.9951776256,TRUE,TRUE,0.921962484035016,0.0780375159649841
"GCGCTGCTTTGCATTT-1","doublet_certain","L6 CT","Oligo",FALSE,FALSE,2835.36147782084,3387.86203627678,TRUE,TRUE,0.80493292058819,0.19506707941181
"GCGCTTAAATAATTGG-1","doublet_certain","L2-3 IT","Oligo",FALSE,FALSE,4875.21620169589,5769.83099846477,TRUE,TRUE,0.821788807356005,0.178211192643995
"GCGGACCGCGTTGTGG-1","doublet_certain","L2-3 IT","Astro",FALSE,FALSE,3522.67758921258,4055.10786692278,TRUE,TRUE,0.880794409636657,0.119205590363343
"GCGGAGAAACTTCGCA-1","doublet_certain","L5 IT","Astro",FALSE,FALSE,2864.65411361869,3698.63275555636,TRUE,TRUE,0.642434935417625,0.357565064582375
"GCGGAGAGGGAGAACG-1","doublet_certain","L2-3 IT","Astro",FALSE,FALSE,4244.98073783748,4983.70648728399,TRUE,TRUE,0.827227270333696,0.172772729666304
"GCGGATTACTTGTTCT-1","doublet_certain","L6 IT","Astro",FALSE,FALSE,4207.16441928457,5076.50221505884,TRUE,TRUE,0.822845954298689,0.177154045701311
"GCGGCAAAGTATTGCC-1","doublet_certain","Vip","Astro",FALSE,FALSE,3959.28241028038,4932.4682427626,TRUE,TRUE,0.713611987191031,0.286388012808969
"GCGGCTCTGACGTACC-1","doublet_certain","L5 IT","Astro",FALSE,FALSE,4150.61987290593,4903.51590602596,TRUE,TRUE,0.893911072474711,0.106088927525289
"GCGGCTTTAGCAAGTT-1","doublet_certain","L2-3 IT","Astro",FALSE,FALSE,4857.93580063492,5719.67081767501,TRUE,TRUE,0.869690092235181,0.130309907764819
"GCGGGCGAGCCTTACC-1","doublet_certain","L6 IT","Astro",FALSE,FALSE,4472.77890379046,5118.65767630788,TRUE,TRUE,0.910119961745359,0.0898800382546408
"GCGGTCTTGCTTTCAC-1","doublet_certain","L2-3 IT","Astro",FALSE,FALSE,4649.92294081582,5492.87239726549,TRUE,TRUE,0.867359286588473,0.132640713411527
"GCGGTGAACTGCGCTC-1","doublet_certain","L5 PT","Astro",FALSE,FALSE,4408.77944659913,4984.50332358511,TRUE,TRUE,0.925492401538997,0.0745075984610035
"GCGGTTCCCTATCATG-1","doublet_certain","L5 PT","Oligo",FALSE,FALSE,4316.86746825199,4698.5530872767,TRUE,TRUE,0.941263064298729,0.0587369357012712
"GCGTAAATGGCCATAA-1","doublet_certain","L6 IT","Oligo",FALSE,FALSE,4660.34621999039,5928.14149593605,TRUE,TRUE,0.642625227439661,0.357374772560339
"GCGTCGAAATGTCGGT-1","doublet_certain","L2-3 IT","Astro",FALSE,FALSE,3254.83621895554,4000.4761424052,TRUE,TRUE,0.713714811360521,0.286285188639479
"GCGTCGCCAGGGTGAT-1","doublet_certain","L6 IT","Astro",FALSE,FALSE,4136.78566650207,4633.23732797352,TRUE,TRUE,0.904498252690708,0.0955017473092915
"GCGTCTCTGCATTGGG-1","doublet_certain","L5 IT","Astro",FALSE,FALSE,4046.23046992151,4775.52637581764,TRUE,TRUE,0.878283466262824,0.121716533737176
"GCGTGGTACTGGGTTA-1","doublet_certain","L2-3 IT","Oligo",FALSE,FALSE,3239.89072370759,3860.6889671943,TRUE,TRUE,0.746721457898687,0.253278542101312
"GCGTTCGGAGACCGGG-1","doublet_certain","L5 IT","Astro",FALSE,FALSE,3808.96548356873,4688.74223767244,TRUE,TRUE,0.849767116575676,0.150232883424324
"GCTAACTGAAGTCTGA-1","doublet_certain","L2-3 IT","Oligo",FALSE,FALSE,3321.45453712959,4163.72520766656,TRUE,TRUE,0.673220450681405,0.326779549318595
"GCTAAGCCCAGTATGC-1","doublet_uncertain","Astro","L6 IT",FALSE,FALSE,4006.53187808664,7441.45456492846,TRUE,TRUE,0.180679868749911,0.819320131250089
"GCTAAGTAGTTTCTCT-1","doublet_certain","L2-3 IT","Oligo",FALSE,FALSE,4128.31222254201,4941.01448640356,TRUE,TRUE,0.779737593930306,0.220262406069694
"GCTAATACCGAATGCC-1","doublet_certain","L2-3 IT","Astro",FALSE,FALSE,3445.03827446346,4530.76322482304,TRUE,TRUE,0.653578167266157,0.346421832733843
"GCTACAATCGAGGATA-1","doublet_certain","Sst","Astro",FALSE,FALSE,5007.05846179045,5703.56771450127,TRUE,TRUE,0.894047606230048,0.105952393769952
"GCTACAGTACGGACCG-1","doublet_certain","Sst","Astro",FALSE,FALSE,3921.66810916555,4751.45480644645,TRUE,TRUE,0.786679719221872,0.213320280778128
"GCTACGACTTATTGGG-1","doublet_certain","L2-3 IT","Oligo",FALSE,FALSE,3481.54199234577,4215.59850309042,TRUE,TRUE,0.771296414437638,0.228703585562362
"GCTACTATAGTAGAGT-1","doublet_certain","Sst","Oligo",FALSE,FALSE,3349.22168810836,4391.93429454592,TRUE,TRUE,0.602442374070912,0.397557625929088
"GCTAGACCGTCTACTG-1","doublet_certain","Oligo","L6 IT",FALSE,FALSE,2500.41629948293,2792.167564784,TRUE,TRUE,0.720919220575959,0.279080779424041
"GCTAGAGTAGAGATGT-1","doublet_certain","Pvalb","Astro",FALSE,FALSE,4001.27927930083,5128.15560263225,TRUE,TRUE,0.656691949593821,0.343308050406179
"GCTAGCAGGGAGTGGG-1","doublet_certain","L4","Astro",FALSE,FALSE,4094.35034133949,4757.30833646504,TRUE,TRUE,0.890545750190592,0.109454249809408
"GCTAGCTTGAATAGCT-1","doublet_uncertain","Astro","L6 IT",FALSE,FALSE,3104.93161647079,5262.89694508926,TRUE,TRUE,0.235023736190858,0.764976263809142
"GCTAGGCACCACGGAG-1","doublet_certain","L2-3 IT","Oligo",FALSE,FALSE,3274.1761415828,3811.22947210065,TRUE,TRUE,0.769484518894319,0.230515481105681
"GCTAGTAGAGCTTGTA-1","doublet_certain","L2-3 IT","Oligo",FALSE,FALSE,4330.79260991043,5007.30560173333,TRUE,TRUE,0.82567863088175,0.17432136911825
"GCTATACGTCTCGGAC-1","doublet_certain","L2-3 IT","Oligo",FALSE,FALSE,3002.60837338096,3686.56093874895,TRUE,TRUE,0.719435385400366,0.280564614599634
"GCTATCATACTCATGG-1","doublet_certain","L2-3 IT","Astro",FALSE,FALSE,3798.18212317609,4319.32333528942,TRUE,TRUE,0.872627425336716,0.127372574663284
"GCTATGCCAGCTTATG-1","doublet_certain","Meis2","Endo",FALSE,FALSE,5007.85110815115,5655.40563586909,TRUE,TRUE,0.95247171222274,0.0475282877772597
"GCTCAATCCGTTTATT-1","doublet_uncertain","Oligo","L5 IT",FALSE,FALSE,2378.72970507135,3190.32826532454,TRUE,TRUE,0.351934365446327,0.648065634553673
"GCTCAATGTAATACCG-1","doublet_certain","L5 IT","Astro",FALSE,FALSE,4870.13713125509,5741.77123562636,TRUE,TRUE,0.892238009019329,0.107761990980671
"GCTCATTACTGCATGT-1","doublet_certain","L2-3 IT","Astro",FALSE,FALSE,3436.11591860389,3910.99637678788,TRUE,TRUE,0.908625683902466,0.091374316097534
"GCTCCCAGTCGGTCCA-1","doublet_certain","Pvalb","Oligo",FALSE,FALSE,3661.09646289735,4344.2086961818,TRUE,TRUE,0.788433055836375,0.211566944163625
"GCTCCGCTCGCTTCAG-1","doublet_certain","Pvalb","Oligo",FALSE,FALSE,3988.65386295208,4987.26577557112,TRUE,TRUE,0.73271160826692,0.26728839173308
"GCTCCTGACATACTGG-1","doublet_uncertain","Oligo","L5 IT",FALSE,FALSE,3229.79153941105,4338.46023703518,TRUE,TRUE,0.373065103597485,0.626934896402514
"GCTCGCTCATGTCCAA-1","doublet_certain","L2-3 IT","Oligo",FALSE,FALSE,3476.47887424129,4462.50044872119,TRUE,TRUE,0.679809145540187,0.320190854459813
"GCTCGGAATTTAAAGC-1","doublet_certain","L5 IT","Astro",FALSE,FALSE,4692.75544863607,5279.5167311421,TRUE,TRUE,0.922302563976951,0.0776974360230488
"GCTCTAAACCCTGACG-1","doublet_uncertain","Astro","L4",FALSE,FALSE,4095.91766753576,8571.46896784776,TRUE,TRUE,0.118054661999985,0.881945338000015
"GCTCTATGTTACGTGC-1","doublet_certain","L2-3 IT","Astro",FALSE,FALSE,3903.39740650862,4485.46622576999,TRUE,TRUE,0.900097590160715,0.0999024098392851
"GCTCTCGGGTACCGAA-1","doublet_certain","L5 IT","Astro",FALSE,FALSE,4474.36029857021,5243.80656994337,TRUE,TRUE,0.876579301042152,0.123420698957848
"GCTCTTTCCGCTAGTG-1","doublet_certain","L5 IT","Astro",FALSE,FALSE,3063.42240248887,3925.30257635333,TRUE,TRUE,0.746144875522582,0.253855124477418
"GCTGAATCTTCCAATC-1","doublet_uncertain","Astro","Pvalb",FALSE,FALSE,4220.86450154512,6442.00353246335,TRUE,TRUE,0.265445433808046,0.734554566191954
"GCTGAGGCGTGAGTAT-1","doublet_certain","L2-3 IT","Oligo",FALSE,FALSE,4758.37604169698,5851.20407378238,TRUE,TRUE,0.780299137035777,0.219700862964223
"GCTGCACGGTTTCTTA-1","doublet_uncertain","Astro","L2-3 IT",FALSE,FALSE,3954.88845484577,7011.21503564206,TRUE,TRUE,0.145545785276597,0.854454214723403
"GCTGCTAAGTAGTCGA-1","doublet_certain","L6 IT","Oligo",FALSE,FALSE,4841.44472299922,5304.56055193492,TRUE,TRUE,0.933410058824256,0.0665899411757444
"GCTGCTACTGCGTAGC-1","doublet_certain","L2-3 IT","Oligo",FALSE,FALSE,2754.94273106157,3274.71481104239,TRUE,TRUE,0.710262693285904,0.289737306714096
"GCTGCTCTCCGGACAC-1","doublet_certain","L5 IT","Astro",FALSE,FALSE,4498.81676874133,5071.62835850975,TRUE,TRUE,0.916856627601801,0.0831433723981988
"GCTGGACCCAAAGTGG-1","doublet_certain","L2-3 IT","Astro",FALSE,FALSE,4630.75379707495,5203.76591804169,TRUE,TRUE,0.939442728588275,0.0605572714117251
"GCTGGCATATTCACCT-1","doublet_certain","L2-3 IT","Astro",FALSE,FALSE,3463.87843383733,4011.55351253568,TRUE,TRUE,0.900621368517826,0.0993786314821743
"GCTGGCGGCGCATGCT-1","doublet_certain","L2-3 IT","Astro",FALSE,FALSE,4852.24258100589,5703.02096258252,TRUE,TRUE,0.856796382013655,0.143203617986345
"GCTGGTGACTCGTAGT-1","doublet_certain","L5 IT","Astro",FALSE,FALSE,3521.70259009291,4678.38149951197,TRUE,TRUE,0.722461733910298,0.277538266089702
"GCTGGTTTAGGCCATA-1","doublet_certain","Lamp5","Astro",FALSE,FALSE,4254.71565252176,5218.95081858458,TRUE,TRUE,0.724732651777881,0.275267348222119
"GCTGTATTACTGGCCC-1","doublet_certain","L5 IT","Astro",FALSE,FALSE,4305.86195341218,4989.28486206087,TRUE,TRUE,0.903107437137396,0.0968925628626036
"GCTGTTGCTACCGAAC-1","doublet_certain","L2-3 IT","Oligo",FALSE,FALSE,3862.06913937835,4707.09428514845,TRUE,TRUE,0.748998736166032,0.251001263833968
"GCTTAATGTAACTAAC-1","doublet_certain","L2-3 IT","Oligo",FALSE,FALSE,4371.81908712636,5159.07050385088,TRUE,TRUE,0.821889666403346,0.178110333596653
"GCTTACGTAGTTAGTA-1","doublet_certain","Oligo","L6 IT",FALSE,FALSE,644.314511203778,677.266904843062,TRUE,TRUE,0.785737591978351,0.214262408021649
"GCTTATGAAGCAGGAA-1","doublet_certain","L2-3 IT","Astro",FALSE,FALSE,4241.62685965519,5088.85909219278,TRUE,TRUE,0.812525743910952,0.187474256089048
"GCTTCCATGTAACCGC-1","doublet_uncertain","Astro","L2-3 IT",FALSE,FALSE,4583.29755523956,8929.82269637924,TRUE,TRUE,0.155204528497707,0.844795471502293
"GCTTCCGTCCCTAGAC-1","doublet_certain","L5 IT","Oligo",FALSE,FALSE,4248.97113242989,4660.70389455088,TRUE,TRUE,0.922781390432595,0.0772186095674048
"GCTTGAGTGACCTCTG-1","doublet_certain","L2-3 IT","Astro",FALSE,FALSE,5118.41329411375,5618.33350751747,TRUE,TRUE,0.958597995208679,0.0414020047913205
"GCTTGGATCGATTAGG-1","doublet_certain","Oligo","L6 IT",FALSE,FALSE,2875.65570046264,3199.81447764487,TRUE,TRUE,0.684245781242733,0.315754218757267
"GCTTTCAGAGGAGGTG-1","doublet_certain","L2-3 IT","Oligo",FALSE,FALSE,3579.12100019796,4448.0432065822,TRUE,TRUE,0.705435308055462,0.294564691944538
"GGAAACCTTGTTGAAT-1","doublet_certain","L5 IT","Astro",FALSE,FALSE,4577.69597696989,5331.87260316925,TRUE,TRUE,0.89654556141509,0.10345443858491
"GGAAACTAAATGGGCC-1","doublet_certain","Sst","Astro",FALSE,FALSE,4477.83755681709,5117.73321546283,TRUE,TRUE,0.890533863136529,0.109466136863471
"GGAAAGTGCCCATGCC-1","doublet_certain","L5 IT","Astro",FALSE,FALSE,4149.22882151791,4719.91783731662,TRUE,TRUE,0.921003320153192,0.0789966798468078
"GGAACCGTGTAAATTG-1","doublet_certain","L5 IT","Astro",FALSE,FALSE,4211.88713924177,4928.54905110861,TRUE,TRUE,0.898052222202913,0.101947777797087
"GGAACCTTGACTCTGC-1","doublet_certain","L5 IT","Astro",FALSE,FALSE,5282.91519710637,6374.62558840271,TRUE,TRUE,0.801510512050733,0.198489487949267
"GGAACTTTGGCGATTA-1","doublet_certain","Sst","Oligo",FALSE,FALSE,4669.6800531445,5351.43131213013,TRUE,TRUE,0.872220856340074,0.127779143659926
"GGAATGCGCTAGCGTG-1","doublet_certain","Oligo","L5 IT",FALSE,FALSE,2771.64427601622,3394.27123456169,TRUE,TRUE,0.654249287638649,0.345750712361351
"GGACAACCATGAAGCC-1","doublet_certain","L6 IT","Astro",FALSE,FALSE,5935.90419863614,6725.3720495384,TRUE,TRUE,0.905948764459038,0.0940512355409618
"GGACACAAGTTTACAC-1","doublet_certain","Pvalb","Oligo",FALSE,FALSE,2574.99384057099,3227.57790145678,TRUE,TRUE,0.674596985919629,0.325403014080371
"GGACCAACAGGATAAC-1","doublet_certain","L2-3 IT","Astro",FALSE,FALSE,5101.95987990228,5921.35526319159,TRUE,TRUE,0.877506172383442,0.122493827616558
"GGACCTACGGTAACGT-1","doublet_certain","L5 IT","Astro",FALSE,FALSE,4367.13632317661,5023.7063988519,TRUE,TRUE,0.915778580349942,0.0842214196500581
"GGACCTCTAGGCCGCC-1","doublet_certain","Sst","Astro",FALSE,FALSE,4097.29991473078,5071.84483903444,TRUE,TRUE,0.73774224827146,0.262257751728541
"GGACGTCCATAGTTGG-1","doublet_certain","L2-3 IT","Astro",FALSE,FALSE,4499.08440782268,5094.07791871931,TRUE,TRUE,0.928704563832653,0.071295436167347
"GGACTCTTTGACTAAG-1","doublet_certain","L2-3 IT","Astro",FALSE,FALSE,5137.6493156074,5904.05658353371,TRUE,TRUE,0.897506146428615,0.102493853571385
"GGAGAAGTCATTGGCA-1","doublet_certain","L2-3 IT","Astro",FALSE,FALSE,3298.22956111805,4481.92820396402,TRUE,TRUE,0.567791424011063,0.432208575988937
"GGAGACCATCTACATA-1","doublet_certain","Meis2","Astro",FALSE,FALSE,4484.721287163,5167.01433901838,TRUE,TRUE,0.884999259092187,0.115000740907813
"GGAGACGACACCTTTG-1","doublet_certain","L2-3 IT","Oligo",FALSE,FALSE,4113.43745438484,4788.73334029737,TRUE,TRUE,0.826101037248786,0.173898962751214
"GGAGCAACATTTCAAG-1","doublet_certain","Pvalb","Oligo",FALSE,FALSE,3322.80703936047,4185.43884249939,TRUE,TRUE,0.713207234256918,0.286792765743082
"GGAGCACCAAGAACTA-1","doublet_certain","L5 IT","Astro",FALSE,FALSE,4656.98074692684,5386.7828808574,TRUE,TRUE,0.908569930068009,0.091430069931991
"GGAGCGAGGCCTACTT-1","doublet_certain","L2-3 IT","Astro",FALSE,FALSE,5376.74230845992,6374.75280769843,TRUE,TRUE,0.849907756741072,0.150092243258928
"GGAGGGCTTGGTTGGC-1","doublet_certain","Oligo","L6 IT",FALSE,FALSE,3359.59661019883,4393.65498360136,TRUE,TRUE,0.541358740929199,0.458641259070801
"GGAGTTGATTCTGTGT-1","doublet_certain","Sst","Astro",FALSE,FALSE,5002.36747018222,5655.72499575539,TRUE,TRUE,0.905875350867242,0.0941246491327581
"GGATCAGAGCCATCAG-1","doublet_certain","L5 IT","Meis2",FALSE,FALSE,5661.09816248193,6551.68016632584,TRUE,TRUE,0.546971676607323,0.453028323392677
"GGATCATCCCGTACGC-1","doublet_certain","L4","Astro",FALSE,FALSE,4714.74824565407,5378.83154913347,TRUE,TRUE,0.911080960360386,0.0889190396396135
"GGATCCGGAATATACT-1","doublet_certain","L2-3 IT","Oligo",FALSE,FALSE,4206.23356328268,4850.00489481358,TRUE,TRUE,0.84969759477878,0.15030240522122
"GGATCTTGACTCAACC-1","doublet_certain","Meis2","Astro",FALSE,FALSE,4524.63774757119,5191.4850137386,TRUE,TRUE,0.879098728092011,0.120901271907989
"GGATGAAGATCGCTGA-1","doublet_certain","L2-3 IT","Oligo",FALSE,FALSE,3473.50945661236,4307.96513743251,TRUE,TRUE,0.747015321336892,0.252984678663108
"GGATGACGCGAGTTTA-1","doublet_certain","L5 IT","Oligo",FALSE,FALSE,4412.21291331666,5244.77622549378,TRUE,TRUE,0.845596251544307,0.154403748455693
"GGATGGCTTGAAGTAT-1","doublet_uncertain","Sst","L2-3 IT",FALSE,FALSE,5157.20625362222,5615.02071168468,TRUE,TRUE,0.622830955935038,0.377169044064962
"GGATGTCCTTACCGCA-1","doublet_certain","L2-3 IT","Oligo",FALSE,FALSE,4591.62466442506,5482.38389941318,TRUE,TRUE,0.801613369130235,0.198386630869765
"GGATTAATCATGGACC-1","doublet_certain","L2-3 IT","Astro",FALSE,FALSE,5120.00183803247,6169.68226952075,TRUE,TRUE,0.84782786189767,0.15217213810233
"GGATTCCGCTATACCC-1","doublet_certain","L2-3 IT","Astro",FALSE,FALSE,4335.32063900126,4940.92039591339,TRUE,TRUE,0.913845683441143,0.0861543165588568
"GGATTGCTGTGACTCC-1","doublet_certain","L2-3 IT","Oligo",FALSE,FALSE,4386.93714660332,5086.13595197153,TRUE,TRUE,0.838720341488256,0.161279658511744
"GGATTTCACTTCTATA-1","doublet_certain","Oligo","L6b",FALSE,FALSE,2372.00921850819,2960.82271555115,TRUE,TRUE,0.612329694556075,0.387670305443924
"GGCAAAGGCGCCAATA-1","doublet_certain","L5 IT","Oligo",FALSE,FALSE,2675.82299082532,3352.54905394478,TRUE,TRUE,0.634636941291737,0.365363058708263
"GGCAAATTACTTTACT-1","doublet_certain","L6 IT","Astro",FALSE,FALSE,4564.43338393213,5281.16234954305,TRUE,TRUE,0.911441669948745,0.0885583300512553
"GGCAAGCCCATAGTGG-1","doublet_certain","L5 IT","Astro",FALSE,FALSE,4044.89956498866,4850.11697637487,TRUE,TRUE,0.843153348723476,0.156846651276524
"GGCAAGGCGAAATAGC-1","doublet_certain","L2-3 IT","Astro",FALSE,FALSE,4398.18281420299,5055.80361962823,TRUE,TRUE,0.879779191825215,0.120220808174785
"GGCAATAGTCAATGAG-1","doublet_certain","L5 IT","Astro",FALSE,FALSE,5069.22512052209,5917.76667594351,TRUE,TRUE,0.900971489684432,0.0990285103155684
"GGCACGCTGCTACAGT-1","doublet_certain","L2-3 IT","Astro",FALSE,FALSE,5644.10885718587,6623.23305363423,TRUE,TRUE,0.885556478130864,0.114443521869136
"GGCACTCCACTGGGCA-1","doublet_certain","L5 IT","Astro",FALSE,FALSE,4382.54329124825,5082.34378454211,TRUE,TRUE,0.899905833627899,0.100094166372101
"GGCACTGCGGTGGTTT-1","doublet_certain","Sst","L6 IT",FALSE,FALSE,5161.17880839387,5704.20507801545,TRUE,TRUE,0.538598093011431,0.461401906988569
"GGCAGCAAACCTATGC-1","doublet_certain","Oligo","Pvalb",FALSE,FALSE,2834.89491339139,3257.88426930185,TRUE,TRUE,0.598585244008701,0.401414755991299
"GGCAGCGGTAATCCTA-1","doublet_certain","L2-3 IT","Astro",FALSE,FALSE,4487.516968966,5094.734499733,TRUE,TRUE,0.917694176014397,0.0823058239856029
"GGCATACAGGTAGCGG-1","doublet_certain","L5 IT","Astro",FALSE,FALSE,3437.88333479566,4098.60679252386,TRUE,TRUE,0.850721312873419,0.149278687126581
"GGCATATCGGTTCTGC-1","doublet_certain","L2-3 IT","Astro",FALSE,FALSE,3999.91368789184,4644.77194019706,TRUE,TRUE,0.871949361228766,0.128050638771234
"GGCCAATTGTATAGAC-1","doublet_certain","L5 IT","VLMC",FALSE,FALSE,5478.73082052699,7515.10095555139,TRUE,TRUE,0.641076656133831,0.358923343866169
"GGCCCAGCTGGTTTGC-1","doublet_certain","L2-3 IT","Astro",FALSE,FALSE,5439.55509024569,6169.94719235728,TRUE,TRUE,0.916104523637844,0.0838954763621557
"GGCCCTCACCCACTTA-1","doublet_certain","L6 IT","Astro",FALSE,FALSE,3377.27742339702,4545.96177664551,TRUE,TRUE,0.64497728628555,0.35502271371445
"GGCCGGCGTCTGCTAT-1","doublet_certain","Sst","Oligo",FALSE,FALSE,5012.34349516805,6152.26484090216,TRUE,TRUE,0.755931683872067,0.244068316127933
"GGCCGTTTGGGTTTCA-1","doublet_certain","L5 IT","Astro",FALSE,FALSE,2749.12477078643,3559.60183229987,TRUE,TRUE,0.723537283980852,0.276462716019148
"GGCCTGCTTCTCCCGA-1","doublet_certain","Sst","Oligo",FALSE,FALSE,4585.04938393241,5269.65230095274,TRUE,TRUE,0.853757133036496,0.146242866963504
"GGCGAAATCTAACTTG-1","doublet_certain","L2-3 IT","Oligo",FALSE,FALSE,3758.54937486314,4586.6239339364,TRUE,TRUE,0.765092537800353,0.234907462199647
"GGCGAGCGAAACGGCA-1","doublet_certain","Meis2","Astro",FALSE,FALSE,5281.66146307439,6109.66491814299,TRUE,TRUE,0.887612930577616,0.112387069422384
"GGCGCAGGACATCTTC-1","doublet_certain","L2-3 IT","Astro",FALSE,FALSE,3770.07282752899,4354.86461670903,TRUE,TRUE,0.909536081690542,0.0904639183094581
"GGCGCATGAATTGATG-1","doublet_certain","L6 IT","Astro",FALSE,FALSE,5224.52565310998,6138.39698633681,TRUE,TRUE,0.893500029386559,0.106499970613441
"GGCGCGGAGATCTTTC-1","doublet_certain","L2-3 IT","Oligo",FALSE,FALSE,4528.71350686184,5390.33614129108,TRUE,TRUE,0.77829901928226,0.22170098071774
"GGCGCGTTCGAGTTTA-1","doublet_certain","L6 IT","Oligo",FALSE,FALSE,4462.85096146516,5120.95021541664,TRUE,TRUE,0.86588090901797,0.134119090982031
"GGCGCTTCATTCCCTG-1","doublet_certain","L5 IT","Oligo",FALSE,FALSE,5059.20170424021,6259.54774644338,TRUE,TRUE,0.749782435133909,0.250217564866091
"GGCGGAGTAATATTAG-1","doublet_certain","L5 IT","Astro",FALSE,FALSE,4595.48095663204,5234.41517648045,TRUE,TRUE,0.923084467633398,0.0769155323666018
"GGCGGTAGGATCATTG-1","doublet_certain","L6 IT","Oligo",FALSE,FALSE,4171.20571710521,4719.03942584286,TRUE,TRUE,0.891725433438058,0.108274566561942
"GGCGTAGGGAAAGCTG-1","doublet_certain","L2-3 IT","Astro",FALSE,FALSE,5019.18729808785,5930.37421014908,TRUE,TRUE,0.860287245629776,0.139712754370224
"GGCGTCCTATCCGCTG-1","doublet_certain","L2-3 IT","Astro",FALSE,FALSE,3304.06794035372,3775.8844605683,TRUE,TRUE,0.900653385048187,0.0993466149518126
"GGCTAAAGGGCGGGTC-1","doublet_certain","L5 IT","Astro",FALSE,FALSE,4082.09774524144,4621.3250197899,TRUE,TRUE,0.923660939999785,0.0763390600002154
"GGCTAATGATTGAAAT-1","doublet_certain","L5 IT","Astro",FALSE,FALSE,4622.54972445374,5548.5149467781,TRUE,TRUE,0.832927226385084,0.167072773614916
"GGCTATTAAGTTGTAT-1","doublet_certain","L5 IT","Astro",FALSE,FALSE,3741.97481223079,4298.62564358037,TRUE,TRUE,0.917552787900597,0.0824472120994025
"GGCTCGCGTTGAGGTA-1","doublet_certain","Oligo","Astro",FALSE,FALSE,3353.22064911927,3786.94029575535,TRUE,TRUE,0.77858814316467,0.22141185683533
"GGCTCTGCTCCAACGC-1","doublet_certain","L5 IT","Astro",FALSE,FALSE,3964.91939069363,4541.08289370901,TRUE,TRUE,0.919535517923118,0.0804644820768822
"GGCTGAAATAGCAAAG-1","doublet_certain","L2-3 IT","Oligo",FALSE,FALSE,4318.92683096024,5178.30539101734,TRUE,TRUE,0.792936626162467,0.207063373837533
"GGCTTTCAATAAGGGT-1","doublet_certain","L5 IT","Astro",FALSE,FALSE,3949.95461968344,4630.65835320907,TRUE,TRUE,0.880248256328131,0.119751743671869
"GGGAAAGAATGCCAAC-1","doublet_certain","Sst","Astro",FALSE,FALSE,5808.66610343327,6580.59610189779,TRUE,TRUE,0.897762617692922,0.102237382307078
"GGGAACGGGAGGTTAG-1","doublet_certain","L5 IT","Astro",FALSE,FALSE,4418.31427357192,5327.68283205846,TRUE,TRUE,0.853815541363694,0.146184458636306
"GGGAAGACGGTCTGTC-1","doublet_certain","L2-3 IT","Oligo",FALSE,FALSE,5019.49010780003,6128.84153304711,TRUE,TRUE,0.73393985420299,0.26606014579701
"GGGAAGGGCTTTCTCA-1","doublet_certain","L6 IT","Oligo",FALSE,FALSE,4887.0148333033,5630.30569591554,TRUE,TRUE,0.844867595023348,0.155132404976652
"GGGAATGAGCCCTCAC-1","doublet_certain","L5 IT","Astro",FALSE,FALSE,4417.30397463798,5135.34698414341,TRUE,TRUE,0.890914227038028,0.109085772961972
"GGGACAGAGTTACTCC-1","doublet_certain","L5 IT","Astro",FALSE,FALSE,3858.90276842108,4795.42398316732,TRUE,TRUE,0.729715965457943,0.270284034542057
"GGGACCCGTATATCTT-1","doublet_certain","L5 IT","Astro",FALSE,FALSE,4240.47637930685,4939.72074900897,TRUE,TRUE,0.873845123049913,0.126154876950087
"GGGACTGCATAGATAG-1","doublet_certain","L5 IT","Astro",FALSE,FALSE,4560.92246224496,5492.89866978488,TRUE,TRUE,0.882828228759654,0.117171771240346
"GGGAGAACTCACAGTA-1","doublet_certain","L5 IT","Oligo",FALSE,FALSE,4982.01854450986,5752.0080682079,TRUE,TRUE,0.879210231807141,0.120789768192859
"GGGAGCGACCGTAGTG-1","doublet_certain","L6 IT","Astro",FALSE,FALSE,5557.6254575502,6810.76397036402,TRUE,TRUE,0.829697977364318,0.170302022635682
"GGGAGGATGCCCGAAA-1","doublet_certain","L5 IT","Astro",FALSE,FALSE,5066.04470431823,5784.51942704188,TRUE,TRUE,0.924920444845832,0.0750795551541682
"GGGAGTTAATGAGGCG-1","doublet_certain","Oligo","L5 IT",FALSE,FALSE,1470.54540087373,1648.78944127024,TRUE,TRUE,0.714731527893867,0.285268472106133
"GGGATGGTCGTAACCG-1","doublet_certain","L5 IT","Astro",FALSE,FALSE,4142.06455326201,4737.98414945844,TRUE,TRUE,0.915650330250501,0.0843496697494993
"GGGATTTACCGCACCT-1","doublet_certain","L2-3 IT","Oligo",FALSE,FALSE,3397.19190933286,4248.46923712959,TRUE,TRUE,0.689962253909395,0.310037746090605
"GGGCAACCGCACGTGC-1","doublet_uncertain","Astro","Meis2",FALSE,FALSE,5189.65293038671,8987.30557148347,TRUE,TRUE,0.149915746043382,0.850084253956618
"GGGCACTATTGACCAT-1","doublet_certain","Vip","Astro",FALSE,FALSE,5051.84302365638,6179.79261872866,TRUE,TRUE,0.709611792724479,0.290388207275521
"GGGCAGACGTCACTGC-1","doublet_certain","Meis2","Astro",FALSE,FALSE,5374.93509523518,6403.6125997545,TRUE,TRUE,0.834200954886988,0.165799045113012
"GGGCAGAGCAATCGTT-1","doublet_certain","L6b","Oligo",FALSE,FALSE,4469.97854698428,5265.0491505786,TRUE,TRUE,0.877257331371735,0.122742668628265
"GGGCAGTCAACGCCAA-1","doublet_certain","L2-3 IT","Astro",FALSE,FALSE,5885.89174040346,6785.98740629181,TRUE,TRUE,0.900021501546006,0.0999784984539939
"GGGCCCGTCTTAAACA-1","doublet_certain","L6 IT","Astro",FALSE,FALSE,4848.4563930804,5549.32848706647,TRUE,TRUE,0.918175446245129,0.0818245537548706
"GGGCCGGCCGAAGTAC-1","doublet_certain","L2-3 IT","Oligo",FALSE,FALSE,4885.15073203297,5980.75487784815,TRUE,TRUE,0.776870761351032,0.223129238648968
"GGGCCTAAATGGGCTA-1","doublet_certain","Meis2","Astro",FALSE,FALSE,5380.83779466224,6207.24311555194,TRUE,TRUE,0.896776006790937,0.103223993209063
"GGGCGATATGTGTGAA-1","doublet_certain","L5 IT","Astro",FALSE,FALSE,4266.89102158355,4888.50294682632,TRUE,TRUE,0.913830041390832,0.0861699586091679
"GGGCGGCAAATGAATT-1","doublet_certain","L5 IT","Astro",FALSE,FALSE,4241.80470574343,4946.47295016707,TRUE,TRUE,0.898375217209532,0.101624782790469
"GGGCGGGTTCCCTACG-1","doublet_certain","L5 IT","Astro",FALSE,FALSE,4162.47985387501,4794.65580386325,TRUE,TRUE,0.901138162001586,0.098861837998414
"GGGCGTACATTTATAT-1","doublet_certain","L2-3 IT","Astro",FALSE,FALSE,3994.39128445942,4632.45054289237,TRUE,TRUE,0.89403380206415,0.10596619793585
"GGGCGTCACCACGTAA-1","doublet_certain","L5 IT","Astro",FALSE,FALSE,4612.47535983489,5410.8276900896,TRUE,TRUE,0.894631330588872,0.105368669411128
"GGGCGTCCACTGGCTC-1","doublet_certain","L2-3 IT","Astro",FALSE,FALSE,3451.04024139913,3947.08159962652,TRUE,TRUE,0.899841690969783,0.100158309030217
"GGGCGTGGTTTCCCAG-1","doublet_certain","L2-3 IT","Astro",FALSE,FALSE,4324.76589881814,5092.18254407814,TRUE,TRUE,0.861552465950832,0.138447534049168
"GGGCTACTATTTCGTG-1","doublet_certain","Meis2","Astro",FALSE,FALSE,4578.05750024633,5355.79925378022,TRUE,TRUE,0.849023919985813,0.150976080014187
"GGGCTATGATCGATGG-1","doublet_certain","L5 IT","Astro",FALSE,FALSE,3889.69560723341,4655.39509233402,TRUE,TRUE,0.831809804478121,0.168190195521879
"GGGCTCATCGAACCCA-1","doublet_certain","L5 IT","Astro",FALSE,FALSE,4084.66982546027,4595.54711211226,TRUE,TRUE,0.915746727854346,0.0842532721456545
"GGGCTGCCTAGGGCGA-1","doublet_certain","L6 CT","Oligo",FALSE,FALSE,4407.93076888687,5126.88938375714,TRUE,TRUE,0.877551813248946,0.122448186751054
"GGGCTGGTTAGTCGCG-1","doublet_certain","L5 IT","Astro",FALSE,FALSE,4581.7761933651,5207.99783209038,TRUE,TRUE,0.918762816191733,0.081237183808267
"GGGTACTTCATGAACT-1","doublet_certain","L5 IT","Astro",FALSE,FALSE,4499.49804315505,5211.29492158761,TRUE,TRUE,0.912905982467755,0.0870940175322449
"GGGTATGTATGCACTT-1","doublet_uncertain","VLMC","L5 IT",FALSE,FALSE,1697.57231866241,2399.71714367366,TRUE,TRUE,0.372651878584158,0.627348121415842
"GGGTATTCTAGCAAAC-1","doublet_certain","L5 IT","Astro",FALSE,FALSE,5387.65734325805,6401.72494873471,TRUE,TRUE,0.848925602103986,0.151074397896014
"GGGTCACCGTGACGGT-1","doublet_certain","L5 IT","Astro",FALSE,FALSE,5107.68603809889,5913.80515920883,TRUE,TRUE,0.910143854622198,0.0898561453778017
"GGGTCAGGAGCTAGAT-1","doublet_certain","L5 IT","Astro",FALSE,FALSE,3557.92117389962,4639.96029365432,TRUE,TRUE,0.668761278587315,0.331238721412685
"GGGTCGTGGCAAGTGT-1","doublet_certain","L6b","Oligo",FALSE,FALSE,2318.21917843966,2750.17833415238,TRUE,TRUE,0.834774332343824,0.165225667656176
"GGGTCTATCGCTTTCC-1","doublet_certain","Sst","Oligo",FALSE,FALSE,4216.11175715442,4833.23772899851,TRUE,TRUE,0.86735366225906,0.13264633774094
"GGGTGACACCTTAACT-1","doublet_certain","L6 IT","Oligo",FALSE,FALSE,4219.85219960415,4733.38249827721,TRUE,TRUE,0.914591418616878,0.0854085813831224
"GGGTGCATATGAAAGC-1","doublet_certain","L6 IT","Astro",FALSE,FALSE,4713.74746450834,5593.12484926476,TRUE,TRUE,0.883537567825582,0.116462432174418
"GGGTTAACATTTGAGT-1","doublet_certain","L2-3 IT","Astro",FALSE,FALSE,4426.71055788803,4826.38647050977,TRUE,TRUE,0.946488234979945,0.0535117650200547
"GGGTTTAGGATAGGAT-1","doublet_certain","Oligo","Pvalb",FALSE,FALSE,1716.86783040277,1978.75022874464,TRUE,TRUE,0.620514501894924,0.379485498105076
"GGTAACCGGGAGGATA-1","doublet_certain","L5 IT","Astro",FALSE,FALSE,5403.94082056057,6338.82617357311,TRUE,TRUE,0.865725482215972,0.134274517784028
"GGTACAAACATGCTAT-1","doublet_certain","L6 IT","Astro",FALSE,FALSE,4985.62041136704,5622.07292463733,TRUE,TRUE,0.930765356059917,0.0692346439400829
"GGTACCATTAAGACGG-1","doublet_certain","L6 IT","VLMC",FALSE,FALSE,4645.79020857118,6122.12999625409,TRUE,TRUE,0.500848916690934,0.499151083309066
"GGTACGTTGCGGCCGG-1","doublet_certain","L6 IT","Astro",FALSE,FALSE,5801.24519064791,6681.08886499909,TRUE,TRUE,0.885320823840036,0.114679176159964
"GGTAGAAGACCGCCTG-1","doublet_certain","L2-3 IT","Oligo",FALSE,FALSE,4029.77740846289,4734.97284476836,TRUE,TRUE,0.80664896758548,0.19335103241452
"GGTAGACCGTTGGGCG-1","doublet_certain","L5 IT","Astro",FALSE,FALSE,5171.21525585795,5705.80368595112,TRUE,TRUE,0.941952477040022,0.058047522959978
"GGTAGTGCTCGCACCA-1","doublet_certain","Oligo","L5 IT",FALSE,FALSE,3032.64923872707,3517.89604761089,TRUE,TRUE,0.750503571078719,0.249496428921281
"GGTATAGTGACACATA-1","doublet_certain","L6 IT","Oligo",FALSE,FALSE,4778.94192827006,5458.06052756755,TRUE,TRUE,0.894466852761158,0.105533147238842
"GGTATTGCCGAGTTTA-1","doublet_certain","L5 IT","Astro",FALSE,FALSE,4337.57841497296,4872.80632767612,TRUE,TRUE,0.934694875200296,0.0653051247997036
"GGTCAAGACTACTTCG-1","doublet_uncertain","Oligo","Sst",FALSE,FALSE,1175.30053651448,1367.03277257912,TRUE,TRUE,0.5542867189715,0.4457132810285
"GGTCAGTGGGTCCCAC-1","doublet_certain","L2-3 IT","Astro",FALSE,FALSE,4574.77779935575,5253.76567186923,TRUE,TRUE,0.893713074632096,0.106286925367904
"GGTCGGATAAACGGCG-1","doublet_certain","L5 IT","Astro",FALSE,FALSE,3895.83551297495,4537.38329023034,TRUE,TRUE,0.906217755613651,0.0937822443863493
"GGTCGGCCAGGAGCTT-1","doublet_certain","Oligo","L6 IT",FALSE,FALSE,3562.8988656384,4290.70766755807,TRUE,TRUE,0.688741791346457,0.311258208653543
"GGTCGGTCGTCCACAG-1","doublet_certain","L5 IT","Astro",FALSE,FALSE,4063.97339950869,4939.11602561014,TRUE,TRUE,0.818304798464319,0.181695201535681
"GGTCGTAAGCTCGCAC-1","doublet_certain","Meis2","Astro",FALSE,FALSE,4275.22685005348,4940.31276124711,TRUE,TRUE,0.882232501565341,0.117767498434659
"GGTCTCCGTCCAGGTT-1","doublet_certain","Sst","Astro",FALSE,FALSE,4608.56904746375,5314.9194280586,TRUE,TRUE,0.879421114530386,0.120578885469614
"GGTCTCTGAATGGACT-1","doublet_certain","L5 IT","Oligo",FALSE,FALSE,3363.12013017046,4068.07231158615,TRUE,TRUE,0.707463957148732,0.292536042851268
"GGTCTGAGAATCTGGA-1","doublet_certain","L6 IT","Astro",FALSE,FALSE,4061.60215207722,4825.95757157771,TRUE,TRUE,0.875741019930803,0.124258980069197
"GGTCTTGAGCGCTCTT-1","doublet_certain","L5 IT","Astro",FALSE,FALSE,4007.72125562734,4564.364182244,TRUE,TRUE,0.908013220898076,0.0919867791019242
"GGTGAAGTACAGGGAT-1","doublet_certain","L5 IT","Astro",FALSE,FALSE,4349.85448726513,5030.87247153112,TRUE,TRUE,0.897028059623841,0.102971940376159
"GGTGATAAGGAGCAGT-1","doublet_uncertain","Oligo","L2-3 IT",FALSE,FALSE,3503.69718584903,5430.16098445695,TRUE,TRUE,0.290749485006798,0.709250514993202
"GGTGCAGAGCCTATCG-1","doublet_certain","L2-3 IT","Astro",FALSE,FALSE,4113.47814746421,4603.61959527974,TRUE,TRUE,0.916884378658667,0.0831156213413332
"GGTGCTGGTACACATT-1","doublet_certain","L5 IT","Astro",FALSE,FALSE,4382.31232944805,4996.68585143504,TRUE,TRUE,0.910796860110019,0.089203139889981
"GGTGGACTGCTCTGGC-1","doublet_certain","L2-3 IT","Oligo",FALSE,FALSE,3289.12911448679,3870.63498734205,TRUE,TRUE,0.791762316374935,0.208237683625065
"GGTGTAAATCGATTGT-1","doublet_certain","L2-3 IT","Oligo",FALSE,FALSE,5323.99110529098,6064.66524832641,TRUE,TRUE,0.882571442285569,0.117428557714431
"GGTTACCACCCTCGGG-1","doublet_certain","L5 IT","Astro",FALSE,FALSE,4324.65430086848,5038.60697793792,TRUE,TRUE,0.89208030530007,0.10791969469993
"GGTTAGCTATATGTCT-1","doublet_certain","L2-3 IT","Astro",FALSE,FALSE,3633.00741781109,4308.1723795877,TRUE,TRUE,0.819740417393455,0.180259582606545
"GGTTAGGCTTGGAGAA-1","doublet_certain","L2-3 IT","Astro",FALSE,FALSE,3452.22441699301,4058.85537450992,TRUE,TRUE,0.861087538783267,0.138912461216734
"GGTTCGGATTATACTA-1","doublet_certain","Vip","Astro",FALSE,FALSE,4298.54168419985,5261.02571733957,TRUE,TRUE,0.742112227141195,0.257887772858805
"GGTTCTACTCGTCTGA-1","doublet_certain","Oligo","VLMC",FALSE,FALSE,2831.99265198197,3346.15852049374,TRUE,TRUE,0.765260022784594,0.234739977215406
"GGTTTAATTGAGCAGG-1","doublet_certain","L2-3 IT","Astro",FALSE,FALSE,4182.57377954303,4404.66244237613,TRUE,TRUE,0.963867893861968,0.0361321061380322
"GGTTTACAATCTCAAT-1","doublet_certain","L5 IT","Astro",FALSE,FALSE,4790.040768243,5513.18658177385,TRUE,TRUE,0.901908475402627,0.0980915245973729
"GGTTTAGCCTTTCTTG-1","doublet_certain","Oligo","Macrophage",FALSE,FALSE,2025.79918979602,2213.55469734734,TRUE,TRUE,0.954706359706164,0.0452936402938364
"GGTTTCAATCGGTCAG-1","doublet_certain","L2-3 IT","Oligo",FALSE,FALSE,4222.39292582889,5163.14204424468,TRUE,TRUE,0.759364202556074,0.240635797443926
"GGTTTGACAAGAAGCT-1","doublet_certain","L2-3 IT","Astro",FALSE,FALSE,4522.55086244482,5129.68342515629,TRUE,TRUE,0.926507008499882,0.073492991500118
"GGTTTGTGACCTGAGG-1","doublet_certain","Sst","Astro",FALSE,FALSE,4927.62181001954,5436.96837338107,TRUE,TRUE,0.931593696432985,0.0684063035670147
"GTAACATCTAAGATAA-1","doublet_certain","Oligo","L5 PT",FALSE,FALSE,2083.66462804091,2515.65721111481,TRUE,TRUE,0.503055925875138,0.496944074124862
"GTAAGCGGGCAGTCAG-1","doublet_certain","L5 IT","Astro",FALSE,FALSE,4331.3056185268,5075.30151081455,TRUE,TRUE,0.900215458123927,0.0997845418760729
"GTAAGTAACAGTCTGG-1","doublet_certain","L2-3 IT","Oligo",FALSE,FALSE,3762.47077229913,4626.0092332032,TRUE,TRUE,0.747677641184589,0.252322358815411
"GTAAGTAGGGTATACC-1","doublet_certain","L2-3 IT","Astro",FALSE,FALSE,2794.82373734124,3422.6778014604,TRUE,TRUE,0.789387990429963,0.210612009570037
"GTAATAAAGGGCTCCC-1","doublet_certain","L6 IT","VLMC",FALSE,FALSE,4571.79838254319,5757.27372538899,TRUE,TRUE,0.632270474717611,0.367729525282389
"GTAATCTGATTCTTCG-1","doublet_certain","L2-3 IT","Astro",FALSE,FALSE,4217.43372979033,4842.7605373036,TRUE,TRUE,0.901618373063646,0.0983816269363545
"GTACACTTACCTGAAG-1","doublet_uncertain","Oligo","L6 IT",FALSE,FALSE,3072.58340877367,4402.02431153126,TRUE,TRUE,0.399727513429447,0.600272486570553
"GTACAGAGGCAAGGGT-1","doublet_certain","L2-3 IT","Oligo",FALSE,FALSE,4509.95669119326,5401.64820637184,TRUE,TRUE,0.792372439654464,0.207627560345536
"GTACGAGATTGCGACA-1","doublet_certain","L2-3 IT","Astro",FALSE,FALSE,3609.64539253363,4317.13132283191,TRUE,TRUE,0.861188209138123,0.138811790861877
"GTACGCTTCATTGCAC-1","doublet_certain","L2-3 IT","Astro",FALSE,FALSE,4058.86228401779,4664.82091947966,TRUE,TRUE,0.866342276721467,0.133657723278533
"GTACGTCACGTATTAA-1","doublet_certain","L5 IT","VLMC",FALSE,FALSE,4379.9785135751,5625.05534956548,TRUE,TRUE,0.789320702498899,0.210679297501101
"GTACGTTTGCCCGTCA-1","doublet_certain","L2-3 IT","Astro",FALSE,FALSE,4052.0640471542,4734.19800525599,TRUE,TRUE,0.853289906932694,0.146710093067306
"GTACTAAGATTTGGAG-1","doublet_certain","L5 IT","Astro",FALSE,FALSE,4027.57318255823,4570.88146113469,TRUE,TRUE,0.910432572138568,0.0895674278614319
"GTACTCCCTTATCGCT-1","doublet_certain","L2-3 IT","Astro",FALSE,FALSE,3764.92071068461,4378.30780885058,TRUE,TRUE,0.881362263493624,0.118637736506376
"GTACTCCTGGGTATGC-1","doublet_certain","L6 CT","Oligo",FALSE,FALSE,3349.71734665924,3833.72098842915,TRUE,TRUE,0.879664904224648,0.120335095775352
"GTACTGGAGTTAGACC-1","doublet_certain","L2-3 IT","Oligo",FALSE,FALSE,4333.10502182579,5357.88716464184,TRUE,TRUE,0.713850694704502,0.286149305295498
"GTAGACACGCCTGACT-1","doublet_certain","L5 IT","Oligo",FALSE,FALSE,3976.34136970992,4619.14545497719,TRUE,TRUE,0.851086740168664,0.148913259831336
"GTAGAGGGAGACAAGT-1","doublet_certain","L6 IT","VLMC",FALSE,FALSE,3674.4526085868,5186.72743947099,TRUE,TRUE,0.593901485994021,0.406098514005979
"GTAGCCAAACATGGGA-1","doublet_certain","L2-3 IT","Oligo",FALSE,FALSE,4776.54543294344,5846.32994109411,TRUE,TRUE,0.769466104639334,0.230533895360666
"GTAGCGGCTATACACT-1","doublet_certain","L5 PT","Oligo",FALSE,FALSE,4535.6501069991,5550.0835638218,TRUE,TRUE,0.786113382905551,0.213886617094449
"GTAGCTTCCTCTTGTT-1","doublet_certain","Oligo","L6 IT",FALSE,FALSE,2578.35374694548,2882.37041551953,TRUE,TRUE,0.769936797571353,0.230063202428647
"GTAGGTGATCCGTGTA-1","doublet_certain","L2-3 IT","Astro",FALSE,FALSE,3483.64298985687,4003.70982322423,TRUE,TRUE,0.899964961740149,0.100035038259851
"GTAGTCGCGGGAATCA-1","doublet_certain","L2-3 IT","Astro",FALSE,FALSE,4296.19966902264,5025.66485723381,TRUE,TRUE,0.852226629489721,0.147773370510279
"GTAGTCTACGATATTG-1","doublet_certain","L2-3 IT","Astro",FALSE,FALSE,4418.90066818619,5216.66907062067,TRUE,TRUE,0.856283356649801,0.143716643350199
"GTAGTGAGCAACCTCA-1","doublet_certain","Sst","Astro",FALSE,FALSE,5608.26733223373,6289.58991257497,TRUE,TRUE,0.911943715370986,0.0880562846290143
"GTATAGGACTCAGTAG-1","doublet_certain","L2-3 IT","Astro",FALSE,FALSE,3500.46563264136,3978.28880700613,TRUE,TRUE,0.893395511209361,0.106604488790639
"GTATCAAACGTTAGCT-1","doublet_certain","Pvalb","Oligo",FALSE,FALSE,3357.04146718364,4379.62963607857,TRUE,TRUE,0.692350217777305,0.307649782222696
"GTATCCTTTGGTAACC-1","doublet_certain","Sst","Oligo",FALSE,FALSE,4991.1318770217,5835.26186111889,TRUE,TRUE,0.822747904328998,0.177252095671002
"GTATCTCAGTCTTGAC-1","doublet_certain","Sst","Astro",FALSE,FALSE,3693.48156216035,4610.47612708727,TRUE,TRUE,0.71956182321385,0.28043817678615
"GTATCTTTCATAACCA-1","doublet_certain","L2-3 IT","Astro",FALSE,FALSE,4385.58035293363,4938.57999899425,TRUE,TRUE,0.886030142355132,0.113969857644868
"GTATGAAATTTCACTC-1","doublet_certain","Meis2","Astro",FALSE,FALSE,5179.00640130403,5974.89429361635,TRUE,TRUE,0.893722791562493,0.106277208437507
"GTATGTGGGTCTAGTT-1","doublet_certain","L2-3 IT","Oligo",FALSE,FALSE,3471.58992859189,4291.82237323916,TRUE,TRUE,0.710814743845489,0.289185256154511
"GTATTCTGAGAAACGA-1","doublet_certain","L5 IT","Astro",FALSE,FALSE,4386.22181931007,5252.21777382032,TRUE,TRUE,0.877754550264057,0.122245449735943
"GTCAAAGAAGTGGTGT-1","doublet_certain","Meis2","Astro",FALSE,FALSE,4377.93606163916,5294.52767580601,TRUE,TRUE,0.767395289752305,0.232604710247695
"GTCAACCAGGCCTATA-1","doublet_certain","L6 IT","Astro",FALSE,FALSE,4843.09121479788,5542.69422698724,TRUE,TRUE,0.88542766722776,0.11457233277224
"GTCAAGCGGACTCGGG-1","doublet_certain","L2-3 IT","Oligo",FALSE,FALSE,3747.90452391941,4345.84650420635,TRUE,TRUE,0.782758717666918,0.217241282333082
"GTCAGAATAGTCTATG-1","doublet_certain","L2-3 IT","Astro",FALSE,FALSE,3356.34103811741,4040.49961793095,TRUE,TRUE,0.861261945456373,0.138738054543627
"GTCATGCACCTCCGTT-1","doublet_certain","L5 IT","Astro",FALSE,FALSE,4195.5039785663,4949.52246033303,TRUE,TRUE,0.888824207055399,0.111175792944601
"GTCATGCGCGAGGGCT-1","doublet_certain","Sst","Oligo",FALSE,FALSE,5082.63015999227,5753.10903047625,TRUE,TRUE,0.886942237557837,0.113057762442163
"GTCATGGACATGACTA-1","doublet_certain","L5 IT","Astro",FALSE,FALSE,4443.46962240025,5133.45790453387,TRUE,TRUE,0.915464879309301,0.0845351206906995
"GTCATTAGAGCGAACG-1","doublet_certain","L2-3 IT","Oligo",FALSE,FALSE,3249.67221055821,3967.33797891548,TRUE,TRUE,0.731030302290838,0.268969697709162
"GTCCAATATTTAGCCT-1","doublet_uncertain","Oligo","L5 IT",FALSE,FALSE,2090.06744441373,2406.54969515922,TRUE,TRUE,0.61955183478571,0.38044816521429
"GTCCATTACTGCTACG-1","doublet_uncertain","Oligo","L5 IT",FALSE,FALSE,1712.56661792573,1891.78281731191,TRUE,TRUE,0.732266888952457,0.267733111047543
"GTCCCAACGTAAAGTA-1","doublet_certain","L6 IT","Oligo",FALSE,FALSE,2311.2067304098,3004.29719231457,TRUE,TRUE,0.611172557236935,0.388827442763065
"GTCCCAATCATCCCGC-1","doublet_certain","L5 IT","Astro",FALSE,FALSE,4355.22256858922,5349.25187837409,TRUE,TRUE,0.789134085192404,0.210865914807596
"GTCCCGCGACGTTATG-1","doublet_certain","L2-3 IT","Oligo",FALSE,FALSE,3973.22179217143,4722.0875790353,TRUE,TRUE,0.811251679781111,0.188748320218889
"GTCCGGACCTGAAATT-1","doublet_certain","L2-3 IT","Oligo",FALSE,FALSE,4915.73779168439,5815.09745630438,TRUE,TRUE,0.81857409409505,0.18142590590495
"GTCCGGCTGAATTGCG-1","doublet_certain","L5 IT","Astro",FALSE,FALSE,3903.36644468527,4557.78175142778,TRUE,TRUE,0.888291933548503,0.111708066451497
"GTCCGGGTTCACATTA-1","doublet_certain","L2-3 IT","Astro",FALSE,FALSE,5267.58242805682,6091.36236955324,TRUE,TRUE,0.905695764021359,0.0943042359786408
"GTCCTACGAATAGTCT-1","doublet_certain","Oligo","L5 PT",FALSE,FALSE,1946.29032258314,2314.9661046458,TRUE,TRUE,0.534967366254873,0.465032633745127
"GTCCTACTCTACGGGC-1","doublet_certain","L5 IT","Astro",FALSE,FALSE,3590.51406665504,4196.63282154736,TRUE,TRUE,0.839713814829324,0.160286185170676
"GTCGCCGTTGTGTGTT-1","doublet_uncertain","Astro","L5 IT",FALSE,FALSE,4313.86307587314,9403.87325500026,TRUE,TRUE,0.0536964351724036,0.946303564827596
"GTCGCGTAACCCGTTG-1","doublet_certain","L2-3 IT","Oligo",FALSE,FALSE,2942.74009585771,3666.24699262216,TRUE,TRUE,0.6907144127655,0.3092855872345
"GTCGGAAGGATACCAG-1","doublet_certain","L2-3 IT","Astro",FALSE,FALSE,5342.66917123035,6243.81368434434,TRUE,TRUE,0.906234610447465,0.093765389552535
"GTCGGATATCTCAGAC-1","doublet_certain","L5 IT","Astro",FALSE,FALSE,4079.63752793106,4742.40766735712,TRUE,TRUE,0.885622512914384,0.114377487085616
"GTCGGATGTAGCGCGC-1","doublet_certain","L2-3 IT","Astro",FALSE,FALSE,3645.5160829064,4193.38094563411,TRUE,TRUE,0.897352328322926,0.102647671677074
"GTCGGGAACATGGTAG-1","doublet_certain","Pvalb","Astro",FALSE,FALSE,5106.98030656867,6303.33569932145,TRUE,TRUE,0.760646828680328,0.239353171319672
"GTCGGGAAGCAGAAAC-1","doublet_certain","L6 IT","Astro",FALSE,FALSE,4377.17644250257,5057.20754564637,TRUE,TRUE,0.867628513841027,0.132371486158973
"GTCGTACCATCTCGGG-1","doublet_certain","L2-3 IT","Astro",FALSE,FALSE,3849.15173168123,4356.2089369599,TRUE,TRUE,0.89675106330124,0.10324893669876
"GTCGTACCTACGATTG-1","doublet_certain","L5 IT","VLMC",FALSE,FALSE,2095.74548540054,2881.05059096012,TRUE,TRUE,0.546697784822588,0.453302215177412
"GTCGTATTGGCGTACA-1","doublet_certain","L5 IT","Astro",FALSE,FALSE,3782.12213235339,4376.79139413758,TRUE,TRUE,0.903668068762404,0.096331931237596
"GTCGTGTCTGGTCATC-1","doublet_uncertain","Oligo","L6 IT",FALSE,FALSE,589.209413748811,737.994320578889,TRUE,TRUE,0.288223908774744,0.711776091225256
"GTCGTTATTCGCTTAT-1","doublet_certain","L2-3 IT","Oligo",FALSE,FALSE,3023.1510654599,3377.72740886803,TRUE,TRUE,0.852132154808027,0.147867845191973
"GTCTAGTGAGCCGCTT-1","doublet_certain","Sst","Oligo",FALSE,FALSE,4936.48795710816,5670.39694027853,TRUE,TRUE,0.86814466327792,0.13185533672208
"GTCTATCTGAGTTTCT-1","doublet_certain","L5 IT","Astro",FALSE,FALSE,4350.10562647161,4877.9970914635,TRUE,TRUE,0.931200981585758,0.0687990184142419
"GTCTATTGCATGCTCG-1","doublet_uncertain","Sst","Astro",FALSE,FALSE,4492.14429215813,5051.75298451386,TRUE,TRUE,0.895935383834642,0.104064616165358
"GTCTATTGGTTCCGGT-1","doublet_certain","L2-3 IT","Oligo",FALSE,FALSE,2842.36436328488,3440.70290876726,TRUE,TRUE,0.722394966622862,0.277605033377138
"GTCTCAAGGCCCGGCT-1","doublet_certain","L2-3 IT","Astro",FALSE,FALSE,4392.33951175366,5005.79463848674,TRUE,TRUE,0.890276746504108,0.109723253495892
"GTCTCCCGAGTCCCGT-1","doublet_certain","L6 IT","Astro",FALSE,FALSE,5310.87183249473,6047.57821548066,TRUE,TRUE,0.912908914764174,0.0870910852358255
"GTCTCCTGCCAGTATG-1","doublet_certain","Pvalb","Astro",FALSE,FALSE,4919.81999660223,5737.08195170554,TRUE,TRUE,0.84694214009998,0.15305785990002
"GTCTCGACTAAGTTTG-1","doublet_certain","Oligo","L5 IT",FALSE,FALSE,1667.36862364945,1918.39586635978,TRUE,TRUE,0.679979287065078,0.320020712934922
"GTCTCGATCTGCTTTC-1","doublet_certain","L4","Astro",FALSE,FALSE,3915.27174088973,4534.84303486707,TRUE,TRUE,0.885255054524407,0.114744945475593
"GTCTGGGCGGTCGAGA-1","doublet_certain","L5 IT","Astro",FALSE,FALSE,4955.52049031493,5752.15850644687,TRUE,TRUE,0.901257061133342,0.0987429388666576
"GTCTTACCACGCCAAG-1","doublet_certain","L2-3 IT","Astro",FALSE,FALSE,4162.12843974572,5294.6789490436,TRUE,TRUE,0.802354440151579,0.197645559848421
"GTCTTGTAGCTATTCA-1","doublet_certain","Oligo","Pvalb",FALSE,FALSE,1697.00946638819,1966.62976828897,TRUE,TRUE,0.568158927266021,0.431841072733979
"GTGAAACGGCGCCACC-1","doublet_uncertain","L5 IT","Astro",FALSE,FALSE,4269.13647378421,4969.3694198714,TRUE,TRUE,0.904582619082867,0.0954173809171334
"GTGAACTCCCATTCGA-1","doublet_uncertain","VLMC","L5 PT",FALSE,FALSE,4772.79807544425,5852.64459389198,TRUE,TRUE,0.623362507074314,0.376637492925686
"GTGAAGATTTCAAGTG-1","doublet_certain","L5 IT","Astro",FALSE,FALSE,3254.37831093754,3748.34946782331,TRUE,TRUE,0.885088298873374,0.114911701126626
"GTGAAGCCGTATAGTC-1","doublet_certain","L5 IT","Astro",FALSE,FALSE,4005.81969311998,4636.77609083153,TRUE,TRUE,0.916084312241952,0.0839156877580479
"GTGAAGTCACGACTCG-1","doublet_certain","Meis2","Astro",FALSE,FALSE,5253.28072738089,6335.40626675882,TRUE,TRUE,0.803407893100943,0.196592106899057
"GTGACAGCTTCCCACT-1","doublet_certain","L6 IT","Oligo",FALSE,FALSE,4077.92862336744,5300.17291065146,TRUE,TRUE,0.625512638224719,0.374487361775281
"GTGACCGCACACTACG-1","doublet_certain","L2-3 IT","Oligo",FALSE,FALSE,2763.1427016488,3541.82577384731,TRUE,TRUE,0.666737002440178,0.333262997559822
"GTGACGAGGGTGACCC-1","doublet_certain","L6 IT","Oligo",FALSE,FALSE,4123.8632401225,4678.67816267923,TRUE,TRUE,0.876935024161532,0.123064975838468
"GTGACGCAGGTTTCAT-1","doublet_certain","Sst","Oligo",FALSE,FALSE,4223.54786029025,5049.66796638488,TRUE,TRUE,0.790524077328643,0.209475922671357
"GTGACTTCAGTAGTGC-1","doublet_certain","L6 CT","Oligo",FALSE,FALSE,4381.52022899626,4919.44529707352,TRUE,TRUE,0.917120676944123,0.0828793230558773
"GTGAGCGTGCTGCACT-1","doublet_certain","L2-3 IT","Astro",FALSE,FALSE,2768.67095510726,3437.11308762384,TRUE,TRUE,0.772824984989732,0.227175015010269
"GTGAGGACACTTAAGG-1","doublet_certain","L2-3 IT","Oligo",FALSE,FALSE,3921.81712254149,4872.9324265206,TRUE,TRUE,0.734106284334723,0.265893715665277
"GTGAGGAGCGGTTGAG-1","doublet_uncertain","Astro","L5 IT",FALSE,FALSE,2012.5027729339,3130.11164746941,TRUE,TRUE,0.321257566724379,0.678742433275621
"GTGAGTCGACTAATAG-1","doublet_certain","L6 IT","Astro",FALSE,FALSE,5874.83664735171,6815.89726483965,TRUE,TRUE,0.89083009864819,0.10916990135181
"GTGAGTGGTACAACGC-1","doublet_certain","L6 IT","Astro",FALSE,FALSE,4879.88601901779,5624.16254530659,TRUE,TRUE,0.91517022279587,0.0848297772041304
"GTGATCACTAACGCCT-1","doublet_certain","Oligo","Pvalb",FALSE,FALSE,1646.36212383294,2047.13462410976,TRUE,TRUE,0.453017888221519,0.546982111778481
"GTGATCATAGATCTGC-1","doublet_certain","L6 IT","Oligo",FALSE,FALSE,3655.64657743717,4627.22138842738,TRUE,TRUE,0.733280619074726,0.266719380925274
"GTGATCCTTGTCATGA-1","doublet_certain","L2-3 IT","Astro",FALSE,FALSE,4723.80784013275,5503.98052014353,TRUE,TRUE,0.861155171028732,0.138844828971268
"GTGATGCACAACATCT-1","doublet_certain","L2-3 IT","Astro",FALSE,FALSE,3191.05203768562,4047.77707602287,TRUE,TRUE,0.711362323911613,0.288637676088387
"GTGATTCGCCGCTCAA-1","doublet_certain","L5 IT","Astro",FALSE,FALSE,4288.79398171514,5124.68171324368,TRUE,TRUE,0.868422137658544,0.131577862341456
"GTGCACCAGCTTCAAC-1","doublet_certain","Oligo","VLMC",FALSE,FALSE,3777.49969458874,4845.19084048186,TRUE,TRUE,0.658732197035048,0.341267802964952
"GTGCACGAAAGTGACT-1","doublet_certain","L2-3 IT","Astro",FALSE,FALSE,3229.39428050897,4050.22869818268,TRUE,TRUE,0.772018040182765,0.227981959817235
"GTGCCATCACACGGTG-1","doublet_certain","L5 IT","Astro",FALSE,FALSE,4051.4094096628,4641.64034714034,TRUE,TRUE,0.907559893223042,0.0924401067769583
"GTGCCCGTTCGGATTC-1","doublet_certain","L2-3 IT","Oligo",FALSE,FALSE,3200.61810699137,3788.11774478483,TRUE,TRUE,0.763704221462426,0.236295778537574
"GTGCCGCTTCAAAGGT-1","doublet_certain","L5 IT","Astro",FALSE,FALSE,4878.39125938227,5632.85943506291,TRUE,TRUE,0.908846584731722,0.0911534152682782
"GTGCCTGAGACCAAAC-1","doublet_certain","L5 IT","Astro",FALSE,FALSE,6156.77651177162,6901.20976346323,TRUE,TRUE,0.929626584762224,0.0703734152377762
"GTGCGAAATCGAACAC-1","doublet_certain","L5 IT","Oligo",FALSE,FALSE,4629.1582936671,5323.53540519078,TRUE,TRUE,0.893977468332532,0.106022531667468
"GTGCGACAGGGAGTGT-1","doublet_certain","L2-3 IT","Oligo",FALSE,FALSE,4277.00276056627,5183.23890080155,TRUE,TRUE,0.778107521988673,0.221892478011327
"GTGCGGGTCTCCAAAT-1","doublet_certain","L2-3 IT","Astro",FALSE,FALSE,3560.60177887489,4302.82048807648,TRUE,TRUE,0.846415312714137,0.153584687285863
"GTGCGTGTATATGAGC-1","doublet_certain","L2-3 IT","Oligo",FALSE,FALSE,4169.04764807454,4870.22975533459,TRUE,TRUE,0.828777052779319,0.171222947220681
"GTGCTCAAGTACTGTC-1","doublet_certain","L5 IT","Oligo",FALSE,FALSE,4479.2841605037,5495.70488352869,TRUE,TRUE,0.80041188561118,0.19958811438882
"GTGGAACCTACATGCG-1","doublet_uncertain","Astro","L2-3 IT",FALSE,FALSE,2303.48925243088,3517.04331881525,TRUE,TRUE,0.375579989671248,0.624420010328751
"GTGGACCAACCCGATT-1","doublet_certain","L2-3 IT","Astro",FALSE,FALSE,4225.92632278996,4841.61891666585,TRUE,TRUE,0.91367196045814,0.0863280395418599
"GTGGACGCATTTGTCC-1","doublet_certain","L2-3 IT","Astro",FALSE,FALSE,4253.16042321217,4869.33805809018,TRUE,TRUE,0.888803594474578,0.111196405525422
"GTGGAGCGTTTACCGA-1","doublet_certain","L5 IT","Astro",FALSE,FALSE,4669.06755833727,5714.05087450112,TRUE,TRUE,0.739995374086422,0.260004625913578
"GTGGAGTCGGCGGTTG-1","doublet_certain","L5 IT","Astro",FALSE,FALSE,3408.37681280263,4473.58619270348,TRUE,TRUE,0.697281478641128,0.302718521358873
"GTGGCAAACAGCGGCA-1","doublet_certain","Meis2","Oligo",FALSE,FALSE,4992.27152175139,5810.33339246376,TRUE,TRUE,0.869557339425089,0.130442660574911
"GTGGCGGTCCCAGCGT-1","doublet_certain","L5 IT","VLMC",FALSE,FALSE,3987.87035612831,5524.58647420364,TRUE,TRUE,0.651256569716325,0.348743430283675
"GTGGCTGTTTCTGTTC-1","doublet_certain","L2-3 IT","Pvalb",FALSE,FALSE,5129.11815507661,5450.66107414818,TRUE,TRUE,0.766498573744654,0.233501426255345
"GTGGGAAGACTGAATC-1","doublet_certain","Meis2","Astro",FALSE,FALSE,5411.11975862171,6526.52580326552,TRUE,TRUE,0.847657464824368,0.152342535175632
"GTGGGCTTAGACACAC-1","doublet_certain","L2-3 IT","Astro",FALSE,FALSE,3810.84856115494,4386.04449987396,TRUE,TRUE,0.899805650839195,0.100194349160805
"GTGGGTACTGAGCGTA-1","doublet_uncertain","Meis2","Oligo",FALSE,FALSE,4346.98533250367,4806.45275526756,TRUE,TRUE,0.910426552191605,0.0895734478083947
"GTGGTATAGTCTGCCG-1","doublet_certain","L5 IT","Astro",FALSE,FALSE,4406.87249235713,4920.25796361884,TRUE,TRUE,0.937499174967399,0.0625008250326015
"GTGGTGGCCAAGTGAA-1","doublet_certain","L2-3 IT","Oligo",FALSE,FALSE,3674.31103908569,4335.41431787622,TRUE,TRUE,0.800106741357622,0.199893258642378
"GTGGTTACTTCTTTCG-1","doublet_certain","VLMC","L6 IT",FALSE,FALSE,5073.57732155091,6574.10897849658,TRUE,TRUE,0.56970999333314,0.43029000666686
"GTGGTTTCCGCCTTTC-1","doublet_certain","L5 IT","Astro",FALSE,FALSE,3939.43560866931,4701.04720746835,TRUE,TRUE,0.87830128432223,0.12169871567777
"GTGTACCTTGGCTACG-1","doublet_certain","L5 IT","Astro",FALSE,FALSE,4123.0426856824,4703.53397064496,TRUE,TRUE,0.915465956358926,0.0845340436410735
"GTGTATATCAGCGGGC-1","doublet_certain","L2-3 IT","Astro",FALSE,FALSE,3958.0436974144,4639.91219708163,TRUE,TRUE,0.840972948064882,0.159027051935118
"GTGTCGTATAGCGTTC-1","doublet_certain","L2-3 IT","Oligo",FALSE,FALSE,2956.39532354934,3304.95874853487,TRUE,TRUE,0.846221655613193,0.153778344386807
"GTGTGAATAACTTAGG-1","doublet_certain","L2-3 IT","Oligo",FALSE,FALSE,4166.5392919348,4975.35632666232,TRUE,TRUE,0.800276632602688,0.199723367397312
"GTGTTACTATGCGTCC-1","doublet_certain","L2-3 IT","Oligo",FALSE,FALSE,3830.37565072057,4336.83215455413,TRUE,TRUE,0.862385058290663,0.137614941709337
"GTTAAAGTAGGACTGG-1","doublet_certain","L2-3 IT","Oligo",FALSE,FALSE,2455.49762703221,2842.46806606922,TRUE,TRUE,0.770576024878941,0.229423975121059
"GTTAACATCACTTAAA-1","doublet_certain","L2-3 IT","Astro",FALSE,FALSE,4255.85668360251,4989.63515309655,TRUE,TRUE,0.850311646792415,0.149688353207586
"GTTAACTATGTTGTCA-1","doublet_uncertain","Pvalb","Oligo",FALSE,FALSE,3817.3580397525,4473.20744362008,TRUE,TRUE,0.838083913533135,0.161916086466865
"GTTAAGGGTGCGATGT-1","doublet_uncertain","Astro","L2-3 IT",FALSE,FALSE,3891.28996790526,6901.46989186595,TRUE,TRUE,0.153469822965734,0.846530177034266
"GTTACAATTGGTGACG-1","doublet_certain","L5 IT","Astro",FALSE,FALSE,3947.49380495245,4709.95715183855,TRUE,TRUE,0.857248892103549,0.142751107896451
"GTTACCTACAACTTGC-1","doublet_certain","L2-3 IT","Oligo",FALSE,FALSE,4135.8623568184,4779.33680742333,TRUE,TRUE,0.831733952213949,0.168266047786051
"GTTACTTTGGGCCTAG-1","doublet_certain","L6 IT","Astro",FALSE,FALSE,4210.25787300121,4673.29259234973,TRUE,TRUE,0.930624711496237,0.0693752885037626
"GTTAGCCCATGACATC-1","doublet_certain","Sst","Oligo",FALSE,FALSE,4150.71684537662,4995.50620222812,TRUE,TRUE,0.771595509815762,0.228404490184238
"GTTAGCCGTAAATCAA-1","doublet_certain","L6 IT","Astro",FALSE,FALSE,5817.53819382736,6389.63041149834,TRUE,TRUE,0.945741289838931,0.0542587101610686
"GTTAGGCTACCCGTTT-1","doublet_certain","Meis2","Pvalb",FALSE,FALSE,4833.63131170039,5541.89522191507,TRUE,TRUE,0.522010050381469,0.477989949618531
"GTTATAATACGGTGAA-1","singlet","Oligo","Astro",FALSE,FALSE,750.778267363898,770.281625283861,TRUE,TRUE,0.918723394824222,0.081276605175778
"GTTATATCAGGAGCCA-1","doublet_certain","Oligo","L6 CT",FALSE,FALSE,2411.9867550123,2798.46630503804,TRUE,TRUE,0.718173675343658,0.281826324656342
"GTTATATTATCTCCCT-1","doublet_certain","L6 IT","Astro",FALSE,FALSE,4314.23196072687,4819.84254131389,TRUE,TRUE,0.936334386474521,0.0636656135254785
"GTTATCAAGCTATCGA-1","doublet_certain","L2-3 IT","Astro",FALSE,FALSE,5105.08876575821,5700.2683184365,TRUE,TRUE,0.929297998065524,0.0707020019344755
"GTTCACAGGAGTCTAG-1","doublet_certain","L4","Astro",FALSE,FALSE,3670.24067777133,4295.13199993241,TRUE,TRUE,0.881949717060444,0.118050282939556
"GTTCATCGTTTGGCTG-1","doublet_certain","L6 IT","VLMC",FALSE,FALSE,4929.47784675696,6515.38583340776,TRUE,TRUE,0.49551057626092,0.50448942373908
"GTTCGCCATAAGTGCC-1","doublet_certain","L6 IT","Oligo",FALSE,FALSE,4703.48128213362,5518.8405663373,TRUE,TRUE,0.856651629805024,0.143348370194976
"GTTCGCTGAGACGTCT-1","doublet_uncertain","Oligo","L2-3 IT",FALSE,FALSE,1131.94999130114,1202.36122818767,TRUE,TRUE,0.794958179716735,0.205041820283265
"GTTCGGATCGGGAACA-1","doublet_certain","Pvalb","Oligo",FALSE,FALSE,3403.92766487713,4153.1972388043,TRUE,TRUE,0.762546226744806,0.237453773255194
"GTTCGGGCGTACCATT-1","doublet_certain","Oligo","L6 IT",FALSE,FALSE,1911.44487812933,2467.9246914467,TRUE,TRUE,0.44698244865543,0.55301755134457
"GTTCGTCTAAAGAACT-1","doublet_certain","L2-3 IT","Oligo",FALSE,FALSE,3740.35284008151,4628.48840948857,TRUE,TRUE,0.720608615162131,0.279391384837869
"GTTGAACCGGTTCCAT-1","doublet_certain","L5 IT","Astro",FALSE,FALSE,4512.04648699521,5103.66569072154,TRUE,TRUE,0.925809731463906,0.0741902685360939
"GTTGAGTCCCGCCGGT-1","doublet_certain","L2-3 IT","Oligo",FALSE,FALSE,4206.34822413399,4860.23881320938,TRUE,TRUE,0.841351891429928,0.158648108570072
"GTTGCACGGAGTTTCG-1","doublet_certain","L2-3 IT","Astro",FALSE,FALSE,3790.35907561231,4360.89769898974,TRUE,TRUE,0.88895835397119,0.11104164602881
"GTTGGACCGCATCAGG-1","doublet_uncertain","L5 IT","Oligo",FALSE,FALSE,3469.80468671669,3780.48446597554,TRUE,TRUE,0.922910289885389,0.0770897101146109
"GTTGGATTCAGTGGCT-1","doublet_certain","L4","Astro",FALSE,FALSE,3787.22941699517,4449.92175684511,TRUE,TRUE,0.874167501245934,0.125832498754066
"GTTGGATTGAGAACAC-1","doublet_certain","L2-3 IT","Oligo",FALSE,FALSE,3671.32142671414,4938.05052230782,TRUE,TRUE,0.599522399458373,0.400477600541627
"GTTGGATTTGCGTTGG-1","doublet_certain","L5 IT","Astro",FALSE,FALSE,4473.25046676883,5041.30324357758,TRUE,TRUE,0.927016016231887,0.0729839837681125
"GTTGGTCATGCTATCC-1","doublet_certain","L2-3 IT","Astro",FALSE,FALSE,4452.76656571265,5018.83179422922,TRUE,TRUE,0.896801670554969,0.103198329445031
"GTTTACGTTCCATCTG-1","doublet_certain","L2-3 IT","Astro",FALSE,FALSE,4307.11805564304,4818.39192381527,TRUE,TRUE,0.891758163647089,0.108241836352911
"GTTTCAAACGAGTTGT-1","doublet_certain","Sst","Oligo",FALSE,FALSE,5177.51800801572,5973.81874582942,TRUE,TRUE,0.866477688512021,0.133522311487979
"GTTTCATATCGTCGCT-1","doublet_certain","L2-3 IT","Astro",FALSE,FALSE,3952.50203288858,4497.18457256812,TRUE,TRUE,0.915153473934844,0.0848465260651562
"GTTTCCTGGAGGGTGA-1","doublet_certain","L2-3 IT","Astro",FALSE,FALSE,3618.70667639596,4186.37797485133,TRUE,TRUE,0.892485670764603,0.107514329235397
"GTTTCTAGAGGCGCGG-1","doublet_certain","L2-3 IT","Oligo",FALSE,FALSE,5344.09783803669,6098.96729049374,TRUE,TRUE,0.897278633307208,0.102721366692792
"GTTTCTGCAGTCTCCC-1","doublet_certain","L2-3 IT","Oligo",FALSE,FALSE,3435.2086284722,4022.69475622082,TRUE,TRUE,0.77713570833044,0.22286429166956
"GTTTGACCAAATCCTA-1","doublet_certain","L5 IT","Astro",FALSE,FALSE,4450.20732450499,4986.26316513247,TRUE,TRUE,0.934315126120397,0.0656848738796034
"GTTTGGCCCAAGTTAT-1","doublet_certain","L2-3 IT","Oligo",FALSE,FALSE,4036.09780198568,4721.30013184535,TRUE,TRUE,0.828523379839495,0.171476620160505
"GTTTGGGCTTGTGAGC-1","doublet_certain","L2-3 IT","Astro",FALSE,FALSE,4052.74885643399,4494.51140518382,TRUE,TRUE,0.91696557422315,0.0830344257768498
"GTTTGGGTTTCGCCCG-1","doublet_certain","Sst","Oligo",FALSE,FALSE,3954.11628512651,5050.8731897564,TRUE,TRUE,0.653960522039301,0.346039477960699
"GTTTGGTAGGGTCAAC-1","doublet_certain","L6 IT","Astro",FALSE,FALSE,4717.71988808317,5202.34051185417,TRUE,TRUE,0.946039485689705,0.0539605143102952
"GTTTGTTAGCCAAGTA-1","doublet_certain","Meis2","Astro",FALSE,FALSE,4404.27903149456,4908.29004543152,TRUE,TRUE,0.899176323840981,0.100823676159019
"TAAACCCAGGAGGGCA-1","doublet_certain","L5 IT","Astro",FALSE,FALSE,3866.766529713,4940.28796471214,TRUE,TRUE,0.72882684050402,0.27117315949598
"TAAAGCGGTATTTCCA-1","doublet_certain","Oligo","Astro",FALSE,FALSE,2346.51696898221,2722.97966346581,TRUE,TRUE,0.633188551085053,0.366811448914947
"TAAAGCGTTAGGAGAA-1","doublet_uncertain","Oligo","L6 IT",FALSE,FALSE,4134.70474048197,7768.47100514203,TRUE,TRUE,0.111648191479983,0.888351808520017
"TAAAGCTGCAATAGGG-1","doublet_certain","L4","Astro",FALSE,FALSE,4639.0678661554,5434.03637788295,TRUE,TRUE,0.90974823800713,0.0902517619928702
"TAAATGCCGTCTCATG-1","doublet_certain","L2-3 IT","Astro",FALSE,FALSE,3525.84530983645,4245.82555415401,TRUE,TRUE,0.805127203453417,0.194872796546583
"TAACATACAATGTGGG-1","doublet_certain","L2-3 IT","Oligo",FALSE,FALSE,4124.15521109828,5340.77831469809,TRUE,TRUE,0.711910051290012,0.288089948709988
"TAACATACACGCGATC-1","doublet_certain","Meis2","Oligo",FALSE,FALSE,4927.46398713792,6194.3691951156,TRUE,TRUE,0.775248670273698,0.224751329726302
"TAACCTACCGTCCGAG-1","doublet_certain","Oligo","L6 IT",FALSE,FALSE,4168.98261451282,5219.36492449027,TRUE,TRUE,0.510829890461614,0.489170109538386
"TAACCTAGGGAGTCCA-1","doublet_certain","Sst","Astro",FALSE,FALSE,5326.6894501876,6202.80780824287,TRUE,TRUE,0.873588074734564,0.126411925265436
"TAACTATTACGCCAAA-1","doublet_uncertain","Oligo","L6 IT",FALSE,FALSE,3180.46059506483,4117.34179313349,TRUE,TRUE,0.445899232483728,0.554100767516272
"TAACTCATCCGCGCGG-1","doublet_certain","L5 IT","Astro",FALSE,FALSE,5023.68074766569,5735.42931033727,TRUE,TRUE,0.908518271844968,0.0914817281550323
"TAAGAGGGACAGGGAC-1","doublet_certain","L5 IT","Astro",FALSE,FALSE,3621.50738457536,4819.09262912284,TRUE,TRUE,0.55057507358794,0.44942492641206
"TAAGCCCTTACGACCA-1","doublet_certain","L2-3 IT","Astro",FALSE,FALSE,4694.95724527788,5360.0166242932,TRUE,TRUE,0.914477287542635,0.0855227124573654
"TAAGGCAACATAAGAT-1","doublet_certain","L5 IT","Astro",FALSE,FALSE,4587.61780382265,5377.2041249319,TRUE,TRUE,0.904310786738482,0.0956892132615185
"TAAGGCATAACATCAA-1","doublet_certain","L5 IT","Astro",FALSE,FALSE,4640.52257114942,5348.08904134819,TRUE,TRUE,0.919833510932681,0.0801664890673189
"TAAGGCCCGTCACCCT-1","doublet_certain","L2-3 IT","Astro",FALSE,FALSE,4017.10072526088,4727.25181008997,TRUE,TRUE,0.836112459774869,0.163887540225131
"TAAGGCTGAATCCCTC-1","doublet_certain","Oligo","L5 PT",FALSE,FALSE,3241.80414343631,4235.37300362782,TRUE,TRUE,0.492202941329904,0.507797058670096
"TAAGGGCCTGTCCGAT-1","doublet_certain","Pvalb","Oligo",FALSE,FALSE,4202.05824082244,5275.42010167671,TRUE,TRUE,0.695375410355419,0.304624589644581
"TAAGTAACATCTTGAC-1","doublet_certain","L5 IT","Astro",FALSE,FALSE,4708.3938774746,5281.62807867106,TRUE,TRUE,0.925266527758102,0.0747334722418979
"TAAGTCGCCGAGTATC-1","doublet_certain","L5 IT","Oligo",FALSE,FALSE,3013.42610148937,3738.79609296822,TRUE,TRUE,0.597319869391394,0.402680130608606
"TAAGTTGCGACGTAGG-1","doublet_certain","Pvalb","Oligo",FALSE,FALSE,3170.29338230133,3993.74222984407,TRUE,TRUE,0.70252418918239,0.29747581081761
"TAATAAACAAGGAGAT-1","doublet_certain","L4","Astro",FALSE,FALSE,4297.92613518031,4886.47889743252,TRUE,TRUE,0.915395770623676,0.0846042293763244
"TAATACACAGTAGTAT-1","doublet_certain","L2-3 IT","Astro",FALSE,FALSE,3901.43602474309,4351.40430591919,TRUE,TRUE,0.924595449508276,0.0754045504917238
"TAATACTAGAACAGAC-1","doublet_certain","L2-3 IT","Astro",FALSE,FALSE,6071.04519559126,7083.02816782095,TRUE,TRUE,0.875029830636879,0.124970169363121
"TAATAGAACAGAGTTA-1","doublet_certain","L2-3 IT","Astro",FALSE,FALSE,4325.35059471754,5103.28262000404,TRUE,TRUE,0.842579217414643,0.157420782585357
"TAATAGGTCACCAGAA-1","doublet_certain","Vip","Astro",FALSE,FALSE,4356.80116693162,5362.07272686129,TRUE,TRUE,0.677867057551765,0.322132942448235
"TAATAGTGACGACCAG-1","doublet_certain","L5 IT","Astro",FALSE,FALSE,3771.23261554921,4107.05425219227,TRUE,TRUE,0.944422343723421,0.0555776562765792
"TAATCGATCCGTACGT-1","doublet_certain","L5 IT","Oligo",FALSE,FALSE,4093.7034572949,4607.84210777968,TRUE,TRUE,0.901847372882322,0.0981526271176784
"TAATTACGTCAGTAGA-1","doublet_certain","Sst","Astro",FALSE,FALSE,4397.6655870937,5030.95796147548,TRUE,TRUE,0.890441333951675,0.109558666048325
"TAATTAGGACATCCGT-1","doublet_certain","Oligo","Pvalb",FALSE,FALSE,1433.69811821794,1626.17854644636,TRUE,TRUE,0.656047136933241,0.343952863066759
"TAATTGGAATCGGGAA-1","doublet_certain","L4","Astro",FALSE,FALSE,4606.4828120681,5407.25646196337,TRUE,TRUE,0.899340645930334,0.100659354069666
"TAATTTCCGTCCAGTA-1","doublet_certain","Vip","Astro",FALSE,FALSE,4317.16436252007,5166.17610748576,TRUE,TRUE,0.770880642655761,0.229119357344239
"TACAACAGCGCATACA-1","doublet_certain","L6 IT","VLMC",FALSE,FALSE,5901.02570147532,8122.13503889209,TRUE,TRUE,0.685798159052205,0.314201840947795
"TACAACGCACAACTCA-1","doublet_certain","L6 IT","Oligo",FALSE,FALSE,5152.71466001938,5845.92314685151,TRUE,TRUE,0.899524761284001,0.100475238715999
"TACAAGGGCTTCTTTA-1","doublet_certain","Sst","Astro",FALSE,FALSE,4816.27169428105,5411.59658693916,TRUE,TRUE,0.900920060409465,0.0990799395905352
"TACAAGTCTCGTGCAT-1","doublet_uncertain","Astro","L6 IT",FALSE,FALSE,2646.3941360572,4438.70370669368,TRUE,TRUE,0.225519023725138,0.774480976274862
"TACACAGCCGTGGTGC-1","doublet_certain","L2-3 IT","VLMC",FALSE,FALSE,4922.84977183103,6303.24803786315,TRUE,TRUE,0.7456859391288,0.2543140608712
"TACACCTCTTCGAATC-1","doublet_certain","L2-3 IT","Astro",FALSE,FALSE,4816.81253262797,5563.7172387405,TRUE,TRUE,0.896577768343165,0.103422231656835
"TACAGAAACGGTGGGC-1","doublet_certain","L2-3 IT","Oligo",FALSE,FALSE,4704.42197620295,5316.85411155054,TRUE,TRUE,0.869001439618963,0.130998560381037
"TACATAGGCATACACC-1","doublet_certain","L5 IT","Oligo",FALSE,FALSE,3109.72804416299,4210.63820033185,TRUE,TRUE,0.586904624750791,0.413095375249209
"TACATCCCTATCCCTG-1","doublet_certain","Meis2","Oligo",FALSE,FALSE,4341.82943362962,5501.93564990175,TRUE,TRUE,0.737330866987339,0.262669133012661
"TACATTTCTAACGTGC-1","doublet_certain","L6 IT","Oligo",FALSE,FALSE,4401.05101791928,4874.85192531473,TRUE,TRUE,0.924791008967587,0.0752089910324129
"TACCAAATAGCCCAGA-1","doublet_certain","L6 IT","Astro",FALSE,FALSE,4904.83738814245,5712.37765788969,TRUE,TRUE,0.890348555266022,0.109651444733979
"TACCAATAAAGTACCA-1","doublet_uncertain","L2-3 IT","Astro",FALSE,FALSE,5202.56543330451,5996.29020491167,TRUE,TRUE,0.848622211877294,0.151377788122706
"TACCAGAAGTAGGTTC-1","doublet_uncertain","L5 IT","Oligo",FALSE,FALSE,4325.70621473121,4841.56223462029,TRUE,TRUE,0.901469945467873,0.0985300545321267
"TACCGAATAATTGTAA-1","doublet_certain","Sst","Astro",FALSE,FALSE,5683.50958202627,6770.42753800803,TRUE,TRUE,0.857704968461527,0.142295031538473
"TACCGCGGACTTGCAG-1","doublet_certain","L5 IT","Oligo",FALSE,FALSE,3584.76237574114,4838.44129482517,TRUE,TRUE,0.63359307608455,0.36640692391545
"TACCGGCTCACTGCCC-1","doublet_certain","L2-3 IT","Astro",FALSE,FALSE,4292.06331039945,4884.41956127653,TRUE,TRUE,0.898584720555039,0.101415279444961
"TACCGGTCGTTTCCAT-1","doublet_certain","L5 IT","Astro",FALSE,FALSE,4041.73806210855,4622.38074367612,TRUE,TRUE,0.899820698299572,0.100179301700428
"TACCGTAGGTTAACTA-1","doublet_certain","L5 IT","Astro",FALSE,FALSE,4282.34155992504,4950.2224133738,TRUE,TRUE,0.892862749612663,0.107137250387337
"TACCGTGCCTCGGACC-1","doublet_certain","L2-3 IT","Oligo",FALSE,FALSE,4101.4330034174,4754.24729501476,TRUE,TRUE,0.813630146952241,0.186369853047759
"TACCTACTCCCAGTAT-1","doublet_certain","L5 IT","Astro",FALSE,FALSE,4285.94282134044,4824.74510023913,TRUE,TRUE,0.912676460936931,0.0873235390630688
"TACCTATCCCTAGAGG-1","doublet_certain","Pvalb","Astro",FALSE,FALSE,4275.60789985466,5314.09126093876,TRUE,TRUE,0.739515424700039,0.260484575299961
"TACCTCAGTTGTCTGT-1","doublet_certain","L5 IT","Astro",FALSE,FALSE,3620.84398509639,4469.39494426624,TRUE,TRUE,0.81791038248451,0.18208961751549
"TACCTTAAGATTTCCC-1","doublet_certain","L5 IT","VLMC",FALSE,FALSE,3901.98038168536,5034.67245841766,TRUE,TRUE,0.722668855118024,0.277331144881976
"TACGAACACGACTTCA-1","doublet_certain","L5 IT","Astro",FALSE,FALSE,4191.41870970717,4895.5027416001,TRUE,TRUE,0.893924074928771,0.106075925071229
"TACGACGCTTGCTGCG-1","doublet_certain","L6 IT","Oligo",FALSE,FALSE,4260.84314308962,4910.90960035153,TRUE,TRUE,0.878749705180795,0.121250294819205
"TACGACTGCCTCTTAG-1","doublet_certain","L2-3 IT","Oligo",FALSE,FALSE,3710.43192408478,4404.82316760289,TRUE,TRUE,0.778988147620555,0.221011852379445
"TACGAGAACTTCACGT-1","doublet_certain","L5 IT","Astro",FALSE,FALSE,3987.66761515152,4537.01751728394,TRUE,TRUE,0.92072921548825,0.0792707845117505
"TACGATGTTGATCATC-1","doublet_certain","L5 IT","Astro",FALSE,FALSE,3668.61621031394,4202.70981622989,TRUE,TRUE,0.900185613045312,0.0998143869546881
"TACGCAGTTCTTTCCT-1","doublet_certain","L6 IT","Astro",FALSE,FALSE,4004.96039827842,4593.87321726616,TRUE,TRUE,0.914745916382165,0.0852540836178351
"TACGCCATATTCTAAT-1","doublet_certain","L6 IT","Astro",FALSE,FALSE,2791.6830344781,3399.11182382165,TRUE,TRUE,0.770459726369102,0.229540273630899
"TACGCCGAGGGTACCC-1","doublet_certain","L5 IT","Oligo",FALSE,FALSE,2365.36531984128,2919.03308672819,TRUE,TRUE,0.57473082380584,0.42526917619416
"TACGCCTCCATTCCGA-1","doublet_certain","L6 IT","Oligo",FALSE,FALSE,4288.39690944997,4679.18017817112,TRUE,TRUE,0.93279983216744,0.0672001678325603
"TACGCTATAGAAACCT-1","doublet_certain","L6 IT","VLMC",FALSE,FALSE,5555.73414083131,7330.99943996078,TRUE,TRUE,0.449846343914488,0.550153656085512
"TACGCTCGGTATTGGA-1","doublet_certain","Sst","Astro",FALSE,FALSE,4574.25522867339,5278.70662361815,TRUE,TRUE,0.877424739597322,0.122575260402678
"TACGGAAGCCAAACCA-1","doublet_certain","L2-3 IT","Astro",FALSE,FALSE,5373.86971054683,6199.50928464855,TRUE,TRUE,0.903673738345329,0.096326261654671
"TACGGGATGCTAGCAG-1","doublet_certain","L5 IT","Astro",FALSE,FALSE,4454.76517056487,5206.20264702134,TRUE,TRUE,0.910755164887464,0.0892448351125359
"TACGGGTAATAACATA-1","doublet_certain","L2-3 IT","Astro",FALSE,FALSE,5006.97901088489,6288.23266878973,TRUE,TRUE,0.746148280596838,0.253851719403162
"TACGTAAAGCGGAGTG-1","doublet_uncertain","Sst","Astro",FALSE,FALSE,4770.5412858505,5535.36695331856,TRUE,TRUE,0.870539045216437,0.129460954783563
"TACGTGGGCCCAGGGC-1","doublet_certain","L2-3 IT","Astro",FALSE,FALSE,5440.15908093234,6335.97088647214,TRUE,TRUE,0.883601440672058,0.116398559327942
"TACGTTTACCGGCAAT-1","doublet_certain","L5 IT","Astro",FALSE,FALSE,3753.97880930856,4326.70714226668,TRUE,TRUE,0.908106877976813,0.0918931220231875
"TACTACGTGCAATGCG-1","doublet_certain","L2-3 IT","Astro",FALSE,FALSE,4463.07856605552,5359.19209468904,TRUE,TRUE,0.843831260304695,0.156168739695305
"TACTATGGTTCCTCAG-1","doublet_certain","L5 IT","Astro",FALSE,FALSE,4487.11397433698,5157.30520991682,TRUE,TRUE,0.903043532208648,0.0969564677913517
"TACTCGTTTGAATCAA-1","doublet_certain","L2-3 IT","VLMC",FALSE,FALSE,4993.44045609929,6343.23434635202,TRUE,TRUE,0.767616319483316,0.232383680516684
"TACTCTCCGAACAAAT-1","doublet_certain","L5 IT","Astro",FALSE,FALSE,4942.00292719922,5633.34397481944,TRUE,TRUE,0.918779757727446,0.0812202422725535
"TACTCTTACTTTACTG-1","doublet_certain","Sst","Astro",FALSE,FALSE,4362.79819104924,5025.74785699054,TRUE,TRUE,0.872860187382593,0.127139812617407
"TACTCTTTCGTCTTCA-1","doublet_certain","L5 IT","Astro",FALSE,FALSE,4493.22912522256,4992.44318976223,TRUE,TRUE,0.94595320037897,0.0540467996210305
"TACTGAACAGATTTAG-1","doublet_certain","L6 IT","Astro",FALSE,FALSE,4528.49951150605,5000.45364686437,TRUE,TRUE,0.934690990970053,0.0653090090299472
"TACTGAGGGAAGAAAG-1","doublet_certain","Vip","Astro",FALSE,FALSE,4635.90477235481,5504.78006732852,TRUE,TRUE,0.762977891876974,0.237022108123026
"TACTGCAATCAATTAC-1","doublet_certain","L5 IT","Astro",FALSE,FALSE,4169.05871741892,4810.51888375824,TRUE,TRUE,0.901912013605439,0.0980879863945607
"TACTGGACAGCTCGGC-1","doublet_certain","L2-3 IT","Astro",FALSE,FALSE,3559.91844372073,3999.6195077625,TRUE,TRUE,0.906811181254019,0.093188818745981
"TACTTAAACATGTACA-1","doublet_certain","L6 IT","Astro",FALSE,FALSE,5723.63290304952,6501.65023392763,TRUE,TRUE,0.908075412918099,0.0919245870819013
"TACTTGTTAGTAGTCC-1","doublet_uncertain","Oligo","L5 IT",FALSE,FALSE,2688.64867963515,3254.40215647099,TRUE,TRUE,0.64151665559893,0.35848334440107
"TACTTTACTGAGCCGG-1","doublet_certain","Oligo","L5 IT",FALSE,FALSE,2246.12608006241,2486.89089965947,TRUE,TRUE,0.777069178362291,0.222930821637709
"TACTTTCCGCACGCCA-1","doublet_certain","Sst","Astro",FALSE,FALSE,4660.48072859577,5551.88221476578,TRUE,TRUE,0.826130921994433,0.173869078005567
"TAGAAAGGTGGCGCTA-1","doublet_certain","L5 IT","Oligo",FALSE,FALSE,3184.24737127506,3763.96577558824,TRUE,TRUE,0.8350334705248,0.1649665294752
"TAGAATAGCCGATGAA-1","doublet_certain","Sst","Astro",FALSE,FALSE,5503.58593326734,6240.62375521605,TRUE,TRUE,0.911530996891349,0.0884690031086506
"TAGACGAAACGCCAAT-1","doublet_certain","L6 IT","Astro",FALSE,FALSE,4905.76247368152,5646.05035864793,TRUE,TRUE,0.897535759059294,0.102464240940706
"TAGACGCCCGTACCGG-1","doublet_certain","L6 IT","Oligo",FALSE,FALSE,4296.76171932559,5485.96971660975,TRUE,TRUE,0.692158522925974,0.307841477074026
"TAGACTACCTAGCGTT-1","doublet_certain","Oligo","VLMC",FALSE,FALSE,5408.55036051711,6726.9422550734,TRUE,TRUE,0.487713717100689,0.512286282899311
"TAGAGATCATGCAACT-1","doublet_certain","L6 IT","Astro",FALSE,FALSE,3735.11230940702,4493.71527069018,TRUE,TRUE,0.81515988453712,0.18484011546288
"TAGAGGTTCTACTTGT-1","doublet_certain","Pvalb","Oligo",FALSE,FALSE,2483.72482296191,3156.10334808294,TRUE,TRUE,0.631524305912554,0.368475694087446
"TAGAGTCTAAGCGAAC-1","doublet_certain","L5 IT","Astro",FALSE,FALSE,4855.69652747315,5444.49118813363,TRUE,TRUE,0.930952734333961,0.0690472656660389
"TAGATATGGACTGGAA-1","doublet_uncertain","L5 IT","Oligo",FALSE,FALSE,4782.0816354061,5338.4200903507,TRUE,TRUE,0.91334786715238,0.0866521328476205
"TAGATGGTTCCTTACT-1","doublet_certain","Sst","Oligo",FALSE,FALSE,4198.11879610268,4936.8843131965,TRUE,TRUE,0.797040117515255,0.202959882484745
"TAGCAGATACTTAGGG-1","doublet_certain","Oligo","L5 IT",FALSE,FALSE,3136.16851892737,4253.41186305888,TRUE,TRUE,0.462730482788119,0.537269517211881
"TAGCAGTATGACTAAA-1","doublet_certain","Sst","Oligo",FALSE,FALSE,5153.74644112303,5878.59184713927,TRUE,TRUE,0.872425488451414,0.127574511548586
"TAGCCATTTCAAAGTC-1","doublet_certain","L2-3 IT","Oligo",FALSE,FALSE,2357.99511376706,2816.3651603149,TRUE,TRUE,0.713893443041774,0.286106556958226
"TAGCCGGCGGTCAGCG-1","doublet_certain","L2-3 IT","Oligo",FALSE,FALSE,4500.83614025744,5471.96814010747,TRUE,TRUE,0.753041348912265,0.246958651087735
"TAGCGTCCCTCGATTG-1","doublet_certain","Pvalb","Astro",FALSE,FALSE,2651.33572073473,3227.3077951246,TRUE,TRUE,0.764486187745253,0.235513812254747
"TAGCGTCCGGTGTGGT-1","doublet_certain","L2-3 IT","Oligo",FALSE,FALSE,3749.73518873108,4246.15455231796,TRUE,TRUE,0.848345214409951,0.151654785590049
"TAGCGTTGGGTCTTAC-1","doublet_certain","L2-3 IT","Oligo",FALSE,FALSE,3858.76368296856,4721.95771840708,TRUE,TRUE,0.724474075793419,0.275525924206581
"TAGCTAAGTCCGGGAG-1","doublet_certain","L5 IT","Astro",FALSE,FALSE,4478.65315056247,5139.4472040826,TRUE,TRUE,0.915039324853899,0.084960675146101
"TAGCTAGAAGGCATGA-1","doublet_certain","L5 IT","Astro",FALSE,FALSE,4198.06023614662,4776.11913029659,TRUE,TRUE,0.929910994349108,0.0700890056508919
"TAGCTAGTGATGATGG-1","doublet_certain","L5 IT","Astro",FALSE,FALSE,3852.41649001691,4996.20055506836,TRUE,TRUE,0.712983460110286,0.287016539889714
"TAGCTCGCCTGATAAC-1","doublet_certain","L6 IT","Astro",FALSE,FALSE,4629.00603202993,5180.2726021842,TRUE,TRUE,0.92494587543435,0.0750541245656504
"TAGCTGATGTGAAGCG-1","doublet_uncertain","Meis2","L5 IT",FALSE,FALSE,5240.34755436609,5921.97240312047,TRUE,TRUE,0.648284210377993,0.351715789622007
"TAGGAGGCTCGAGAAC-1","doublet_certain","L2-3 IT","Astro",FALSE,FALSE,4614.25817028563,5220.48845412958,TRUE,TRUE,0.916510150352639,0.083489849647361
"TAGGCATGTTACGCCA-1","doublet_certain","L5 IT","Astro",FALSE,FALSE,4060.9010937054,4618.80655639727,TRUE,TRUE,0.909151490716515,0.0908485092834849
"TAGGCCTATATAGTCT-1","doublet_certain","Sst","L2-3 IT",FALSE,FALSE,5430.79857620741,5932.40336647437,TRUE,TRUE,0.538109592809885,0.461890407190115
"TAGGCGATGAGGTCTC-1","doublet_certain","Meis2","Astro",FALSE,FALSE,3610.83085100572,4663.28224515338,TRUE,TRUE,0.693322391656932,0.306677608343068
"TAGGCTAAAGTGGCAC-1","doublet_certain","Sst","Oligo",FALSE,FALSE,5889.25226787769,6848.14800553032,TRUE,TRUE,0.835645780455398,0.164354219544602
"TAGGGAGCTTGGGATG-1","doublet_certain","L2-3 IT","Oligo",FALSE,FALSE,4025.99796925503,4840.10641429226,TRUE,TRUE,0.770818361323466,0.229181638676534
"TAGGGTGTTTCAAGAG-1","doublet_certain","L2-3 IT","Astro",FALSE,FALSE,3666.64777407764,4301.15346431899,TRUE,TRUE,0.891920582103082,0.108079417896918
"TAGGTCGCCGGAACTG-1","doublet_certain","L6 IT","Astro",FALSE,FALSE,4864.59071068795,6283.04450813642,TRUE,TRUE,0.54636726775347,0.45363273224653
"TAGGTGACGATAACCT-1","doublet_certain","L6 IT","Astro",FALSE,FALSE,4271.93629663368,4855.09875411596,TRUE,TRUE,0.882690250685358,0.117309749314642
"TAGGTGAGCCCTACTC-1","doublet_certain","L2-3 IT","Astro",FALSE,FALSE,3473.76312411951,4003.53031453844,TRUE,TRUE,0.905153252972266,0.094846747027734
"TAGGTGCTCGCCTAGC-1","doublet_certain","L2-3 IT","Oligo",FALSE,FALSE,3992.79385970348,4974.29124879623,TRUE,TRUE,0.680325717537074,0.319674282462926
"TAGGTGTTCCACAGAT-1","doublet_certain","L5 IT","Oligo",FALSE,FALSE,4189.04459726316,4896.48893841822,TRUE,TRUE,0.851110007799088,0.148889992200912
"TAGGTTCGAGTTCGTC-1","doublet_certain","Oligo","L5 IT",FALSE,FALSE,2805.3919434726,3825.52059674599,TRUE,TRUE,0.506017470520072,0.493982529479928
"TAGTACCACAACTTTC-1","doublet_certain","L5 IT","Astro",FALSE,FALSE,4051.02917880614,5120.75076133092,TRUE,TRUE,0.620111210887326,0.379888789112674
"TAGTAGCTTATACCAG-1","doublet_certain","Oligo","VLMC",FALSE,FALSE,2838.92475398296,3209.59384635949,TRUE,TRUE,0.866925954299384,0.133074045700616
"TAGTCCGCAGAGAATG-1","doublet_certain","L6 IT","Oligo",FALSE,FALSE,4837.89514595816,5558.22032053549,TRUE,TRUE,0.892403596630031,0.107596403369969
"TAGTCGATCACGGGTT-1","doublet_certain","Oligo","Astro",FALSE,FALSE,2176.14756410318,2515.07934827763,TRUE,TRUE,0.6556966388579,0.3443033611421
"TAGTCTAACAACGAGA-1","doublet_certain","L5 IT","Astro",FALSE,FALSE,4540.16900999838,5268.42339846549,TRUE,TRUE,0.908263481406284,0.0917365185937164
"TAGTCTGTGACGTTGC-1","doublet_certain","L5 IT","Astro",FALSE,FALSE,3583.87049989225,3918.57699171396,TRUE,TRUE,0.92699163168638,0.07300836831362
"TAGTGCCCTCCAGAGT-1","doublet_certain","L5 IT","Astro",FALSE,FALSE,4350.70719187769,5128.44118372313,TRUE,TRUE,0.894963888807053,0.105036111192947
"TATACACAGACGCCTT-1","doublet_uncertain","L6 IT","Astro",FALSE,FALSE,4047.34009783058,4649.09205201846,TRUE,TRUE,0.894551791957659,0.105448208042341
"TATACGCGTCATCACT-1","doublet_certain","L2-3 IT","Astro",FALSE,FALSE,3811.62629091832,4458.81518967318,TRUE,TRUE,0.862490590228774,0.137509409771226
"TATAGATGGTCGCAGT-1","doublet_certain","L2-3 IT","Oligo",FALSE,FALSE,3711.70835613407,4703.30797678884,TRUE,TRUE,0.678425774358888,0.321574225641112
"TATAGCGCACGTTATC-1","doublet_certain","Meis2","Astro",FALSE,FALSE,4791.14311753098,5685.68909199607,TRUE,TRUE,0.865440527618079,0.134559472381921
"TATATATCGAGAAATG-1","doublet_certain","Sst","VLMC",FALSE,FALSE,5157.57835934969,6574.84304639739,TRUE,TRUE,0.739093408649308,0.260906591350692
"TATATCCCTGGGAGGA-1","doublet_certain","L2-3 IT","Astro",FALSE,FALSE,4357.62339096287,5008.43314683599,TRUE,TRUE,0.872249880720993,0.127750119279007
"TATATTACAAATGTCG-1","doublet_certain","L5 IT","Astro",FALSE,FALSE,3716.9345929013,4243.95539276396,TRUE,TRUE,0.905241728723656,0.0947582712763435
"TATCACCCAACCGACC-1","doublet_uncertain","Oligo","L5 IT",FALSE,FALSE,3960.15031783993,7354.54908024157,TRUE,TRUE,0.127170171294299,0.872829828705701
"TATCACTTCGAGTAAC-1","doublet_certain","L4","Astro",FALSE,FALSE,4143.72602296473,4700.58127981891,TRUE,TRUE,0.925074139031787,0.0749258609682125
"TATCAGTGGCGTAGTC-1","doublet_certain","Sst","Astro",FALSE,FALSE,4352.41728000353,5009.80514418509,TRUE,TRUE,0.848238961780668,0.151761038219332
"TATCCAATTGGTTATC-1","doublet_certain","L2-3 IT","Astro",FALSE,FALSE,3923.70794775247,4461.14731750162,TRUE,TRUE,0.880154856635983,0.119845143364017
"TATCCATCTCGGTTAG-1","doublet_uncertain","Astro","L5 IT",FALSE,FALSE,4128.23024657946,5781.11094943907,TRUE,TRUE,0.408196537292897,0.591803462707103
"TATCCGCACCGTCGGG-1","doublet_certain","L5 IT","Astro",FALSE,FALSE,4388.96878710004,5186.02763306373,TRUE,TRUE,0.901248035527049,0.098751964472951
"TATCGATCTATGCATA-1","doublet_certain","L5 IT","Astro",FALSE,FALSE,4083.79561098468,4638.69267564446,TRUE,TRUE,0.910032045996889,0.0899679540031111
"TATCGATGATTAAACG-1","doublet_certain","L2-3 IT","Astro",FALSE,FALSE,3962.0999952865,4439.08127937899,TRUE,TRUE,0.931465996028755,0.0685340039712446
"TATCTACCACAGCGGG-1","doublet_certain","L5 IT","Oligo",FALSE,FALSE,4303.25879646428,4983.28976073303,TRUE,TRUE,0.849899873247285,0.150100126752715
"TATCTGAGCCGATATT-1","doublet_certain","Meis2","Astro",FALSE,FALSE,3561.34480911357,4498.68057739429,TRUE,TRUE,0.645741046674602,0.354258953325398
"TATCTTGCAATACAAC-1","doublet_certain","Meis2","Astro",FALSE,FALSE,4021.95892810761,5269.31474852021,TRUE,TRUE,0.66771591435253,0.33228408564747
"TATGAAGAATTAAGGT-1","doublet_certain","Sst","Oligo",FALSE,FALSE,5429.02950823222,6090.27941791796,TRUE,TRUE,0.893739688615594,0.106260311384406
"TATGACCTTGCGCTGG-1","doublet_certain","Meis2","Astro",FALSE,FALSE,5162.2667933367,6015.50974637824,TRUE,TRUE,0.876386045445881,0.123613954554119
"TATGATCCGGCACGCC-1","doublet_uncertain","Oligo","L6 IT",FALSE,FALSE,3783.98340414879,5724.45720796814,TRUE,TRUE,0.28175879975267,0.71824120024733
"TATGATCTTCTCTTTA-1","doublet_certain","L2-3 IT","Oligo",FALSE,FALSE,4149.68638065276,5015.81109638648,TRUE,TRUE,0.739281935477049,0.260718064522951
"TATGCTCCCTACTTAC-1","doublet_certain","L5 IT","Astro",FALSE,FALSE,3890.3981492161,4471.7749555108,TRUE,TRUE,0.891160545960048,0.108839454039952
"TATGGATGTGCTACGC-1","doublet_certain","L5 IT","Astro",FALSE,FALSE,3780.51591084407,4496.79139425052,TRUE,TRUE,0.878142170331794,0.121857829668206
"TATGGCCCGGCCTCGC-1","doublet_certain","L2-3 IT","Astro",FALSE,FALSE,2959.18230713129,3416.77721461351,TRUE,TRUE,0.887888919309496,0.112111080690504
"TATGGGACCGAGCAGG-1","doublet_certain","L5 IT","Oligo",FALSE,FALSE,4344.61388141387,5265.66264351926,TRUE,TRUE,0.824675226203182,0.175324773796818
"TATGGGTACGTATCGT-1","doublet_certain","L5 IT","Oligo",FALSE,FALSE,4568.97895664311,5183.87788616249,TRUE,TRUE,0.909429069948599,0.0905709300514011
"TATGGTCTGAGTAACA-1","doublet_certain","L5 IT","Oligo",FALSE,FALSE,5096.87284571558,5981.19715109599,TRUE,TRUE,0.859633175929387,0.140366824070613
"TATGGTTAGTGGGAGA-1","doublet_certain","Oligo","Macrophage",FALSE,FALSE,2849.52010088285,3132.03505677846,TRUE,TRUE,0.946056410332924,0.0539435896670756
"TATGTAGAAACCCGGC-1","doublet_certain","Meis2","Astro",FALSE,FALSE,5182.554037039,6749.12348711051,TRUE,TRUE,0.616897999824786,0.383102000175214
"TATGTCAAGACCGACT-1","doublet_certain","L5 IT","Astro",FALSE,FALSE,4148.34388571181,4611.16763433573,TRUE,TRUE,0.924736883054892,0.0752631169451077
"TATGTCTCATTGTGCC-1","doublet_certain","L6 IT","Oligo",FALSE,FALSE,3523.24586174858,4098.06053411234,TRUE,TRUE,0.862272317638199,0.137727682361801
"TATTAACACCAAAGCA-1","doublet_certain","Meis2","Endo",FALSE,FALSE,5485.91662018044,6413.40372122035,TRUE,TRUE,0.923429849576588,0.076570150423412
"TATTAACCTGACCGCG-1","doublet_certain","L6 IT","Astro",FALSE,FALSE,4734.75978891816,5317.58342928943,TRUE,TRUE,0.93008902669226,0.0699109733077396
"TATTACCATCCTGCTT-1","doublet_certain","L2-3 IT","Oligo",FALSE,FALSE,4068.10877221425,4899.76231282202,TRUE,TRUE,0.768711172693772,0.231288827306228
"TATTATGTTTGCCTGC-1","doublet_uncertain","Astro","L5 PT",FALSE,FALSE,3522.51766419813,5343.23401528023,TRUE,TRUE,0.29945411023859,0.70054588976141
"TATTCAATTCTAATCC-1","doublet_uncertain","Oligo","L5 IT",FALSE,FALSE,2129.86397535033,2573.14448008461,TRUE,TRUE,0.604438753003208,0.395561246996792
"TATTCCACTCAGCTCG-1","doublet_certain","L6 IT","Astro",FALSE,FALSE,4365.62139721058,4921.21711571714,TRUE,TRUE,0.931607457185554,0.0683925428144462
"TATTCCGAGCTGTTAT-1","doublet_certain","L2-3 IT","Oligo",FALSE,FALSE,3995.96420091969,4689.64964911804,TRUE,TRUE,0.806674412929823,0.193325587070177
"TATTCCTCCGCCCACT-1","doublet_certain","L5 IT","Astro",FALSE,FALSE,3745.63375030906,4625.34666121408,TRUE,TRUE,0.78774071075001,0.21225928924999
"TATTCGTGCCAGAATA-1","doublet_certain","L6 IT","Oligo",FALSE,FALSE,4056.03761525481,4646.13118101389,TRUE,TRUE,0.902068737927618,0.0979312620723818
"TATTGCCGGGCTTGTA-1","doublet_certain","Sst","Oligo",FALSE,FALSE,5021.51995674726,5659.02896319058,TRUE,TRUE,0.871557777119994,0.128442222880006
"TATTTAGTCTAGATCG-1","doublet_certain","L5 IT","Astro",FALSE,FALSE,3541.80172283241,4655.41917759541,TRUE,TRUE,0.611599868964996,0.388400131035004
"TATTTATACCGAGTAG-1","doublet_certain","L2-3 IT","Astro",FALSE,FALSE,3193.72715188665,3799.96292323878,TRUE,TRUE,0.826291677179778,0.173708322820222
"TATTTGTTACCCTTTA-1","doublet_certain","L2-3 IT","Astro",FALSE,FALSE,3458.36390628735,4109.00838389915,TRUE,TRUE,0.863744808997534,0.136255191002466
"TCAAACAACCGCGTCG-1","doublet_certain","L5 IT","Astro",FALSE,FALSE,4091.1580401571,4766.56036378969,TRUE,TRUE,0.891645017004052,0.108354982995948
"TCAAACTTAGATTGTT-1","doublet_certain","L5 IT","Astro",FALSE,FALSE,4607.0438099195,5410.11407295804,TRUE,TRUE,0.874675732679856,0.125324267320144
"TCAAAGAGCTATCTGT-1","doublet_certain","Meis2","Astro",FALSE,FALSE,5098.77014969936,6232.05389734429,TRUE,TRUE,0.791765706379706,0.208234293620294
"TCAAATTGTTGTGCCG-1","doublet_certain","Sst","Astro",FALSE,FALSE,4358.40857135692,5157.7188410659,TRUE,TRUE,0.834110817782277,0.165889182217723
"TCAAATTTGAGACTCA-1","doublet_certain","L2-3 IT","Astro",FALSE,FALSE,5128.20096190024,6140.91777142541,TRUE,TRUE,0.817045755656853,0.182954244343147
"TCAACAAAGATAATTC-1","doublet_certain","L5 IT","Astro",FALSE,FALSE,4922.09810622879,6333.49311329586,TRUE,TRUE,0.683265168867911,0.316734831132089
"TCAACATAGCGCCCTA-1","doublet_certain","L5 IT","Astro",FALSE,FALSE,3981.65629053664,4622.67734184273,TRUE,TRUE,0.8880278502626,0.1119721497374
"TCAACATCGACCGAGA-1","doublet_certain","Sst","Astro",FALSE,FALSE,5449.15756216217,6161.26038072899,TRUE,TRUE,0.884951578793312,0.115048421206688
"TCAACCATGTTCGGGC-1","doublet_certain","L2-3 IT","Astro",FALSE,FALSE,3904.71811371706,4434.04191215222,TRUE,TRUE,0.914927771800784,0.0850722281992164
"TCAACGAGGAGACAAA-1","doublet_certain","L6 IT","Astro",FALSE,FALSE,4624.40289663769,5467.98674275805,TRUE,TRUE,0.867954590043726,0.132045409956274
"TCAACGCAGGAAATAA-1","doublet_certain","L5 IT","VLMC",FALSE,FALSE,5047.35449255015,6473.94419751673,TRUE,TRUE,0.755031809510956,0.244968190489044
"TCAACGCGACCGGCAG-1","doublet_certain","L2-3 IT","Astro",FALSE,FALSE,3760.0048421465,4662.29716940121,TRUE,TRUE,0.788423541907285,0.211576458092715
"TCAACTGCAGAGTCAG-1","doublet_certain","Oligo","Sst",FALSE,FALSE,2722.26060333689,3458.21389231043,TRUE,TRUE,0.513399914629325,0.486600085370675
"TCAAGAAATACTAGCT-1","doublet_certain","Oligo","L6 IT",FALSE,FALSE,2186.22653374911,2594.8872292877,TRUE,TRUE,0.650711441853363,0.349288558146637
"TCAAGCGCGGACGGTA-1","doublet_certain","Sst","Oligo",FALSE,FALSE,3220.80689220047,4216.94532143877,TRUE,TRUE,0.651192866924428,0.348807133075572
"TCAAGGTTACTACACC-1","doublet_certain","Oligo","Endo",FALSE,FALSE,2221.84461423333,2441.9033980649,TRUE,TRUE,0.918791119533091,0.0812088804669095
"TCAATACGCCGTCATG-1","doublet_certain","L5 IT","Astro",FALSE,FALSE,4197.31550875237,4786.48303754305,TRUE,TRUE,0.901064567937947,0.0989354320620534
"TCAATCCGGGAAGTTT-1","doublet_certain","L6 IT","Astro",FALSE,FALSE,4281.85426379036,5136.28765293251,TRUE,TRUE,0.832079639136031,0.167920360863969
"TCACAAACCGAGGTAC-1","doublet_certain","Sst","Oligo",FALSE,FALSE,5521.76947993011,6237.79128169539,TRUE,TRUE,0.889495445277712,0.110504554722288
"TCACAGCAAACTCGAA-1","doublet_certain","L2-3 IT","Astro",FALSE,FALSE,4521.18675030345,5164.190771608,TRUE,TRUE,0.912485173103473,0.0875148268965269
"TCACAGGAGAATAAGA-1","doublet_certain","L2-3 IT","Astro",FALSE,FALSE,5073.96357761291,5852.69081096916,TRUE,TRUE,0.900805587035201,0.0991944129647995
"TCACAGGGAATCGCAA-1","doublet_certain","L2-3 IT","Oligo",FALSE,FALSE,3911.35868252481,4565.49208587586,TRUE,TRUE,0.825572798124745,0.174427201875255
"TCACAGGTTATTGGGC-1","doublet_certain","L5 IT","Astro",FALSE,FALSE,4256.59568897956,4721.45221416845,TRUE,TRUE,0.936637074662039,0.0633629253379609
"TCACCCTCTTAAGATT-1","doublet_certain","L2-3 IT","Oligo",FALSE,FALSE,3994.07445926594,4685.62509933146,TRUE,TRUE,0.828311178515517,0.171688821484483
"TCACCGCTCGGCACTC-1","doublet_uncertain","Oligo","L5 IT",FALSE,FALSE,2857.7137286012,3602.77282782506,TRUE,TRUE,0.520752453821835,0.479247546178165
"TCACGATGTCCGTGGA-1","doublet_certain","Sst","Astro",FALSE,FALSE,4397.96077807865,5305.60187913509,TRUE,TRUE,0.811356904597475,0.188643095402525
"TCACGCATTGTAGATC-1","doublet_certain","L5 IT","Astro",FALSE,FALSE,4209.50590273172,4974.07884228138,TRUE,TRUE,0.883608230395859,0.116391769604141
"TCACGGTCATCGCACA-1","doublet_certain","L2-3 IT","Astro",FALSE,FALSE,4056.23219484276,5016.83151311935,TRUE,TRUE,0.781029831037923,0.218970168962077
"TCACGTGCCCGATTCA-1","doublet_uncertain","Oligo","L6 IT",FALSE,FALSE,3259.64919932487,4107.34219458177,TRUE,TRUE,0.638223845654628,0.361776154345372
"TCACTACGACCAATGC-1","doublet_certain","L2-3 IT","Astro",FALSE,FALSE,3773.00371852359,4628.24139687758,TRUE,TRUE,0.821072472571233,0.178927527428767
"TCACTATCCCTTCGGT-1","doublet_certain","L2-3 IT","Astro",FALSE,FALSE,4864.79512553569,5151.34479871234,TRUE,TRUE,0.969919505876973,0.0300804941230267
"TCACTCGTGCAACGGC-1","doublet_certain","L2-3 IT","Astro",FALSE,FALSE,3930.36180327578,4291.1739555393,TRUE,TRUE,0.938722034766386,0.0612779652336135
"TCAGAACCTCCACAGG-1","doublet_certain","L6 IT","VLMC",FALSE,FALSE,5097.35994419401,6681.02768411387,TRUE,TRUE,0.494114808632676,0.505885191367325
"TCAGACGCTATAGAAG-1","doublet_certain","L2-3 IT","Oligo",FALSE,FALSE,4508.81842785803,5390.07324268285,TRUE,TRUE,0.810805420777748,0.189194579222252
"TCAGCAAATGCATCTC-1","doublet_certain","L6 CT","Astro",FALSE,FALSE,4294.23561488263,4893.0506997212,TRUE,TRUE,0.922646041328122,0.0773539586718785
"TCAGCCAATCCGTAAA-1","doublet_certain","Sst","Oligo",FALSE,FALSE,5587.99308696855,6313.44742672183,TRUE,TRUE,0.890139036971169,0.109860963028831
"TCAGCTTGAGCTTTCG-1","doublet_certain","Meis2","Astro",FALSE,FALSE,4180.40851314781,5584.96324080864,TRUE,TRUE,0.556918643978669,0.443081356021331
"TCAGGGTGTAACGTAA-1","doublet_certain","L5 IT","Oligo",FALSE,FALSE,4361.46278901462,4920.75461631324,TRUE,TRUE,0.895972417983844,0.104027582016156
"TCAGGTTCTTTGAGAA-1","doublet_certain","L5 IT","Astro",FALSE,FALSE,4027.70394635624,4718.45340051377,TRUE,TRUE,0.888769317064376,0.111230682935624
"TCAGTACTGACCCGCG-1","doublet_certain","L2-3 IT","Astro",FALSE,FALSE,3386.67275458928,4480.5564565179,TRUE,TRUE,0.593259430696633,0.406740569303367
"TCAGTAGGGACTATAA-1","doublet_certain","L5 IT","Oligo",FALSE,FALSE,3798.63969975516,4482.8907029706,TRUE,TRUE,0.855524138613743,0.144475861386257
"TCAGTGTATACGTCAT-1","doublet_certain","Oligo","VLMC",FALSE,FALSE,3501.06122410676,4760.66228047038,TRUE,TRUE,0.607447584815085,0.392552415184915
"TCATATGAGCTTTGTT-1","doublet_certain","L5 IT","Astro",FALSE,FALSE,4481.44306120323,5033.96923856391,TRUE,TRUE,0.935398758607295,0.064601241392705
"TCATCCTCAGCTGCTT-1","doublet_certain","L5 IT","Astro",FALSE,FALSE,5098.64238766594,6107.38128526339,TRUE,TRUE,0.852317687433213,0.147682312566787
"TCATCGACGACCGTCG-1","doublet_certain","L5 IT","Astro",FALSE,FALSE,4271.4083938756,4879.83632575308,TRUE,TRUE,0.900586058712282,0.0994139412877183
"TCATCGATGGTCCCAA-1","doublet_certain","L5 IT","Astro",FALSE,FALSE,5177.30704825414,6372.35235576932,TRUE,TRUE,0.797352515756713,0.202647484243287
"TCATGCAGGTTCTCAT-1","doublet_certain","L2-3 IT","Astro",FALSE,FALSE,3965.53218879961,4660.38188364602,TRUE,TRUE,0.872140157158754,0.127859842841246
"TCATTTAAGTCTCCGA-1","doublet_certain","L2-3 IT","Astro",FALSE,FALSE,3646.55357924979,4207.55475627733,TRUE,TRUE,0.847952657132198,0.152047342867801
"TCATTTAGAAGTGTGA-1","doublet_certain","Oligo","Macrophage",FALSE,FALSE,638.147183674089,673.436498202059,TRUE,TRUE,0.93760768955498,0.0623923104450203
"TCCAACTCAGCTATCT-1","doublet_certain","Sst","Astro",FALSE,FALSE,4971.99284726681,5643.94504540109,TRUE,TRUE,0.897029419888975,0.102970580111026
"TCCAACTTTAAATTCT-1","doublet_certain","L5 IT","Astro",FALSE,FALSE,5338.11325315637,6036.57808540516,TRUE,TRUE,0.935431522463556,0.0645684775364444
"TCCAAGCCTAGACACA-1","doublet_certain","Sst","Astro",FALSE,FALSE,4107.35356609178,4838.16095946918,TRUE,TRUE,0.842087611047868,0.157912388952132
"TCCAATAAAGGCTACC-1","doublet_certain","L5 IT","Astro",FALSE,FALSE,3684.15750588319,4712.198943487,TRUE,TRUE,0.71131118236484,0.28868881763516
"TCCACAATGGTTTACG-1","doublet_certain","L2-3 IT","Astro",FALSE,FALSE,3553.96029649567,4277.52070171326,TRUE,TRUE,0.852905360269322,0.147094639730678
"TCCACATCGTATATTG-1","doublet_certain","L2-3 IT","Astro",FALSE,FALSE,3888.16770193663,4305.62893233436,TRUE,TRUE,0.921007117859292,0.0789928821407084
"TCCACCAAGACATAGG-1","doublet_certain","L2-3 IT","Astro",FALSE,FALSE,5117.37436961312,5771.75737900393,TRUE,TRUE,0.924020423099078,0.0759795769009226
"TCCACCTCTAGCCTTT-1","doublet_certain","L5 IT","Astro",FALSE,FALSE,4237.09563974501,4774.62897659711,TRUE,TRUE,0.923182286771698,0.076817713228302
"TCCACTTTATCTAGGT-1","doublet_certain","L5 IT","Astro",FALSE,FALSE,3629.21418952745,4312.04326273097,TRUE,TRUE,0.838603451217302,0.161396548782699
"TCCAGAGCACCGGTTC-1","doublet_certain","L2-3 IT","Astro",FALSE,FALSE,4259.08518753842,4963.90924595788,TRUE,TRUE,0.857923954096075,0.142076045903925
"TCCAGATGTACGCCAA-1","doublet_uncertain","Oligo","L6 IT",FALSE,FALSE,2119.79609623897,2454.28998968005,TRUE,TRUE,0.687806938635844,0.312193061364156
"TCCAGGCGAGTACGGT-1","doublet_certain","L5 IT","Astro",FALSE,FALSE,4482.47762050742,5082.55092711825,TRUE,TRUE,0.924622525634425,0.0753774743655744
"TCCAGGGTATATACGA-1","doublet_certain","L5 IT","Astro",FALSE,FALSE,4287.78997820485,5044.35946604373,TRUE,TRUE,0.866849037173245,0.133150962826755
"TCCATCAATACTAATC-1","doublet_certain","Sst","Astro",FALSE,FALSE,3695.37886686913,4544.46508139624,TRUE,TRUE,0.653024721174571,0.346975278825429
"TCCCAAACAGACAACG-1","doublet_certain","L5 IT","Oligo",FALSE,FALSE,4597.27432702756,5497.31863526914,TRUE,TRUE,0.856769018095441,0.143230981904559
"TCCCAAAGACGAAGGA-1","doublet_certain","L5 IT","Astro",FALSE,FALSE,4676.60745493902,5480.53796363247,TRUE,TRUE,0.894138175516564,0.105861824483436
"TCCCACTCTCTTCCGG-1","doublet_certain","L6 IT","Oligo",FALSE,FALSE,3022.11074051064,3772.8165106882,TRUE,TRUE,0.615437350987842,0.384562649012158
"TCCCAGCTTTAGTCTG-1","doublet_certain","L5 IT","Astro",FALSE,FALSE,4209.77503628229,4608.91329980396,TRUE,TRUE,0.947074946976579,0.0529250530234214
"TCCCAGGCTTAGCTAA-1","doublet_certain","L5 IT","Astro",FALSE,FALSE,4495.84054920154,5119.25420747884,TRUE,TRUE,0.926796640015726,0.0732033599842736
"TCCCGCGTACTCCTGG-1","doublet_certain","L5 IT","Astro",FALSE,FALSE,4010.26786775288,4577.84003201608,TRUE,TRUE,0.894844385264427,0.105155614735573
"TCCCGGGTGTGCTGCT-1","doublet_certain","L5 IT","Astro",FALSE,FALSE,4071.24695897247,4848.49079910141,TRUE,TRUE,0.880752154967448,0.119247845032552
"TCCCGTCAGTCCCGCA-1","doublet_certain","L5 IT","Astro",FALSE,FALSE,3962.83032966648,4443.48960550334,TRUE,TRUE,0.934701185640491,0.0652988143595092
"TCCCGTCGCGTCATAG-1","doublet_certain","L6 IT","Astro",FALSE,FALSE,3557.7354693253,4088.6305307243,TRUE,TRUE,0.884016748820823,0.115983251179177
"TCCCGTGTGCAATTTG-1","doublet_certain","L2-3 IT","Oligo",FALSE,FALSE,4205.36022840074,4722.54810191458,TRUE,TRUE,0.868091555362677,0.131908444637323
"TCCCTAGATCAATAGG-1","doublet_certain","L6 IT","Oligo",FALSE,FALSE,4358.76721384568,4753.22948766788,TRUE,TRUE,0.921082677237138,0.0789173227628616
"TCCCTGGCGTATTAAC-1","doublet_certain","Sst","Astro",FALSE,FALSE,4060.89562544363,4832.33167996974,TRUE,TRUE,0.783077846195768,0.216922153804232
"TCCCTGGCTCGCTGGA-1","doublet_certain","L2-3 IT","Astro",FALSE,FALSE,3509.66391671068,4037.71280293842,TRUE,TRUE,0.893186574664221,0.106813425335779
"TCCCTTAGATTACTCG-1","doublet_certain","L4","Astro",FALSE,FALSE,4172.01235950032,4880.96960705294,TRUE,TRUE,0.883486717964768,0.116513282035232
"TCCGAAGTAGTCACCA-1","doublet_certain","L2-3 IT","Astro",FALSE,FALSE,4357.60103904306,4927.72415526243,TRUE,TRUE,0.932484899720938,0.0675151002790624
"TCCGAATGGTCCTGAG-1","doublet_certain","L6 IT","Astro",FALSE,FALSE,3602.81495479088,4189.79709919808,TRUE,TRUE,0.870682175029503,0.129317824970497
"TCCGATAATTGCCATA-1","doublet_certain","L2-3 IT","Astro",FALSE,FALSE,2701.16078952554,3344.66954825056,TRUE,TRUE,0.770078144084941,0.229921855915059
"TCCGATGACTGAGCTC-1","doublet_certain","L5 IT","Astro",FALSE,FALSE,4579.44167228507,5150.87593301675,TRUE,TRUE,0.933214203145973,0.0667857968540267
"TCCGATGGTGCGACAT-1","doublet_uncertain","Astro","L4",FALSE,FALSE,3687.86884884152,7450.53911775706,TRUE,TRUE,0.112168285135899,0.887831714864102
"TCCGATTACATTGCCG-1","doublet_certain","L2-3 IT","Astro",FALSE,FALSE,3094.21336003166,3679.98806080239,TRUE,TRUE,0.863299572329389,0.136700427670611
"TCCGCCTGTCTACAAG-1","doublet_uncertain","L2-3 IT","Astro",FALSE,FALSE,4110.11739665399,4743.56028750154,TRUE,TRUE,0.85419279293809,0.14580720706191
"TCCGCGGCAGCATCTG-1","doublet_certain","L2-3 IT","Oligo",FALSE,FALSE,3967.84585626373,4734.31669618923,TRUE,TRUE,0.785337813745068,0.214662186254932
"TCCGCGGCCCAATGAA-1","doublet_certain","Oligo","Astro",FALSE,FALSE,2219.38666071574,2544.84588153854,TRUE,TRUE,0.715368393792384,0.284631606207616
"TCCGCTGTCATCCCGG-1","doublet_certain","L2-3 IT","Oligo",FALSE,FALSE,3740.13996535172,4365.5569556731,TRUE,TRUE,0.809626253503104,0.190373746496896
"TCCGCTTATCCCATTA-1","doublet_certain","L2-3 IT","Oligo",FALSE,FALSE,4112.79557873456,4770.48338130707,TRUE,TRUE,0.825927764594759,0.174072235405241
"TCCGGAGGAAGGGCTG-1","doublet_certain","L2-3 IT","Astro",FALSE,FALSE,4382.21530102008,4930.36845049869,TRUE,TRUE,0.929538705255511,0.0704612947444887
"TCCGGCCTAGCGTACA-1","doublet_uncertain","Oligo","L6 IT",FALSE,FALSE,1914.43597578283,2468.09294350025,TRUE,TRUE,0.419623505118152,0.580376494881848
"TCCGGGCTTGACGGGA-1","doublet_certain","Sst","Oligo",FALSE,FALSE,4775.49647213562,5413.58895427068,TRUE,TRUE,0.884404818252449,0.115595181747551
"TCCGGTTCGTCCGGTC-1","doublet_certain","L5 IT","Astro",FALSE,FALSE,4257.72205271007,4690.81252816317,TRUE,TRUE,0.944378721118804,0.055621278881196
"TCCGTTAAGCTAATAT-1","doublet_certain","Pvalb","Oligo",FALSE,FALSE,3013.00722390737,3803.64653813118,TRUE,TRUE,0.682159525146846,0.317840474853154
"TCCGTTTAGCCTTGAA-1","doublet_certain","L6 CT","Oligo",FALSE,FALSE,3394.07972839883,3799.04451415469,TRUE,TRUE,0.868055642030718,0.131944357969282
"TCCTAAAGATTCAGAC-1","doublet_certain","L2-3 IT","Astro",FALSE,FALSE,5620.31810538818,6490.8388533515,TRUE,TRUE,0.888154798209157,0.111845201790843
"TCCTAAATTGGGAAGC-1","doublet_certain","L2-3 IT","Astro",FALSE,FALSE,4544.18867553806,5369.78788604814,TRUE,TRUE,0.855532251255022,0.144467748744978
"TCCTAACCGTCGGGCA-1","doublet_certain","Oligo","L5 IT",FALSE,FALSE,1882.42011466758,2029.96269113872,TRUE,TRUE,0.79872040284458,0.20127959715542
"TCCTACATCCACGGCC-1","doublet_certain","L2-3 IT","Oligo",FALSE,FALSE,4105.79999652584,4868.01607922105,TRUE,TRUE,0.790447303872298,0.209552696127702
"TCCTAGCAAAGAAGCT-1","doublet_certain","L5 IT","Astro",FALSE,FALSE,4976.82220326881,5682.12702431651,TRUE,TRUE,0.925263240813794,0.0747367591862065
"TCCTCCTAAGACATTC-1","doublet_certain","L6 IT","Astro",FALSE,FALSE,4866.26043916176,6151.08556661776,TRUE,TRUE,0.715810973963719,0.284189026036281
"TCCTCGGGCTGGGCTT-1","doublet_certain","L2-3 IT","Oligo",FALSE,FALSE,2790.35179064368,3339.07811301131,TRUE,TRUE,0.743826700978091,0.256173299021909
"TCCTCTACGAGATGGC-1","doublet_uncertain","VLMC","L2-3 IT",FALSE,FALSE,2196.96653878269,3102.45184347194,TRUE,TRUE,0.381811296416124,0.618188703583876
"TCCTGCCAACTGGAGA-1","doublet_certain","L6 IT","Astro",FALSE,FALSE,2686.76996193247,3320.65818284629,TRUE,TRUE,0.651887830977711,0.348112169022289
"TCCTGCGTTGATACTC-1","doublet_certain","L5 IT","Astro",FALSE,FALSE,4055.32954555623,4820.85190468498,TRUE,TRUE,0.883370185939719,0.116629814060281
"TCCTGGCGCTGCCTGG-1","doublet_certain","L2-3 IT","Astro",FALSE,FALSE,4540.65120928426,5081.95323348187,TRUE,TRUE,0.92909511772878,0.07090488227122
"TCCTTACGACGGTCCG-1","doublet_certain","Oligo","L5 IT",FALSE,FALSE,2467.86764420365,3073.853428865,TRUE,TRUE,0.484965327909736,0.515034672090264
"TCCTTCAATCCCTACG-1","doublet_certain","Sst","Astro",FALSE,FALSE,4268.36415003786,5306.88959802985,TRUE,TRUE,0.744611656506063,0.255388343493937
"TCCTTGTCCTTTAATT-1","doublet_certain","L2-3 IT","Astro",FALSE,FALSE,5274.11779060054,5920.51782787824,TRUE,TRUE,0.912256812479558,0.0877431875204419
"TCCTTTAAATCCGCTT-1","doublet_certain","L2-3 IT","Oligo",FALSE,FALSE,4250.30400454853,5298.56098726922,TRUE,TRUE,0.700211347361674,0.299788652638326
"TCCTTTCTTACGCTTA-1","doublet_certain","L5 IT","Astro",FALSE,FALSE,4281.37295652598,4868.24492346661,TRUE,TRUE,0.914503878888082,0.0854961211119181
"TCGAAATTTAGGACCA-1","doublet_certain","L5 IT","Astro",FALSE,FALSE,4525.976525234,5087.656785044,TRUE,TRUE,0.93042452951584,0.06957547048416
"TCGAAGAACCGAGCAC-1","doublet_certain","Oligo","Pvalb",FALSE,FALSE,2770.8496733026,3245.86871643554,TRUE,TRUE,0.613010514894144,0.386989485105855
"TCGAATATCCCGCAGG-1","doublet_certain","VLMC","L6 IT",FALSE,FALSE,4175.74403294716,5020.05763947791,TRUE,TRUE,0.748934306558031,0.251065693441969
"TCGACAACTGAACCCG-1","doublet_certain","Vip","Astro",FALSE,FALSE,4809.7984256368,5923.92570267008,TRUE,TRUE,0.700963664583716,0.299036335416284
"TCGAGACCAACACCGT-1","doublet_certain","L6 IT","Oligo",FALSE,FALSE,4433.91536441363,5135.40094765628,TRUE,TRUE,0.881684969008914,0.118315030991086
"TCGAGTCTACGATTCG-1","doublet_certain","Meis2","Astro",FALSE,FALSE,2055.15169189137,2276.39431062438,TRUE,TRUE,0.849420644241122,0.150579355758878
"TCGCAAAGATGCATTT-1","doublet_uncertain","Oligo","L2-3 IT",FALSE,FALSE,3764.04255905648,5862.59541379331,TRUE,TRUE,0.256817769408052,0.743182230591948
"TCGCACCAGGAGGCAG-1","doublet_certain","L2-3 IT","Astro",FALSE,FALSE,3799.54585781026,4472.48409939649,TRUE,TRUE,0.830860682743741,0.169139317256259
"TCGCATAAAGGGCGCA-1","doublet_certain","Sst","Astro",FALSE,FALSE,5074.06470363906,5738.04775824066,TRUE,TRUE,0.912470640428274,0.087529359571726
"TCGCCGAAGTTGCGTC-1","doublet_certain","L5 IT","Astro",FALSE,FALSE,3991.88959696216,4633.27540530009,TRUE,TRUE,0.897862944853688,0.102137055146312
"TCGCCGACATATTCGC-1","doublet_certain","Sst","Astro",FALSE,FALSE,4309.80460611816,5280.42695613837,TRUE,TRUE,0.828372679545732,0.171627320454268
"TCGCCGCACCGCGTGA-1","doublet_certain","Meis2","Astro",FALSE,FALSE,5125.28494487776,5824.49909229403,TRUE,TRUE,0.903569205773461,0.0964307942265394
"TCGCCGGTCGATCCGT-1","doublet_certain","L2-3 IT","Astro",FALSE,FALSE,3862.62207903424,4616.75000738167,TRUE,TRUE,0.84268921806665,0.15731078193335
"TCGCGTAGCAGTGTCC-1","doublet_uncertain","Pvalb","Oligo",FALSE,FALSE,375.518053056025,440.731173452725,TRUE,TRUE,0.635624012202204,0.364375987797796
"TCGCGTCCAGAAGGTC-1","doublet_certain","L2-3 IT","Astro",FALSE,FALSE,3215.75298061885,3731.41493470025,TRUE,TRUE,0.889816922229458,0.110183077770542
"TCGCTAAACCGCTATC-1","doublet_certain","L5 IT","Astro",FALSE,FALSE,4090.06678432841,4838.08356640903,TRUE,TRUE,0.883319027556492,0.116680972443508
"TCGCTACTGGCTTTGA-1","doublet_certain","Sst","Astro",FALSE,FALSE,3700.95621668938,4336.72311260951,TRUE,TRUE,0.84533022105927,0.15466977894073
"TCGCTCGATATATTCC-1","doublet_certain","L5 IT","Astro",FALSE,FALSE,3718.56448152309,4397.41856887924,TRUE,TRUE,0.889930398233398,0.110069601766602
"TCGCTCGGCACCAGCG-1","doublet_certain","L6 CT","Oligo",FALSE,FALSE,2924.17533485272,3449.73098880105,TRUE,TRUE,0.841047293636774,0.158952706363226
"TCGCTGCCAATGCTGT-1","doublet_certain","L2-3 IT","Astro",FALSE,FALSE,4931.9377394124,5790.64531849596,TRUE,TRUE,0.865251503116647,0.134748496883353
"TCGCTGGGCGGATTGT-1","doublet_certain","L5 IT","Astro",FALSE,FALSE,3849.1902463318,4456.35960600116,TRUE,TRUE,0.905996003919222,0.0940039960807783
"TCGCTTTAAACGTTTG-1","doublet_certain","L5 IT","Astro",FALSE,FALSE,4003.61606017272,4504.06087148717,TRUE,TRUE,0.925529650840417,0.0744703491595832
"TCGGAATGCGCTCTGA-1","doublet_certain","L2-3 IT","Astro",FALSE,FALSE,2467.99069490698,3128.82584990202,TRUE,TRUE,0.712367778883369,0.287632221116631
"TCGGACGCCCAGCCCA-1","doublet_uncertain","Oligo","L6 IT",FALSE,FALSE,2863.0190914862,3599.64425908201,TRUE,TRUE,0.574186288474509,0.425813711525491
"TCGGAGAGTATCGGGA-1","doublet_certain","L6 IT","Astro",FALSE,FALSE,3965.63953280158,4859.71536761866,TRUE,TRUE,0.716972843712197,0.283027156287802
"TCGGAGTACATGAGTA-1","doublet_certain","L5 IT","Oligo",FALSE,FALSE,4034.26175436371,4698.51103246141,TRUE,TRUE,0.860160463413692,0.139839536586308
"TCGGCGAACCCAAACC-1","doublet_uncertain","Oligo","Endo",FALSE,FALSE,2823.04720761987,3108.94105807785,TRUE,TRUE,0.91716542425506,0.0828345757449401
"TCGGCGTACTGCACAA-1","doublet_certain","Meis2","Oligo",FALSE,FALSE,4536.72872035981,5761.00396901876,TRUE,TRUE,0.640129599948159,0.359870400051841
"TCGGCTTGTATCGACG-1","doublet_certain","Oligo","Pvalb",FALSE,FALSE,3810.55307139972,4984.59805870211,TRUE,TRUE,0.452421634852574,0.547578365147426
"TCGGGAACGTGCCTAG-1","doublet_certain","L6 IT","Oligo",FALSE,FALSE,4155.34283214405,4846.41829337008,TRUE,TRUE,0.83392198848281,0.16607801151719
"TCGGGAGACAGCGTAC-1","doublet_certain","L2-3 IT","Astro",FALSE,FALSE,4422.10213187726,5071.86666425568,TRUE,TRUE,0.883064380559033,0.116935619440967
"TCGGGCCGTCGTGGTA-1","doublet_certain","L2-3 IT","Oligo",FALSE,FALSE,2970.30518548167,3509.66876761794,TRUE,TRUE,0.776563302319276,0.223436697680724
"TCGGTCCCGACAATAG-1","doublet_certain","L5 IT","Astro",FALSE,FALSE,4772.39697644067,6207.22512845808,TRUE,TRUE,0.697612296541291,0.302387703458709
"TCGGTGACCGCTCCGG-1","doublet_certain","L4","Astro",FALSE,FALSE,3598.20636065061,4096.80440956068,TRUE,TRUE,0.897519853066603,0.102480146933397
"TCGTAAGACGACATTG-1","doublet_certain","L5 IT","Astro",FALSE,FALSE,3904.75896593836,4253.11594536985,TRUE,TRUE,0.944645172311311,0.055354827688689
"TCGTAAGCTCCGAGGA-1","doublet_certain","L4","Astro",FALSE,FALSE,4559.77422555521,5398.74732927818,TRUE,TRUE,0.876770026365152,0.123229973634848
"TCGTACCGACGTCAAG-1","doublet_certain","L5 IT","Astro",FALSE,FALSE,4014.64384708136,5396.11859527484,TRUE,TRUE,0.606458834635272,0.393541165364728
"TCGTATTACCCATTGC-1","doublet_certain","L2-3 IT","Astro",FALSE,FALSE,3755.73203000924,4419.0394518479,TRUE,TRUE,0.884290539054492,0.115709460945508
"TCGTCAAGTACGCGCA-1","doublet_certain","L5 IT","Astro",FALSE,FALSE,3073.57402199942,3831.432983766,TRUE,TRUE,0.737820029271845,0.262179970728155
"TCGTCTTAGGCGTTAA-1","doublet_certain","L2-3 IT","Astro",FALSE,FALSE,3790.18610621066,4588.81988220363,TRUE,TRUE,0.804957624731765,0.195042375268235
"TCGTGTACTATGGATG-1","doublet_uncertain","Astro","L6 IT",FALSE,FALSE,428.032764932338,643.585156010539,TRUE,TRUE,0.132661095341136,0.867338904658864
"TCGTGTCACGCTGACA-1","doublet_certain","Meis2","VLMC",FALSE,FALSE,1477.54672491174,1727.24990142818,TRUE,TRUE,0.738976432408072,0.261023567591928
"TCGTGTTCGACCACAA-1","doublet_certain","Sst","Oligo",FALSE,FALSE,1751.594861198,2139.60390970089,TRUE,TRUE,0.682916203259252,0.317083796740748
"TCGTTAGGAGTCCCTA-1","doublet_certain","L5 IT","Astro",FALSE,FALSE,4723.01933745261,5226.68524975373,TRUE,TRUE,0.937877834221864,0.0621221657781358
"TCGTTGCTATCCGGTC-1","doublet_certain","L2-3 IT","Astro",FALSE,FALSE,3757.71300885784,4107.60779927311,TRUE,TRUE,0.931805777309022,0.0681942226909778
"TCGTTTACGCGACCCT-1","doublet_uncertain","L2-3 IT","Sncg",FALSE,FALSE,5158.38202712025,5626.51112312755,TRUE,TRUE,0.754470103886835,0.245529896113165
"TCTAAAGAACAGTCTC-1","doublet_certain","Meis2","Astro",FALSE,FALSE,5836.64463661204,6828.31863879489,TRUE,TRUE,0.892817636385543,0.107182363614457
"TCTAACCTAGCCTGCG-1","doublet_certain","L2-3 IT","Astro",FALSE,FALSE,4597.47087124703,5419.37832314884,TRUE,TRUE,0.883904981712912,0.116095018287088
"TCTAATACTGCCTCAG-1","doublet_certain","L5 IT","Astro",FALSE,FALSE,5439.88941064847,6139.60854051617,TRUE,TRUE,0.897648030346844,0.102351969653156
"TCTACCCAATAGAGAG-1","doublet_certain","Oligo","L5 IT",FALSE,FALSE,1467.36706642391,1638.81203818702,TRUE,TRUE,0.656750719694139,0.343249280305861
"TCTACCCGCATCATTT-1","doublet_certain","L6 IT","Astro",FALSE,FALSE,3992.23542502959,4873.02912948081,TRUE,TRUE,0.809944237283475,0.190055762716525
"TCTACCGTCCACAAGC-1","doublet_certain","L5 IT","Astro",FALSE,FALSE,4101.80251530964,4749.96228142839,TRUE,TRUE,0.906099488996281,0.0939005110037186
"TCTAGCAATCTCCGCC-1","doublet_certain","L2-3 IT","Astro",FALSE,FALSE,3940.42041847708,4501.78712563033,TRUE,TRUE,0.898595765727939,0.101404234272061
"TCTAGCATCTTCGATG-1","doublet_certain","L6 IT","Astro",FALSE,FALSE,2539.52308963322,3170.6971673482,TRUE,TRUE,0.78400923669066,0.21599076330934
"TCTAGCATGCCCAGAA-1","doublet_certain","L2-3 IT","Astro",FALSE,FALSE,4535.7489250347,5169.00179450884,TRUE,TRUE,0.903532354595131,0.0964676454048691
"TCTAGGTGGCGACGCT-1","doublet_uncertain","Oligo","L6 CT",FALSE,FALSE,1763.04090059981,1950.14767004692,TRUE,TRUE,0.746092876728269,0.253907123271731
"TCTAGTGATATCGTGG-1","doublet_certain","Oligo","Astro",FALSE,FALSE,2133.79487483756,2289.50029162834,TRUE,TRUE,0.862402812426167,0.137597187573833
"TCTAGTTATCAGAAGA-1","doublet_certain","L5 IT","Oligo",FALSE,FALSE,4431.59623651123,4938.76659203413,TRUE,TRUE,0.923083311381619,0.0769166886183808
"TCTATAGGTGGGTAAT-1","doublet_certain","Sst","Astro",FALSE,FALSE,4605.82171292493,5181.03046070701,TRUE,TRUE,0.901965921271974,0.098034078728026
"TCTATCGGTCGCAACA-1","doublet_uncertain","Astro","L2-3 IT",FALSE,FALSE,4188.63918915828,8828.17309876681,TRUE,TRUE,0.0944254667103919,0.905574533289608
"TCTATGCTATAACGAC-1","doublet_certain","Sst","Oligo",FALSE,FALSE,5023.32135570006,5727.39285006442,TRUE,TRUE,0.882169824641956,0.117830175358044
"TCTATTACTAGAGGAT-1","doublet_certain","L5 IT","Astro",FALSE,FALSE,4522.73623442208,5394.57392604821,TRUE,TRUE,0.820773371840876,0.179226628159124
"TCTCAAATCAATCGGG-1","doublet_certain","L5 IT","Astro",FALSE,FALSE,4944.93637507823,6182.76310404513,TRUE,TRUE,0.813610486194145,0.186389513805855
"TCTCATGAGATAGGGT-1","doublet_certain","L2-3 IT","Oligo",FALSE,FALSE,4136.02514792339,4902.85730286792,TRUE,TRUE,0.801062461404368,0.198937538595632
"TCTCCAACGTAGGTTA-1","doublet_certain","L5 IT","Astro",FALSE,FALSE,3793.96582433113,4297.71135780986,TRUE,TRUE,0.916879940734037,0.083120059265963
"TCTCCACAAGTTGAAT-1","doublet_certain","L2-3 IT","Oligo",FALSE,FALSE,5004.22622993895,5807.47628697584,TRUE,TRUE,0.827155543241073,0.172844456758927
"TCTCCCTGGGCAGCGT-1","doublet_certain","L2-3 IT","Astro",FALSE,FALSE,4674.41549829059,5481.86350342619,TRUE,TRUE,0.855662661969695,0.144337338030305
"TCTCGAACGAGGTCAC-1","doublet_certain","L6 IT","Astro",FALSE,FALSE,3134.40358985362,3910.67821776354,TRUE,TRUE,0.753573555803607,0.246426444196393
"TCTCGACGTATCGCCG-1","doublet_certain","Pvalb","Oligo",FALSE,FALSE,2207.83407665014,2803.69016052489,TRUE,TRUE,0.64479633045002,0.35520366954998
"TCTCGAGGAGGTTCGC-1","doublet_certain","Oligo","Endo",FALSE,FALSE,1681.28169605636,1736.80676587482,TRUE,TRUE,0.965416282017597,0.0345837179824026
"TCTCGTGTTACGAGGA-1","doublet_certain","Meis2","Oligo",FALSE,FALSE,4733.45089661657,5349.81554972537,TRUE,TRUE,0.898757559597216,0.101242440402784
"TCTCTAATAGCTGGTA-1","doublet_uncertain","Astro","L2-3 IT",FALSE,FALSE,3108.7348804543,5000.07676133059,TRUE,TRUE,0.259071158194713,0.740928841805287
"TCTGAACTCGTACCCG-1","doublet_certain","L2-3 IT","Oligo",FALSE,FALSE,3852.26135704784,4843.5276014927,TRUE,TRUE,0.667383286973935,0.332616713026065
"TCTGAAGCACGTGGTC-1","doublet_certain","L2-3 IT","Astro",FALSE,FALSE,4617.91920477082,5161.72121800197,TRUE,TRUE,0.914367584295294,0.0856324157047057
"TCTGAATTCCGTACAA-1","doublet_certain","L2-3 IT","Oligo",FALSE,FALSE,4305.62270995565,5175.94669142681,TRUE,TRUE,0.775696106869238,0.224303893130762
"TCTGAGCAATTGACTG-1","doublet_certain","Oligo","Astro",FALSE,FALSE,1130.86400541541,1269.16912349756,TRUE,TRUE,0.737239454023358,0.262760545976642
"TCTGATGTATTCTGTC-1","doublet_certain","L2-3 IT","Astro",FALSE,FALSE,3667.90230048508,4252.24136751145,TRUE,TRUE,0.850706435627917,0.149293564372083
"TCTGCATACCTTGCTT-1","doublet_certain","Sst","Astro",FALSE,FALSE,3978.98987085987,4674.06250977554,TRUE,TRUE,0.846775182978364,0.153224817021636
"TCTGCCAGAAACTGCA-1","doublet_certain","L2-3 IT","Astro",FALSE,FALSE,4907.94301969375,5608.08254481249,TRUE,TRUE,0.885522315117892,0.114477684882108
"TCTGGGAACCTTTGAA-1","doublet_certain","L2-3 IT","Oligo",FALSE,FALSE,3515.4774573072,4457.6713652403,TRUE,TRUE,0.672235005237724,0.327764994762276
"TCTGGGTAGCGCTCAT-1","doublet_certain","L5 IT","Astro",FALSE,FALSE,3910.97746010931,4524.6537810127,TRUE,TRUE,0.895570167278856,0.104429832721144
"TCTGTGCCATCATAGT-1","doublet_uncertain","Oligo","L5 IT",FALSE,FALSE,2683.706590918,3274.73821390879,TRUE,TRUE,0.620830344467049,0.379169655532951
"TCTGTTACCCAGCATA-1","doublet_certain","L5 IT","Astro",FALSE,FALSE,3290.13870833241,4108.71068204,TRUE,TRUE,0.725771335370814,0.274228664629186
"TCTTACCGGAACTCGT-1","doublet_certain","L5 IT","Astro",FALSE,FALSE,3918.39270706445,4536.52427255418,TRUE,TRUE,0.901520104719848,0.0984798952801517
"TCTTACTTATGCCTCT-1","doublet_certain","L2-3 IT","Oligo",FALSE,FALSE,2586.51241815663,3377.77870887071,TRUE,TRUE,0.603100457687887,0.396899542312113
"TCTTAGAGCTCCAATT-1","doublet_certain","Oligo","VLMC",FALSE,FALSE,2833.91975266835,3274.10961302336,TRUE,TRUE,0.812412153587052,0.187587846412948
"TCTTAGAGTGAACTCT-1","doublet_uncertain","Oligo","L5 IT",FALSE,FALSE,3456.39689343146,5015.93200310366,TRUE,TRUE,0.371408133355732,0.628591866644268
"TCTTCCCATGGGCACA-1","doublet_certain","L2-3 IT","Oligo",FALSE,FALSE,4179.77837259892,5214.75407060732,TRUE,TRUE,0.694894799611545,0.305105200388455
"TCTTCGAATAGACGTT-1","doublet_certain","L2-3 IT","Oligo",FALSE,FALSE,3189.66265880675,4067.26245028851,TRUE,TRUE,0.641522053532716,0.358477946467284
"TCTTCGATACCAATAA-1","doublet_certain","L5 IT","Oligo",FALSE,FALSE,5013.36089507887,5883.76824101655,TRUE,TRUE,0.880572757050733,0.119427242949267
"TCTTCTATAACCCGCC-1","doublet_certain","Oligo","Pvalb",FALSE,FALSE,2163.2207767803,2855.00190402812,TRUE,TRUE,0.399888715341801,0.600111284658199
"TCTTGATGCGTAGCGA-1","doublet_certain","L6 IT","Oligo",FALSE,FALSE,4582.55023977874,5620.56053349669,TRUE,TRUE,0.80135166791857,0.19864833208143
"TCTTGCTCCCGATACT-1","doublet_certain","L5 IT","Astro",FALSE,FALSE,4344.27435862077,5155.34646867739,TRUE,TRUE,0.872228566338422,0.127771433661578
"TCTTGGTAACACCAAA-1","doublet_certain","L2-3 IT","Astro",FALSE,FALSE,4292.50934756604,4866.02357535107,TRUE,TRUE,0.923829796662097,0.0761702033379026
"TCTTTAAGACTATGAA-1","doublet_uncertain","Oligo","L2-3 IT",FALSE,FALSE,3834.69496250555,5902.11469018964,TRUE,TRUE,0.250048599775498,0.749951400224502
"TCTTTAGAGTCTAACA-1","doublet_certain","Pvalb","Oligo",FALSE,FALSE,3039.91006794935,3618.14568449809,TRUE,TRUE,0.766021015513915,0.233978984486085
"TGAAAGGACCTGACTC-1","doublet_certain","L2-3 IT","Astro",FALSE,FALSE,5367.53515440301,6156.66771985103,TRUE,TRUE,0.890522256393428,0.109477743606572
"TGAACTGCTATGACTT-1","doublet_uncertain","VLMC","Serpinf1",FALSE,FALSE,4167.06971633184,6261.05274050153,TRUE,TRUE,0.313081359140288,0.686918640859712
"TGAATACCGACGCGTA-1","doublet_certain","Sst","Astro",FALSE,FALSE,4579.73520393484,5361.78804049225,TRUE,TRUE,0.862874592153407,0.137125407846593
"TGAATATGCTATAAAC-1","doublet_certain","L5 IT","Astro",FALSE,FALSE,5532.79822992315,6389.37865116262,TRUE,TRUE,0.925782527491331,0.0742174725086693
"TGAATGTCAGCCGGCC-1","doublet_certain","Pvalb","Oligo",FALSE,FALSE,3489.56528461963,4237.89255824261,TRUE,TRUE,0.756842882988729,0.243157117011271
"TGAATTTCACTTGCCT-1","doublet_certain","L5 IT","Astro",FALSE,FALSE,5151.95161705969,5926.39752922476,TRUE,TRUE,0.873797423790807,0.126202576209193
"TGACACTTCTCTTTGC-1","doublet_certain","L4","Astro",FALSE,FALSE,3800.57590363622,4348.2067888606,TRUE,TRUE,0.911816618460547,0.0881833815394526
"TGACAGGACAAGTCCA-1","doublet_certain","Meis2","Astro",FALSE,FALSE,3537.25147552282,4223.35561780167,TRUE,TRUE,0.786657702776399,0.213342297223601
"TGACATATATGACGAT-1","doublet_certain","VLMC","Serpinf1",FALSE,FALSE,3307.21693394963,4239.63787746041,TRUE,TRUE,0.616991495676308,0.383008504323692
"TGACATCGAGCGGACC-1","doublet_certain","L2-3 IT","Astro",FALSE,FALSE,4717.55088185732,5549.04683112683,TRUE,TRUE,0.845676562881315,0.154323437118685
"TGACATGTAACGTGAC-1","doublet_certain","L2-3 IT","Astro",FALSE,FALSE,5489.69956055835,5993.74603879775,TRUE,TRUE,0.946779009879027,0.0532209901209727
"TGACCAAATCTTAAAC-1","doublet_certain","L5 IT","Astro",FALSE,FALSE,5296.96089253997,6221.99108635047,TRUE,TRUE,0.898169732540571,0.101830267459429
"TGACCCACGTTAGACA-1","doublet_certain","L5 IT","Astro",FALSE,FALSE,4591.68596182807,5258.39330854671,TRUE,TRUE,0.920508148643805,0.079491851356195
"TGACGAATATTTCCCT-1","doublet_certain","Meis2","Astro",FALSE,FALSE,3427.32951193702,4094.31043443458,TRUE,TRUE,0.751112798234277,0.248887201765723
"TGACGATGCACTAGAA-1","doublet_certain","L2-3 IT","Oligo",FALSE,FALSE,4579.48014603442,5468.50049864099,TRUE,TRUE,0.795551550001893,0.204448449998107
"TGACTATAATCCTTTC-1","doublet_certain","L2-3 IT","Oligo",FALSE,FALSE,4018.70920725502,4755.96657033473,TRUE,TRUE,0.78144114508728,0.21855885491272
"TGACTCCGAATCATAC-1","doublet_uncertain","Astro","L6 IT",FALSE,FALSE,4064.01560926333,5555.82558654178,TRUE,TRUE,0.426900114828261,0.573099885171739
"TGAGACGTACCTCTCA-1","doublet_certain","Vip","Astro",FALSE,FALSE,4253.14507831513,5096.76535314483,TRUE,TRUE,0.723302060247967,0.276697939752033
"TGAGAGATTTACCACG-1","doublet_certain","L2-3 IT","Oligo",FALSE,FALSE,4075.94964736248,4637.75155323536,TRUE,TRUE,0.870024487446913,0.129975512553087
"TGAGATTAGGCCCTAA-1","doublet_certain","L4","Astro",FALSE,FALSE,4744.5378741777,5464.70993549179,TRUE,TRUE,0.895253781275652,0.104746218724348
"TGAGCCATACAGTCTC-1","doublet_certain","L5 IT","Astro",FALSE,FALSE,4567.98631181806,5187.58608727827,TRUE,TRUE,0.913472806622557,0.0865271933774428
"TGAGCGGAAAGTGTTC-1","doublet_certain","L2-3 IT","Astro",FALSE,FALSE,4603.1484644234,5320.7556039173,TRUE,TRUE,0.883200169279518,0.116799830720482
"TGAGCTTTAATGACGC-1","doublet_certain","L4","Astro",FALSE,FALSE,4106.02965898719,4799.24811957563,TRUE,TRUE,0.872696365147612,0.127303634852388
"TGAGGAGTGCCAGCTT-1","doublet_certain","L6 IT","Oligo",FALSE,FALSE,4493.50441001284,5121.68418890766,TRUE,TRUE,0.884883640041419,0.115116359958581
"TGAGGCATGTACTGTG-1","doublet_certain","L5 IT","Astro",FALSE,FALSE,3653.91491199622,4617.33006126683,TRUE,TRUE,0.744559685681907,0.255440314318093
"TGAGTAAATTAGCGTA-1","doublet_certain","L6 IT","Oligo",FALSE,FALSE,4238.45889557358,5125.18040988574,TRUE,TRUE,0.81090410147721,0.18909589852279
"TGAGTGCCTCTTAAAT-1","doublet_certain","L5 IT","Astro",FALSE,FALSE,4449.22876023739,5190.39259251385,TRUE,TRUE,0.889229935538833,0.110770064461167
"TGAGTGGTCCGTGACG-1","doublet_certain","L6 CT","Oligo",FALSE,FALSE,3553.49312027422,4216.46187358431,TRUE,TRUE,0.836443994789178,0.163556005210822
"TGAGTGTAACAACGGG-1","doublet_certain","L2-3 IT","Astro",FALSE,FALSE,5440.41329948721,6350.14263852594,TRUE,TRUE,0.909952209493432,0.0900477905065682
"TGAGTTAAAGACATTC-1","doublet_certain","Pvalb","Oligo",FALSE,FALSE,2595.90055284191,3416.68380915909,TRUE,TRUE,0.649497237012105,0.350502762987895
"TGATACATTTAGCCGT-1","doublet_certain","L6 IT","Astro",FALSE,FALSE,4662.97922907842,5114.56612894528,TRUE,TRUE,0.951934508730656,0.0480654912693438
"TGATCAGGGAACTGCT-1","doublet_certain","L6 IT","Astro",FALSE,FALSE,3806.40511058263,4600.39406363913,TRUE,TRUE,0.793380034342275,0.206619965657725
"TGATCCCAGCATTAGT-1","doublet_certain","Oligo","L5 IT",FALSE,FALSE,1886.3638119901,2114.26075882286,TRUE,TRUE,0.732511378340291,0.267488621659709
"TGATCGGTTTGACCCT-1","doublet_certain","L5 IT","Astro",FALSE,FALSE,3463.21982261719,4121.44671343614,TRUE,TRUE,0.875677280244172,0.124322719755828
"TGATCTACGCTGATCT-1","doublet_certain","L4","Astro",FALSE,FALSE,3943.09561352566,4611.7957350736,TRUE,TRUE,0.888461416344734,0.111538583655266
"TGATCTATCACACTCT-1","doublet_certain","L2-3 IT","Astro",FALSE,FALSE,4512.03219684726,5444.4557943529,TRUE,TRUE,0.832996139233784,0.167003860766216
"TGATCTCCGGCGCCAG-1","doublet_certain","L5 IT","Astro",FALSE,FALSE,3945.84286144609,4490.01642889841,TRUE,TRUE,0.921538921246874,0.0784610787531262
"TGATGGCTGTTTCTGA-1","doublet_certain","L6 IT","Astro",FALSE,FALSE,3693.21960534194,4242.27204110111,TRUE,TRUE,0.878521397951493,0.121478602048507
"TGATGTCAATTAAGTG-1","doublet_certain","Sst","Oligo",FALSE,FALSE,4036.43946600129,4724.76813904023,TRUE,TRUE,0.819196042040127,0.180803957959873
"TGATTATGGCACGCAG-1","doublet_certain","L2-3 IT","Astro",FALSE,FALSE,3995.18595340845,4550.05606404781,TRUE,TRUE,0.919568250272668,0.0804317497273317
"TGATTCAGGTCCCGCG-1","doublet_certain","Meis2","Astro",FALSE,FALSE,5542.31225671821,6863.44864286208,TRUE,TRUE,0.706476316774632,0.293523683225368
"TGATTCCCGGTTACCT-1","doublet_uncertain","VLMC","L5 IT",FALSE,FALSE,1922.37073330606,2299.60902300668,TRUE,TRUE,0.617269593490625,0.382730406509375
"TGATTCGTCTATCACT-1","doublet_certain","L5 IT","Astro",FALSE,FALSE,3722.33496233402,4262.71611343242,TRUE,TRUE,0.89522042737259,0.10477957262741
"TGATTCTGTCGCCGGT-1","doublet_certain","L5 IT","Astro",FALSE,FALSE,4618.08835334096,5295.08168859321,TRUE,TRUE,0.916273691526088,0.0837263084739125
"TGATTTATTAGCTGTG-1","doublet_certain","L5 IT","Astro",FALSE,FALSE,4043.58661807847,4695.03260400529,TRUE,TRUE,0.890642440556478,0.109357559443522
"TGCAACCCATCTGCGG-1","doublet_certain","L2-3 IT","Oligo",FALSE,FALSE,5286.04010266092,6078.99386378232,TRUE,TRUE,0.852819028628294,0.147180971371706
"TGCAACTACTGGTTGA-1","doublet_certain","L2-3 IT","Astro",FALSE,FALSE,5344.51562059908,5946.3435872161,TRUE,TRUE,0.941451330112181,0.0585486698878196
"TGCAAGAATGACGTAA-1","doublet_certain","L5 IT","Astro",FALSE,FALSE,4766.28644205653,5535.15725945652,TRUE,TRUE,0.90922436394719,0.0907756360528098
"TGCAATCTAACACGGT-1","doublet_certain","Oligo","L2-3 IT",FALSE,FALSE,2532.70510547722,3145.35923667,TRUE,TRUE,0.557735697827522,0.442264302172478
"TGCAATTTGGGCACGG-1","doublet_certain","L2-3 IT","Astro",FALSE,FALSE,4714.53023749973,5432.11839560822,TRUE,TRUE,0.907855244741916,0.0921447552580841
"TGCACAGTGAAGTTAT-1","doublet_certain","L2-3 IT","Astro",FALSE,FALSE,2862.49601878234,3314.70609575623,TRUE,TRUE,0.867428913824364,0.132571086175636
"TGCAGAACTATATCGT-1","doublet_uncertain","Astro","L6 IT",FALSE,FALSE,3790.89759277278,6145.81282507961,TRUE,TRUE,0.221505613927805,0.778494386072195
"TGCAGAGTACCGAGCA-1","doublet_certain","L5 IT","Astro",FALSE,FALSE,5039.29385052652,5858.58179574708,TRUE,TRUE,0.8985675926115,0.1014324073885
"TGCAGATCGTCCTAGG-1","doublet_certain","Meis2","Astro",FALSE,FALSE,4225.29538032611,5000.97424863151,TRUE,TRUE,0.837414735917499,0.162585264082501
"TGCAGCTACGTACTTC-1","doublet_certain","Sst","Astro",FALSE,FALSE,4846.03306107433,5617.75568397742,TRUE,TRUE,0.860037594604673,0.139962405395327
"TGCAGGATCGGCAAAG-1","doublet_certain","L5 IT","Astro",FALSE,FALSE,4021.1464904741,4599.25580555461,TRUE,TRUE,0.926528519539354,0.0734714804606457
"TGCAGTTTCCTCCCAT-1","doublet_certain","L2-3 IT","Oligo",FALSE,FALSE,4057.20377574795,4712.96584623318,TRUE,TRUE,0.83591598370272,0.16408401629728
"TGCATATGTCTGTCAC-1","doublet_certain","L2-3 IT","Oligo",FALSE,FALSE,3880.59632831222,4670.49893398342,TRUE,TRUE,0.772768353051041,0.227231646948959
"TGCATGGATCGGATCT-1","doublet_certain","L2-3 IT","Astro",FALSE,FALSE,3811.39091198028,4351.2998620255,TRUE,TRUE,0.919634775894085,0.0803652241059153
"TGCATGTGGTAATCTA-1","doublet_certain","L5 IT","Oligo",FALSE,FALSE,4080.19280360391,4598.05361126556,TRUE,TRUE,0.891379112453251,0.108620887546749
"TGCCAAAGTCAGACTT-1","doublet_certain","Meis2","Astro",FALSE,FALSE,4424.09016678309,5439.6425851267,TRUE,TRUE,0.753959487431173,0.246040512568827
"TGCCAATGGGTACTCT-1","doublet_certain","L2-3 IT","Astro",FALSE,FALSE,4399.48439954104,4863.5813395871,TRUE,TRUE,0.947780856311483,0.0522191436885166
"TGCCACACTAGAGGAA-1","doublet_certain","Meis2","Astro",FALSE,FALSE,4984.50393655844,5883.43811438356,TRUE,TRUE,0.869880376816139,0.130119623183861
"TGCCACCTGGCGAAAC-1","doublet_uncertain","Astro","L5 IT",FALSE,FALSE,4320.80612258156,9127.19966280535,TRUE,TRUE,0.0908735947814385,0.909126405218561
"TGCCAGTACGTGGAGA-1","doublet_uncertain","L2-3 IT","Astro",FALSE,FALSE,4500.74148514888,5069.54101120633,TRUE,TRUE,0.90240505685993,0.09759494314007
"TGCCATTACTAAAGAA-1","doublet_certain","L5 IT","Astro",FALSE,FALSE,4353.22395155623,4991.52445363259,TRUE,TRUE,0.915636105664754,0.0843638943352461
"TGCCCGATAGTTAGAA-1","doublet_certain","L2-3 IT","Astro",FALSE,FALSE,4557.55529244829,5842.33764166309,TRUE,TRUE,0.747519481139013,0.252480518860987
"TGCCCGTACCGTTAAA-1","doublet_certain","L2-3 IT","Astro",FALSE,FALSE,3969.44824446259,4804.25323672273,TRUE,TRUE,0.806128052535558,0.193871947464442
"TGCCGTGGATCGTCCT-1","doublet_certain","L6 IT","Astro",FALSE,FALSE,4134.94218589257,4762.35397951404,TRUE,TRUE,0.878750411266737,0.121249588733263
"TGCCGTGGGACCCAAT-1","doublet_certain","L6 IT","Astro",FALSE,FALSE,4885.46447049137,6170.2253494234,TRUE,TRUE,0.715827314896322,0.284172685103678
"TGCCGTTCTTAATCGG-1","doublet_certain","Meis2","Astro",FALSE,FALSE,1247.44527745726,1340.21345775991,TRUE,TRUE,0.834808304157668,0.165191695842332
"TGCCTAATTGAAGATT-1","doublet_certain","Oligo","Pvalb",FALSE,FALSE,2371.0362344695,2978.09543489204,TRUE,TRUE,0.439011673932161,0.560988326067839
"TGCCTGATCAAACGAT-1","doublet_certain","L2-3 IT","Astro",FALSE,FALSE,4327.34751920895,4843.55817044756,TRUE,TRUE,0.925240299732132,0.0747597002678682
"TGCCTTGGCCAGGCAA-1","doublet_certain","L2-3 IT","Astro",FALSE,FALSE,4516.05738889603,5404.1113236142,TRUE,TRUE,0.834570782967633,0.165429217032367
"TGCGAATATGGGATTT-1","doublet_certain","Meis2","Astro",FALSE,FALSE,4379.8613417752,5030.35309664801,TRUE,TRUE,0.882541569704675,0.117458430295325
"TGCGACACCCTAGTGC-1","doublet_certain","L5 IT","Oligo",FALSE,FALSE,3598.65782735047,4071.93005576269,TRUE,TRUE,0.88143800711628,0.11856199288372
"TGCGAGAATATTACCC-1","doublet_certain","L2-3 IT","Astro",FALSE,FALSE,4281.76237303648,4930.5121239929,TRUE,TRUE,0.911495586024936,0.0885044139750641
"TGCGAGATGGCGGCCA-1","doublet_certain","L2-3 IT","Astro",FALSE,FALSE,3928.47011939018,4776.37191117007,TRUE,TRUE,0.830966872092845,0.169033127907155
"TGCGAGCCCTTCCGCG-1","doublet_certain","L2-3 IT","Astro",FALSE,FALSE,3668.85991714504,4410.16921603994,TRUE,TRUE,0.845591209164822,0.154408790835178
"TGCGCAAAGCATTTGG-1","doublet_certain","L5 IT","Astro",FALSE,FALSE,4742.0284790111,5325.74881393154,TRUE,TRUE,0.935866911685373,0.0641330883146273
"TGCGCGATTAACGGAG-1","doublet_certain","L2-3 IT","Astro",FALSE,FALSE,3680.75001843476,4465.25382927526,TRUE,TRUE,0.858918385616677,0.141081614383323
"TGCGGACTTGACTCCG-1","doublet_certain","L5 IT","Astro",FALSE,FALSE,4251.00544483307,5070.63850482233,TRUE,TRUE,0.804182983031949,0.195817016968051
"TGCGGAGTAAAGGTGC-1","doublet_certain","L5 IT","Astro",FALSE,FALSE,4159.50216722197,4796.7073825309,TRUE,TRUE,0.894513227639321,0.105486772360679
"TGCGTAAGAACCTGAT-1","doublet_certain","L5 IT","Astro",FALSE,FALSE,4884.95636169087,5600.50921217439,TRUE,TRUE,0.909879301752746,0.0901206982472537
"TGCGTACGGCTAATTG-1","doublet_certain","Sst","Astro",FALSE,FALSE,5004.43953299965,5579.79455073233,TRUE,TRUE,0.916502270902299,0.0834977290977013
"TGCGTCATGACTGAGC-1","doublet_certain","Meis2","Astro",FALSE,FALSE,4572.98013073884,5252.88030279516,TRUE,TRUE,0.895160467240607,0.104839532759393
"TGCGTTTGTTGACACT-1","doublet_certain","L5 PT","Astro",FALSE,FALSE,4050.29138903459,4612.91002497298,TRUE,TRUE,0.883183014815902,0.116816985184098
"TGCTAAGTGTCTATTT-1","doublet_certain","L2-3 IT","Oligo",FALSE,FALSE,3445.98170660496,4052.37923483749,TRUE,TRUE,0.7988911711381,0.2011088288619
"TGCTCCACAGTTCTTA-1","doublet_certain","L2-3 IT","Oligo",FALSE,FALSE,2554.05608837238,3127.46765035507,TRUE,TRUE,0.722634971900158,0.277365028099842
"TGCTCGGCGAAACCCA-1","doublet_certain","L6 IT","Astro",FALSE,FALSE,4897.82995468058,5590.22498378386,TRUE,TRUE,0.91169481832087,0.0883051816791302
"TGCTCGGTGGGTCACC-1","doublet_certain","Sst","Astro",FALSE,FALSE,4529.94437135314,5214.29395159747,TRUE,TRUE,0.872328606547236,0.127671393452764
"TGCTCTTGAGAGTTTG-1","doublet_certain","Sst","Oligo",FALSE,FALSE,4191.32039889452,4879.16670960683,TRUE,TRUE,0.834814551461509,0.165185448538491
"TGCTGTTGAAGAACTC-1","doublet_certain","L2-3 IT","Oligo",FALSE,FALSE,4373.00590891395,5380.89506151831,TRUE,TRUE,0.736023421675991,0.263976578324009
"TGCTTCCCAAGCAGTA-1","doublet_certain","L5 IT","Oligo",FALSE,FALSE,4426.69270923098,4952.64339555196,TRUE,TRUE,0.898666041350083,0.101333958649917
"TGGAACCACTGACACA-1","doublet_certain","L5 IT","Astro",FALSE,FALSE,3894.86471586213,4389.28211393718,TRUE,TRUE,0.918420127487585,0.0815798725124149
"TGGAAGAAGGGAACGT-1","doublet_certain","L5 IT","Astro",FALSE,FALSE,4329.81205284296,5007.08378703997,TRUE,TRUE,0.89802245893232,0.10197754106768
"TGGAAGGATAAAGATG-1","doublet_certain","L2-3 IT","Astro",FALSE,FALSE,4058.76028108715,4709.35562861739,TRUE,TRUE,0.903523984306721,0.0964760156932793
"TGGAATATCCTTGACC-1","doublet_certain","L5 IT","Oligo",FALSE,FALSE,3854.97194245463,4556.92030171497,TRUE,TRUE,0.853792845930299,0.146207154069701
"TGGACCAATCTAAGAT-1","doublet_certain","L2-3 IT","Astro",FALSE,FALSE,4658.15256210599,5496.48666462698,TRUE,TRUE,0.858548402430104,0.141451597569895
"TGGACGCAATCCAGCC-1","doublet_certain","Vip","VLMC",FALSE,FALSE,4476.97492871734,5529.92403853152,TRUE,TRUE,0.776419786616144,0.223580213383856
"TGGACTGTTCGCTCAA-1","doublet_certain","L2-3 IT","Oligo",FALSE,FALSE,4491.55724067115,5284.37505922366,TRUE,TRUE,0.79390959937901,0.20609040062099
"TGGAGTGATGCGATGA-1","doublet_certain","L4","Astro",FALSE,FALSE,4041.74243448075,4872.2582870346,TRUE,TRUE,0.845047065658315,0.154952934341685
"TGGCAAACTAAATTAC-1","doublet_certain","L2-3 IT","Endo",FALSE,FALSE,5030.46780199205,5812.64276053364,TRUE,TRUE,0.90650043555835,0.0934995644416498
"TGGCAACTCGCGCGCC-1","doublet_certain","L5 IT","Astro",FALSE,FALSE,4455.3541921297,5188.14261526707,TRUE,TRUE,0.890705288129868,0.109294711870132
"TGGCAAGCACAAGTCG-1","doublet_certain","L5 IT","Astro",FALSE,FALSE,3903.6203334516,5330.72478951638,TRUE,TRUE,0.62668389120576,0.37331610879424
"TGGCAATGGGACGGCG-1","doublet_uncertain","Oligo","Sst",FALSE,FALSE,1295.8494148516,1492.72844364548,TRUE,TRUE,0.545806156214326,0.454193843785674
"TGGCAGATTACGATCA-1","doublet_uncertain","Oligo","L2-3 IT",FALSE,FALSE,3505.46611172389,5648.4542926455,TRUE,TRUE,0.263800499512327,0.736199500487673
"TGGCAGCAGTAATAGT-1","doublet_certain","L6 IT","Oligo",FALSE,FALSE,3118.47015410682,4132.32211824919,TRUE,TRUE,0.552800070320377,0.447199929679623
"TGGCATGAAGTTTGGG-1","doublet_certain","Vip","Astro",FALSE,FALSE,3423.7662293124,4087.44153054369,TRUE,TRUE,0.76645696021742,0.23354303978258
"TGGCCAAACTGAAGTA-1","doublet_certain","L5 IT","Oligo",FALSE,FALSE,4531.10062205992,5174.61251071438,TRUE,TRUE,0.89718522651112,0.10281477348888
"TGGCCAATTTGGTACT-1","doublet_certain","Meis2","Oligo",FALSE,FALSE,4706.74982423251,5850.56372777692,TRUE,TRUE,0.705350393421877,0.294649606578123
"TGGCCGTATATTGACC-1","doublet_certain","L2-3 IT","Astro",FALSE,FALSE,3551.92319835174,4244.93676061621,TRUE,TRUE,0.8293505435879,0.1706494564121
"TGGCGACTGCTCCAAA-1","doublet_certain","L5 IT","Astro",FALSE,FALSE,4732.46433889941,5194.47786659439,TRUE,TRUE,0.946650474113568,0.0533495258864317
"TGGCGATCAAGTTATG-1","doublet_certain","L5 IT","Astro",FALSE,FALSE,4899.4387501852,5481.74759932297,TRUE,TRUE,0.929990291928177,0.0700097080718233
"TGGCTACACTCTACCT-1","doublet_certain","Sst","Oligo",FALSE,FALSE,4742.58498727203,5334.0624434281,TRUE,TRUE,0.905966342794071,0.0940336572059294
"TGGCTATGTGACATAC-1","doublet_certain","L2-3 IT","Astro",FALSE,FALSE,3270.19696716503,3861.93893855477,TRUE,TRUE,0.836171864230653,0.163828135769347
"TGGCTCTTGTCGCGTA-1","doublet_certain","Meis2","Oligo",FALSE,FALSE,3864.13029842721,4385.62042003827,TRUE,TRUE,0.874727429501814,0.125272570498186
"TGGCTTATGTATAATG-1","doublet_certain","Meis2","Astro",FALSE,FALSE,3355.71949366864,3866.62459158283,TRUE,TRUE,0.835762874352814,0.164237125647186
"TGGCTTGTACAAGCTT-1","doublet_certain","L5 IT","Astro",FALSE,FALSE,4348.3036736829,4929.78528642247,TRUE,TRUE,0.918148844043769,0.0818511559562315
"TGGGATGCACTCATTC-1","doublet_certain","L2-3 IT","Astro",FALSE,FALSE,2740.53708051253,3260.39918544202,TRUE,TRUE,0.830072273728885,0.169927726271115
"TGGGCAATAGTTGGGT-1","doublet_certain","Pvalb","Oligo",FALSE,FALSE,2489.81584926957,3064.62414792287,TRUE,TRUE,0.727951730283938,0.272048269716062
"TGGGCCACAAGAGCGC-1","doublet_certain","L2-3 IT","Astro",FALSE,FALSE,3983.18467286696,4524.1318162118,TRUE,TRUE,0.905546190413349,0.0944538095866511
"TGGGCCCATACTAATT-1","doublet_certain","L2-3 IT","Oligo",FALSE,FALSE,3930.97877235641,4718.8091526342,TRUE,TRUE,0.767734746362543,0.232265253637457
"TGGGCGATACAATAAG-1","doublet_certain","L5 IT","Astro",FALSE,FALSE,5059.96822252348,5735.06206745422,TRUE,TRUE,0.911093976617721,0.0889060233822787
"TGGGTGCACAAGCCAT-1","doublet_certain","L2-3 IT","Astro",FALSE,FALSE,5690.63147999099,6387.81392666558,TRUE,TRUE,0.923299586919511,0.0767004130804891
"TGGGTGGGATGTCATT-1","doublet_certain","L6 IT","Astro",FALSE,FALSE,3260.73919976586,4010.85545642002,TRUE,TRUE,0.739005137605028,0.260994862394972
"TGGGTGTAATAGATTT-1","doublet_certain","Sst","Astro",FALSE,FALSE,4701.98154740932,5254.23188202866,TRUE,TRUE,0.909930694460972,0.090069305539028
"TGGTAAGCAGGATTGA-1","doublet_certain","L5 IT","Astro",FALSE,FALSE,4770.69050989931,5556.32639128882,TRUE,TRUE,0.857250977516317,0.142749022483683
"TGGTAGAATATATGGG-1","doublet_certain","Oligo","Pvalb",FALSE,FALSE,2745.58421864593,3554.34254647444,TRUE,TRUE,0.431659516612914,0.568340483387086
"TGGTCCCACGCTACGG-1","doublet_certain","L2-3 IT","Oligo",FALSE,FALSE,3752.75829503209,4559.19160844299,TRUE,TRUE,0.763709004615786,0.236290995384214
"TGGTCGTGCAAGGCAA-1","doublet_certain","L5 IT","Astro",FALSE,FALSE,5089.56566062133,6063.78543904593,TRUE,TRUE,0.81809217846944,0.18190782153056
"TGGTCTGTTGGGCGTA-1","doublet_certain","L5 IT","Astro",FALSE,FALSE,3865.40513750312,4477.84199526172,TRUE,TRUE,0.897496068708177,0.102503931291823
"TGGTTAACTTACATTT-1","doublet_certain","Vip","Astro",FALSE,FALSE,4317.57466550397,5169.70658310976,TRUE,TRUE,0.730386720790139,0.269613279209861
"TGGTTAAGGGCGCTGG-1","doublet_certain","L6 IT","Astro",FALSE,FALSE,4547.88929472351,5076.65235143569,TRUE,TRUE,0.929563377960249,0.0704366220397508
"TGGTTCAACGGGTAAT-1","doublet_certain","L2-3 IT","Oligo",FALSE,FALSE,4117.56391465989,4686.8690811318,TRUE,TRUE,0.840819397959403,0.159180602040597
"TGGTTCGTAGCAAAGG-1","doublet_certain","L2-3 IT","Astro",FALSE,FALSE,4028.96650423836,4582.60951700326,TRUE,TRUE,0.912969637718928,0.0870303622810724
"TGGTTTAAACGTGGGT-1","doublet_uncertain","Oligo","L5 IT",FALSE,FALSE,1288.61132686231,1423.73360186599,TRUE,TRUE,0.720226750168233,0.279773249831767
"TGTACCTACACGAGGG-1","doublet_certain","L2-3 IT","Oligo",FALSE,FALSE,4653.38999809743,5418.48561834306,TRUE,TRUE,0.827092653766243,0.172907346233757
"TGTACGAACAAATCCG-1","doublet_certain","L6 IT","Oligo",FALSE,FALSE,6064.02281082307,7463.87158054739,TRUE,TRUE,0.806993521846497,0.193006478153503
"TGTACTTCCGGGCATG-1","doublet_certain","L6 IT","Astro",FALSE,FALSE,5112.32381003762,5832.70903165812,TRUE,TRUE,0.907055352474391,0.0929446475256091
"TGTAGCCAATTCCGTT-1","doublet_certain","L2-3 IT","Astro",FALSE,FALSE,5368.7495656594,5931.74482754399,TRUE,TRUE,0.938050188740723,0.0619498112592767
"TGTAGCCATCCCATTC-1","doublet_certain","Sst","Oligo",FALSE,FALSE,4577.81068162876,5273.55585031594,TRUE,TRUE,0.861780228358778,0.138219771641222
"TGTAGGAGAAATTTCC-1","doublet_certain","L2-3 IT","Oligo",FALSE,FALSE,4205.82924598659,5265.58420192306,TRUE,TRUE,0.727883320831711,0.272116679168289
"TGTAGTGATCTATAAT-1","doublet_certain","L5 IT","Astro",FALSE,FALSE,3833.28371887338,4408.37109235701,TRUE,TRUE,0.906250720148762,0.0937492798512378
"TGTATAACAGATCCTG-1","doublet_certain","L5 IT","Oligo",FALSE,FALSE,4180.28830352278,4972.20376831121,TRUE,TRUE,0.832259688030721,0.167740311969279
"TGTATCAGACTGAAGC-1","doublet_certain","L2-3 IT","VLMC",FALSE,FALSE,3481.10557531176,4624.45505539367,TRUE,TRUE,0.716542402207419,0.283457597792581
"TGTATGGCGCAGACAG-1","doublet_certain","L2-3 IT","Oligo",FALSE,FALSE,4158.85394849593,4965.58831658579,TRUE,TRUE,0.768851754988635,0.231148245011365
"TGTCATTTGTTGGGAA-1","doublet_certain","L5 IT","Astro",FALSE,FALSE,3880.28102691098,4451.86184177078,TRUE,TRUE,0.911114227794105,0.0888857722058952
"TGTCCACGGCTCAACT-1","doublet_certain","Sst","Astro",FALSE,FALSE,4722.49550338137,5256.39870530613,TRUE,TRUE,0.913127541556803,0.0868724584431971
"TGTCCTAAGTCACCGC-1","doublet_certain","L2-3 IT","Astro",FALSE,FALSE,3819.20618933882,4380.62970388316,TRUE,TRUE,0.879753391351891,0.120246608648109
"TGTCGTTATCACATAT-1","doublet_certain","Vip","Astro",FALSE,FALSE,4332.90673243412,5419.50421483827,TRUE,TRUE,0.668327550654522,0.331672449345478
"TGTGACTACGCCAGTC-1","doublet_certain","L5 IT","Astro",FALSE,FALSE,3914.19193954963,4457.10581234049,TRUE,TRUE,0.904063272643564,0.0959367273564361
"TGTGACTAGAGTTTGC-1","doublet_certain","Sst","Astro",FALSE,FALSE,4798.50097341935,5442.32807834717,TRUE,TRUE,0.892384983224686,0.107615016775314
"TGTGAGACTAGCCCAA-1","doublet_certain","L5 IT","Astro",FALSE,FALSE,4353.88924881275,5007.13873442089,TRUE,TRUE,0.906794529290525,0.0932054707094748
"TGTGCCAGAGGCAAAG-1","doublet_certain","Meis2","Astro",FALSE,FALSE,4189.91031869157,4919.19410999518,TRUE,TRUE,0.838774109863845,0.161225890136155
"TGTGCCGGTGCCGGAA-1","doublet_certain","Oligo","Pvalb",FALSE,FALSE,3263.27587668222,3937.99844987894,TRUE,TRUE,0.51909961669899,0.48090038330101
"TGTGGCAAAGCGTATG-1","doublet_certain","L6 CT","Oligo",FALSE,FALSE,4045.30370734056,4922.49802485963,TRUE,TRUE,0.792594439392904,0.207405560607096
"TGTGGCGGGCTTCTGG-1","doublet_certain","L5 IT","Astro",FALSE,FALSE,4186.82327469103,4967.5659254926,TRUE,TRUE,0.879576730243604,0.120423269756396
"TGTGTCGAAGTCGAGG-1","doublet_certain","L5 IT","Astro",FALSE,FALSE,4592.65967768686,5933.94150743715,TRUE,TRUE,0.709868172047633,0.290131827952367
"TGTGTGACCATGAATC-1","doublet_certain","Meis2","Astro",FALSE,FALSE,5066.80825131137,5989.32141418104,TRUE,TRUE,0.847442066962718,0.152557933037282
"TGTTATTGTATGTGGC-1","doublet_certain","L2-3 IT","Oligo",FALSE,FALSE,3444.15496820274,3916.1256454506,TRUE,TRUE,0.82877493461635,0.17122506538365
"TGTTCCGCTTCCATGA-1","doublet_certain","L5 IT","Astro",FALSE,FALSE,4514.20087121389,5212.08737171211,TRUE,TRUE,0.917016828357514,0.0829831716424864
"TGTTCCGGCCTGAGCT-1","doublet_uncertain","Astro","L2-3 IT",FALSE,FALSE,3199.37037436176,6128.14586193063,TRUE,TRUE,0.0923674086023041,0.907632591397696
"TGTTCGTATTGCGGTG-1","doublet_certain","L2-3 IT","Oligo",FALSE,FALSE,4170.59730351145,4910.1156984766,TRUE,TRUE,0.82116995795462,0.17883004204538
"TGTTCTTCCATTGACT-1","doublet_certain","L5 IT","Astro",FALSE,FALSE,4243.36393468145,4790.71684926823,TRUE,TRUE,0.928079027341298,0.0719209726587023
"TGTTGTCAAGAAGTCT-1","doublet_certain","L5 IT","Astro",FALSE,FALSE,4415.45644038568,5191.16094532401,TRUE,TRUE,0.887122305034395,0.112877694965605
"TGTTTCTGAAGCGTGC-1","doublet_certain","Meis2","Astro",FALSE,FALSE,3532.87842081278,4306.91666166144,TRUE,TRUE,0.661264531922495,0.338735468077505
"TGTTTGAGATCGTCAG-1","doublet_certain","Pvalb","Oligo",FALSE,FALSE,2654.70304996532,3505.64266727216,TRUE,TRUE,0.622281065391777,0.377718934608223
"TTAAACTCGAATTCAT-1","doublet_certain","Oligo","Macrophage",FALSE,FALSE,3910.06691825013,4400.46199547711,TRUE,TRUE,0.916157418453357,0.0838425815466433
"TTAAAGTAAGTCGCCA-1","doublet_certain","Sst","Astro",FALSE,FALSE,5653.68336729476,6384.61119093355,TRUE,TRUE,0.90954523245949,0.0904547675405097
"TTAACCAACCCTCCCT-1","doublet_certain","L2-3 IT","Astro",FALSE,FALSE,3103.65054711447,3960.00623091981,TRUE,TRUE,0.712395482580623,0.287604517419377
"TTAACGAACAAGCAGT-1","doublet_certain","L6 CT","Oligo",FALSE,FALSE,4132.65994539163,4998.40745603822,TRUE,TRUE,0.824873996969055,0.175126003030945
"TTAACTTCAGGTAGGA-1","doublet_certain","Meis2","VLMC",FALSE,FALSE,3847.74836100562,5035.00057140029,TRUE,TRUE,0.685159175666088,0.314840824333912
"TTAAGATAGGATTGAC-1","doublet_certain","Oligo","Endo",FALSE,FALSE,2892.85100108619,3335.56036388901,TRUE,TRUE,0.903366346583435,0.0966336534165651
"TTAAGCGCCTGACCCA-1","doublet_certain","L5 IT","Astro",FALSE,FALSE,4226.66490333458,4955.94604505871,TRUE,TRUE,0.88806983211645,0.11193016788355
"TTAAGGCCCGTACTTT-1","doublet_certain","L5 IT","Astro",FALSE,FALSE,3534.91016510149,4711.41110279368,TRUE,TRUE,0.61598083161637,0.38401916838363
"TTAAGTATTGTTATCC-1","doublet_certain","Sst","Astro",FALSE,FALSE,4869.26806140621,5604.39381774871,TRUE,TRUE,0.87950707409627,0.120492925903729
"TTAATCAGTACGTCAG-1","doublet_certain","L2-3 IT","Astro",FALSE,FALSE,3485.75320306952,3921.08444805695,TRUE,TRUE,0.918058017796751,0.0819419822032489
"TTAATGTAGACCAGGT-1","doublet_certain","L5 IT","Oligo",FALSE,FALSE,4468.05854973469,5049.28172469131,TRUE,TRUE,0.911323510308405,0.0886764896915951
"TTAATTGCTTTGGGTG-1","doublet_certain","L2-3 IT","Astro",FALSE,FALSE,4070.82291762169,4720.69155685396,TRUE,TRUE,0.874265933533848,0.125734066466153
"TTAATTTCAGACGCGG-1","doublet_uncertain","Astro","L2-3 IT",FALSE,FALSE,2534.69243684654,4264.09154867163,TRUE,TRUE,0.274721465391867,0.725278534608133
"TTACAACTACGCATCC-1","doublet_certain","L2-3 IT","Astro",FALSE,FALSE,4169.45420946112,4835.22724519444,TRUE,TRUE,0.884231534275451,0.115768465724549
"TTACACGATCTGCGAC-1","doublet_certain","Sst","Astro",FALSE,FALSE,4250.53218583408,4786.81064882741,TRUE,TRUE,0.90762395009586,0.0923760499041398
"TTACAGACCTAAATGA-1","doublet_certain","L5 IT","Oligo",FALSE,FALSE,3623.17371825127,4081.21366050306,TRUE,TRUE,0.886445535505629,0.113554464494371
"TTACATGCCACAACTA-1","doublet_certain","Sst","Oligo",FALSE,FALSE,3693.64101309572,4769.44397970741,TRUE,TRUE,0.634593380995916,0.365406619004084
"TTACCATTGATTACCC-1","doublet_certain","L2-3 IT","Astro",FALSE,FALSE,3424.25372323108,4050.26079983187,TRUE,TRUE,0.865213479994821,0.134786520005179
"TTACCCATTGCCGGGT-1","doublet_certain","L2-3 IT","Astro",FALSE,FALSE,4045.06948006913,4760.6693934433,TRUE,TRUE,0.90295643984732,0.0970435601526805
"TTACCCTAGGGATTGG-1","doublet_certain","L5 IT","Astro",FALSE,FALSE,3839.61115520611,4530.02835414694,TRUE,TRUE,0.858026575913599,0.141973424086401
"TTACGGATGGTTCGAG-1","doublet_certain","L2-3 IT","Oligo",FALSE,FALSE,3741.5917927662,4630.61459415387,TRUE,TRUE,0.708708299813205,0.291291700186795
"TTACTAAAGGACTTTA-1","doublet_certain","L2-3 IT","Oligo",FALSE,FALSE,4179.78827239059,5375.85542222777,TRUE,TRUE,0.631109029531028,0.368890970468972
"TTACTCCGGCCGGGAA-1","doublet_certain","L2-3 IT","Oligo",FALSE,FALSE,4622.44342142974,5607.06507734378,TRUE,TRUE,0.779768189003297,0.220231810996703
"TTACTCTGGTACGTAC-1","doublet_certain","L5 IT","Astro",FALSE,FALSE,4237.09951089813,4892.9512974312,TRUE,TRUE,0.910521332891797,0.0894786671082027
"TTACTGGGATATTTCA-1","doublet_certain","L6 IT","Oligo",FALSE,FALSE,5063.203478631,5728.54521131137,TRUE,TRUE,0.911092641657637,0.0889073583423624
"TTACTGTCTAGAGCTC-1","doublet_certain","L5 IT","Astro",FALSE,FALSE,3239.32719897666,3564.01743775079,TRUE,TRUE,0.929304177804821,0.0706958221951794
"TTAGAAGAACATGACT-1","doublet_certain","L2-3 IT","Astro",FALSE,FALSE,4999.01194465071,5716.14113698176,TRUE,TRUE,0.898300948568869,0.101699051431131
"TTAGAATAAGGGTCGG-1","doublet_certain","Oligo","L6 CT",FALSE,FALSE,2735.04859633868,3216.23291717767,TRUE,TRUE,0.626270134016099,0.373729865983901
"TTAGACACGATCGTTG-1","doublet_certain","L2-3 IT","Astro",FALSE,FALSE,3803.51242132566,4329.07153177568,TRUE,TRUE,0.918216266014403,0.0817837339855971
"TTAGACGAGTCACCTC-1","doublet_certain","L2-3 IT","Oligo",FALSE,FALSE,4343.77085005035,4952.40267596436,TRUE,TRUE,0.858210091076986,0.141789908923014
"TTAGAGGGATATACAG-1","doublet_certain","Meis2","Astro",FALSE,FALSE,4719.58586441251,5278.08657799011,TRUE,TRUE,0.903106917988479,0.0968930820115212
"TTAGAGTTTAGAAGGA-1","doublet_certain","L2-3 IT","Astro",FALSE,FALSE,4532.94850197207,5362.97967056833,TRUE,TRUE,0.831436506217465,0.168563493782535
"TTAGCTAATACGATCT-1","doublet_certain","L5 IT","Astro",FALSE,FALSE,3961.5547593719,4456.9226738559,TRUE,TRUE,0.912639993379487,0.0873600066205128
"TTAGCTGATTTGCCGT-1","doublet_uncertain","Oligo","L5 IT",FALSE,FALSE,2169.71444671724,2409.53205848571,TRUE,TRUE,0.796453666093789,0.203546333906211
"TTAGTAAACCTGCTCT-1","doublet_certain","Sst","Oligo",FALSE,FALSE,4680.12161252192,5610.20337170445,TRUE,TRUE,0.806754829902437,0.193245170097563
"TTAGTAGGGCGGCGGG-1","doublet_certain","L2-3 IT","Astro",FALSE,FALSE,2952.22008521331,3303.00212480461,TRUE,TRUE,0.898731126460557,0.101268873539443
"TTAGTTATTCGTGGCA-1","doublet_certain","L2-3 IT","Oligo",FALSE,FALSE,3733.71420123584,4636.60915488089,TRUE,TRUE,0.722787635389405,0.277212364610595
"TTAGTTCAAGTGTTCG-1","doublet_certain","L6 IT","Oligo",FALSE,FALSE,3798.23507907372,4411.41631793214,TRUE,TRUE,0.875443674692407,0.124556325307593
"TTATAGGTAATTGTCT-1","doublet_certain","L2-3 IT","Astro",FALSE,FALSE,3955.3020495421,4424.80861920228,TRUE,TRUE,0.891846396316701,0.108153603683298
"TTATATACGCTGTCAC-1","doublet_certain","L2-3 IT","Oligo",FALSE,FALSE,3725.96698253055,4421.04812684131,TRUE,TRUE,0.770224306782936,0.229775693217064
"TTATATTTGGCAATCC-1","doublet_certain","L5 IT","Astro",FALSE,FALSE,4032.13435520503,4689.7343549437,TRUE,TRUE,0.9072793864245,0.0927206135754996
"TTATCCGGGATCTATA-1","doublet_certain","L2-3 IT","Oligo",FALSE,FALSE,4120.08767699127,4847.17074045431,TRUE,TRUE,0.821987603533741,0.178012396466259
"TTATCCTCAAGGAATA-1","doublet_certain","Meis2","Astro",FALSE,FALSE,5080.68637447235,5721.29670567387,TRUE,TRUE,0.915472916858884,0.0845270831411162
"TTATCTGACATTAGGA-1","doublet_certain","Meis2","Astro",FALSE,FALSE,4642.70173958694,5346.00309504766,TRUE,TRUE,0.889989898714277,0.110010101285722
"TTATCTGTATCATAAC-1","doublet_certain","L2-3 IT","Oligo",FALSE,FALSE,4128.51261844201,4767.87385119367,TRUE,TRUE,0.852971505545929,0.147028494454071
"TTATGAATGAAAGGGA-1","doublet_certain","L2-3 IT","Astro",FALSE,FALSE,5147.59289648999,5797.60015803683,TRUE,TRUE,0.904458259571486,0.0955417404285142
"TTATGACAAACTGGAT-1","doublet_certain","L2-3 IT","Astro",FALSE,FALSE,3178.7671111409,3661.45125605444,TRUE,TRUE,0.875116352860559,0.124883647139441
"TTATGATCTTAACGAA-1","doublet_certain","L2-3 IT","Oligo",FALSE,FALSE,4337.44472564103,5158.63522395862,TRUE,TRUE,0.79372715223937,0.20627284776063
"TTATTAGAGCGTGTTC-1","doublet_certain","L2-3 IT","Astro",FALSE,FALSE,3958.97442623528,4567.83261535734,TRUE,TRUE,0.866078873391441,0.13392112660856
"TTCAAAGTCTCTAGCC-1","doublet_certain","L5 IT","Oligo",FALSE,FALSE,4782.26918543397,5689.38740527845,TRUE,TRUE,0.814431329377168,0.185568670622832
"TTCAATACTCTGAATC-1","doublet_certain","L2-3 IT","Oligo",FALSE,FALSE,3897.00209586324,4570.86232586257,TRUE,TRUE,0.806828436826787,0.193171563173214
"TTCACGAAAGGATCAC-1","doublet_certain","L6 IT","Oligo",FALSE,FALSE,4928.85549194034,5834.63733635967,TRUE,TRUE,0.874032397063035,0.125967602936965
"TTCACTCGAGCACCTA-1","doublet_certain","L2-3 IT","Astro",FALSE,FALSE,4291.35467252941,4772.98278893439,TRUE,TRUE,0.905263891287017,0.0947361087129826
"TTCAGCCCTGGTCCAC-1","doublet_certain","L2-3 IT","Oligo",FALSE,FALSE,4124.14792426703,4733.00060808231,TRUE,TRUE,0.851059742862242,0.148940257137758
"TTCAGCTGGCGTGCCC-1","doublet_certain","Pvalb","Astro",FALSE,FALSE,3447.51200450421,4371.80130206245,TRUE,TRUE,0.693834353881714,0.306165646118286
"TTCAGGCGTCAAAGCC-1","doublet_certain","L5 IT","Astro",FALSE,FALSE,3682.25911512354,4466.6429872404,TRUE,TRUE,0.807958927949373,0.192041072050627
"TTCATGGCGCAACAGG-1","doublet_certain","L2-3 IT","Astro",FALSE,FALSE,3971.52917273704,4430.52510179983,TRUE,TRUE,0.930245037848134,0.0697549621518658
"TTCCAATCAGAGCTAG-1","doublet_certain","L5 IT","Astro",FALSE,FALSE,3688.62512734518,4096.14574822775,TRUE,TRUE,0.921868295644716,0.0781317043552837
"TTCCAATCTGGCTATC-1","doublet_certain","L5 IT","Oligo",FALSE,FALSE,3834.48508230116,4485.94623856331,TRUE,TRUE,0.856435779578305,0.143564220421695
"TTCCACACAGATTTGA-1","doublet_certain","L5 IT","Astro",FALSE,FALSE,3851.61050730963,4429.55111614244,TRUE,TRUE,0.908029252524799,0.0919707474752011
"TTCCAGACGAGATTTA-1","doublet_certain","Oligo","Macrophage",FALSE,FALSE,1152.36037447389,1221.68627578226,TRUE,TRUE,0.949928948337004,0.0500710516629955
"TTCCATCATGCGGTGA-1","doublet_certain","L2-3 IT","Astro",FALSE,FALSE,3657.09499757679,4149.97113947404,TRUE,TRUE,0.921740908852554,0.0782590911474459
"TTCCATCGACAGCGTG-1","doublet_certain","Sst","Astro",FALSE,FALSE,4838.78101642859,5408.15428589467,TRUE,TRUE,0.919313550752308,0.0806864492476921
"TTCCCGGCGCCAATAG-1","doublet_certain","Meis2","Astro",FALSE,FALSE,4979.47552923795,5811.12174380007,TRUE,TRUE,0.875634855518856,0.124365144481144
"TTCCGCAGAGAAATAT-1","doublet_certain","L5 IT","Astro",FALSE,FALSE,3814.58436648996,4372.96527319613,TRUE,TRUE,0.909751176999061,0.0902488230009385
"TTCCGCGTGAGGCGAT-1","doublet_certain","L2-3 IT","Oligo",FALSE,FALSE,4518.40253190844,5250.32904371022,TRUE,TRUE,0.827844096119521,0.172155903880479
"TTCCGGCCTTGAGGCT-1","doublet_certain","L6 IT","Astro",FALSE,FALSE,4328.04131846938,4718.29965612978,TRUE,TRUE,0.953276366388834,0.0467236336111663
"TTCCGGCTCGACTTCT-1","doublet_certain","L2-3 IT","Astro",FALSE,FALSE,4132.78497039157,4665.27115382488,TRUE,TRUE,0.917750361867045,0.0822496381329549
"TTCCGGTTACCCACTT-1","doublet_certain","L5 PT","Oligo",FALSE,FALSE,3597.16925314971,4376.57886219627,TRUE,TRUE,0.76678499457272,0.23321500542728
"TTCCTCGAGGGTGTCT-1","doublet_certain","L2-3 IT","Astro",FALSE,FALSE,2701.47302245651,3469.02671981317,TRUE,TRUE,0.73978078207464,0.26021921792536
"TTCCTCGGACTAACCA-1","doublet_certain","L2-3 IT","Oligo",FALSE,FALSE,3899.62466671759,4604.85329847731,TRUE,TRUE,0.79951384509476,0.20048615490524
"TTCGACAGAGCCCGTG-1","doublet_certain","L2-3 IT","Astro",FALSE,FALSE,4141.49409819071,4552.60125341681,TRUE,TRUE,0.91701045408872,0.0829895459112802
"TTCGACGGGAAGGGCG-1","doublet_certain","L2-3 IT","Astro",FALSE,FALSE,3559.07385595108,4220.94838347037,TRUE,TRUE,0.887069595975988,0.112930404024012
"TTCGCACTCGCGTGCT-1","doublet_certain","L2-3 IT","Astro",FALSE,FALSE,3194.06524858512,3647.7356721917,TRUE,TRUE,0.901202190113724,0.0987978098862756
"TTCGCACTGTACGACA-1","doublet_certain","L5 IT","Oligo",FALSE,FALSE,4166.19824122147,4980.44332339724,TRUE,TRUE,0.822369074503277,0.177630925496723
"TTCGCCGCTCGCGCTA-1","doublet_certain","L5 IT","Astro",FALSE,FALSE,4199.55480925668,4959.89898543521,TRUE,TRUE,0.832629072348341,0.167370927651659
"TTCGCGCGCCATACGA-1","doublet_certain","L5 IT","Astro",FALSE,FALSE,4113.82279595002,4631.73195129614,TRUE,TRUE,0.907921077818577,0.0920789221814231
"TTCGCTATCTGACGTG-1","doublet_certain","L5 IT","Astro",FALSE,FALSE,3273.91725252468,3783.47180447802,TRUE,TRUE,0.890248296425621,0.109751703574379
"TTCGGCAACCCGCTGA-1","doublet_certain","L2-3 IT","Astro",FALSE,FALSE,3782.58876539201,4406.68821317437,TRUE,TRUE,0.880374676263891,0.119625323736109
"TTCGGGACTAATCGCG-1","doublet_certain","L2-3 IT","Oligo",FALSE,FALSE,4309.27577485221,5247.72220237744,TRUE,TRUE,0.764999270223146,0.235000729776854
"TTCGGGCGCTAGTCTT-1","doublet_certain","L5 IT","Astro",FALSE,FALSE,3014.80193397165,4085.30505864987,TRUE,TRUE,0.611098987578861,0.388901012421139
"TTCGGTACTGTAGAGG-1","doublet_certain","L5 IT","Astro",FALSE,FALSE,3665.1296875498,4184.17312405295,TRUE,TRUE,0.901980550783115,0.0980194492168848
"TTCGTACTCCAGAACG-1","doublet_certain","L2-3 IT","Astro",FALSE,FALSE,2850.77412611263,3597.99819677208,TRUE,TRUE,0.721394475435219,0.278605524564781
"TTCGTTCAACGAAGTT-1","doublet_certain","L5 IT","Astro",FALSE,FALSE,4242.5976857763,4937.6543951076,TRUE,TRUE,0.895481574513692,0.104518425486308
"TTCTAACCGAAGCTTA-1","doublet_certain","L2-3 IT","Oligo",FALSE,FALSE,4284.75221876428,5005.53156692995,TRUE,TRUE,0.82732013401678,0.17267986598322
"TTCTAGAAAGTCTTAT-1","doublet_certain","L5 IT","Astro",FALSE,FALSE,3090.33865045111,4178.88596445801,TRUE,TRUE,0.598799869114487,0.401200130885513
"TTCTAGGCCAATTGTG-1","doublet_certain","L6 IT","Astro",FALSE,FALSE,2876.39229969712,3627.73205776678,TRUE,TRUE,0.688388165517211,0.311611834482789
"TTCTATTAAACGCAGC-1","doublet_uncertain","Oligo","L6 IT",FALSE,FALSE,4526.37107634179,5561.96039091081,TRUE,TRUE,0.541573067175274,0.458426932824726
"TTCTCTTACAGGTGAT-1","doublet_certain","Astro","L5 IT",FALSE,FALSE,4426.55092211944,5824.63549663686,TRUE,TRUE,0.516184776144211,0.483815223855789
"TTCTGACCGGGCTCAA-1","doublet_certain","L2-3 IT","Astro",FALSE,FALSE,4244.86306361281,5181.93570263067,TRUE,TRUE,0.786514418538988,0.213485581461012
"TTCTGCCGCGCCTAGA-1","doublet_certain","L2-3 IT","Astro",FALSE,FALSE,4142.18637014467,4899.18288984063,TRUE,TRUE,0.840816693223347,0.159183306776653
"TTCTGCGGGTTAGCGG-1","doublet_certain","L2-3 IT","Oligo",FALSE,FALSE,3775.8121313149,4380.55470205396,TRUE,TRUE,0.820748750422609,0.179251249577391
"TTCTGCTAGACTCCAA-1","doublet_certain","Oligo","L5 IT",FALSE,FALSE,2669.8459970962,3030.30964419147,TRUE,TRUE,0.72075663291137,0.27924336708863
"TTCTTATCCGCTGGGT-1","doublet_certain","Oligo","Pvalb",FALSE,FALSE,1965.87520579663,2301.4655494873,TRUE,TRUE,0.604359475260718,0.395640524739282
"TTCTTGAGCCGCGCTA-1","doublet_certain","L5 IT","Astro",FALSE,FALSE,4169.50595653115,4818.09579039553,TRUE,TRUE,0.898248996674764,0.101751003325235
"TTCTTGCTAGCATCTC-1","doublet_certain","Oligo","Sst",FALSE,FALSE,2765.39659500706,3232.37371028537,TRUE,TRUE,0.547865490089075,0.452134509910925
"TTCTTGGACGATCTGC-1","doublet_uncertain","Oligo","L5 IT",FALSE,FALSE,2255.67193308879,3042.45706609009,TRUE,TRUE,0.3222894778736,0.6777105221264
"TTCTTGGAGTAATGAG-1","doublet_certain","L5 IT","Astro",FALSE,FALSE,4258.46367669119,4887.40453401838,TRUE,TRUE,0.90044838997701,0.0995516100229902
"TTCTTTGGTCGCGACG-1","doublet_certain","L5 IT","Oligo",FALSE,FALSE,3596.8211260399,4271.54196879042,TRUE,TRUE,0.844429857777841,0.155570142222158
"TTGAAAGGTGTAAAGG-1","doublet_certain","L2-3 IT","Astro",FALSE,FALSE,4448.71656353144,5073.35407146265,TRUE,TRUE,0.923252260883871,0.0767477391161291
"TTGAACGACGTGCTGA-1","doublet_certain","L2-3 IT","Oligo",FALSE,FALSE,4917.30161642476,5778.35906822341,TRUE,TRUE,0.812156639307806,0.187843360692194
"TTGAAGAATTCCCAGG-1","doublet_certain","L5 IT","Astro",FALSE,FALSE,4898.43012339236,5627.26786136073,TRUE,TRUE,0.906983032478701,0.0930169675212987
"TTGAAGGATGGGCGCC-1","doublet_certain","Sst","Astro",FALSE,FALSE,4338.95571634616,5600.93934562966,TRUE,TRUE,0.609645700533729,0.390354299466271
"TTGAATATGGACTTTC-1","doublet_uncertain","Oligo","L5 IT",FALSE,FALSE,3464.33240240676,5008.54687819083,TRUE,TRUE,0.344809710165189,0.655190289834811
"TTGAATCGTTGTATAA-1","doublet_certain","Meis2","Oligo",FALSE,FALSE,4969.89787026612,6251.93443991809,TRUE,TRUE,0.639271587081534,0.360728412918466
"TTGAATTCACGTGAGG-1","doublet_certain","L2-3 IT","Oligo",FALSE,FALSE,4333.57894546495,5193.31780694793,TRUE,TRUE,0.776612668034036,0.223387331965964
"TTGACAGGAGCTCCCG-1","doublet_uncertain","Oligo","Sst",FALSE,FALSE,2558.21475646364,3319.79694989607,TRUE,TRUE,0.423711177763133,0.576288822236867
"TTGACATGAACGTGGA-1","doublet_certain","L5 IT","Astro",FALSE,FALSE,4417.97778209407,5182.5286534641,TRUE,TRUE,0.900760128162845,0.0992398718371549
"TTGACCAGGAACAACT-1","doublet_certain","L2-3 IT","Astro",FALSE,FALSE,5093.34331066885,6350.51165283722,TRUE,TRUE,0.80040661687037,0.19959338312963
"TTGACCATGTTCTCCG-1","doublet_certain","L5 IT","Astro",FALSE,FALSE,4142.44849469722,4686.5067084299,TRUE,TRUE,0.922188714784294,0.0778112852157056
"TTGACCGTGTTAATGA-1","doublet_certain","L5 IT","Astro",FALSE,FALSE,3428.70783653295,4414.47225832966,TRUE,TRUE,0.736782423697252,0.263217576302748
"TTGACGCTCCATGAGC-1","doublet_uncertain","Oligo","Macrophage",FALSE,FALSE,2391.63222843897,2561.76188793153,TRUE,TRUE,0.954998309123067,0.0450016908769325
"TTGACTACCATATGGT-1","doublet_certain","L5 IT","Astro",FALSE,FALSE,4659.86597263043,5268.08082943224,TRUE,TRUE,0.919945300007674,0.0800546999923261
"TTGACTATTGTCCGGC-1","doublet_certain","Oligo","Endo",FALSE,FALSE,2562.56793079866,2711.97755553246,TRUE,TRUE,0.956387593824176,0.0436124061758236
"TTGAGAAGTTTAGCAT-1","doublet_certain","L2-3 IT","Oligo",FALSE,FALSE,3971.67509322749,4812.85064821383,TRUE,TRUE,0.763939899547101,0.236060100452899
"TTGAGAGTACTGCTAA-1","doublet_certain","L5 IT","Astro",FALSE,FALSE,4485.95258317248,5207.96179067746,TRUE,TRUE,0.908743524900618,0.0912564750993817
"TTGATAGTCAATACAT-1","doublet_certain","L2-3 IT","Oligo",FALSE,FALSE,4023.50110126938,4282.22203920107,TRUE,TRUE,0.941858986098692,0.0581410139013084
"TTGATCTAACTTTGTC-1","doublet_certain","L5 IT","Astro",FALSE,FALSE,4124.66942191432,4608.29341723777,TRUE,TRUE,0.928007444928761,0.0719925550712391
"TTGATGTGTAGTCCCG-1","doublet_certain","L5 IT","Astro",FALSE,FALSE,3704.52674917726,4258.47102380215,TRUE,TRUE,0.9078773580148,0.0921226419851997
"TTGATTAGCTGTTTCT-1","doublet_certain","L2-3 IT","Astro",FALSE,FALSE,3992.24560285879,4629.8750175054,TRUE,TRUE,0.8766278007597,0.1233721992403
"TTGATTATGCAGATGA-1","doublet_certain","L2-3 IT","Astro",FALSE,FALSE,2408.58073892015,2943.47021721982,TRUE,TRUE,0.735102280548164,0.264897719451836
"TTGCAAGAAGACTCCT-1","doublet_certain","L2-3 IT","Astro",FALSE,FALSE,3350.55555812996,4118.00080851104,TRUE,TRUE,0.821862056954601,0.178137943045399
"TTGCACAATTCAGAAA-1","doublet_certain","L6 IT","Oligo",FALSE,FALSE,4184.89698543696,5449.63633381307,TRUE,TRUE,0.640891790117095,0.359108209882905
"TTGCACGGAGCAGCAC-1","doublet_certain","L2-3 IT","Astro",FALSE,FALSE,3343.94144176398,3812.31650110221,TRUE,TRUE,0.905823877897849,0.0941761221021507
"TTGCATGCTGATCACG-1","doublet_certain","L5 IT","Astro",FALSE,FALSE,4745.09754005338,5549.09649380557,TRUE,TRUE,0.882320358690211,0.117679641309789
"TTGCCAAGCAGAACCC-1","doublet_certain","Pvalb","Oligo",FALSE,FALSE,3899.8290757894,4725.42192919754,TRUE,TRUE,0.774084493124719,0.225915506875281
"TTGCCATAGCCCGCTC-1","doublet_certain","Meis2","Oligo",FALSE,FALSE,4598.2033153863,5367.67179701923,TRUE,TRUE,0.875745812396745,0.124254187603255
"TTGCCCTGATCACGGG-1","doublet_certain","L5 IT","Astro",FALSE,FALSE,3941.07021876565,4707.36444934802,TRUE,TRUE,0.87211438592832,0.12788561407168
"TTGCCGCAGACCTACA-1","doublet_certain","Vip","Astro",FALSE,FALSE,3884.3837023881,4759.14489545033,TRUE,TRUE,0.634716843048074,0.365283156951926
"TTGCCGCTTTCTAGTA-1","doublet_certain","L2-3 IT","Astro",FALSE,FALSE,4002.17518819826,4556.21398909418,TRUE,TRUE,0.881813740265485,0.118186259734515
"TTGCCTTCTCGCCGGG-1","doublet_certain","Sst","Astro",FALSE,FALSE,4512.9791646542,5089.36964069116,TRUE,TRUE,0.888120765019449,0.111879234980551
"TTGCGCTTGATCAATA-1","doublet_certain","Sst","Oligo",FALSE,FALSE,5012.7807073439,5621.84188430485,TRUE,TRUE,0.90282986363144,0.0971701363685604
"TTGCGGCATCAGAAAG-1","doublet_certain","L5 IT","Astro",FALSE,FALSE,3853.57485373303,4717.86184887855,TRUE,TRUE,0.810679678958429,0.189320321041571
"TTGCGTCGGCCAACCG-1","doublet_certain","L5 IT","Astro",FALSE,FALSE,2955.06810103255,3623.92890927858,TRUE,TRUE,0.787148913571042,0.212851086428958
"TTGCGTGAACGCTTAG-1","doublet_certain","L2-3 IT","Astro",FALSE,FALSE,4045.69547446255,4669.02555852323,TRUE,TRUE,0.903207971936812,0.0967920280631879
"TTGCGTGTGTAGGCAT-1","doublet_certain","L2-3 IT","Oligo",FALSE,FALSE,4302.0468888008,4751.87697980994,TRUE,TRUE,0.901188410847785,0.0988115891522152
"TTGCTCATAGTACGTG-1","doublet_certain","Sst","Astro",FALSE,FALSE,4973.59861598517,5615.09662636402,TRUE,TRUE,0.906385701596442,0.0936142984035575
"TTGCTCCCATACCGGA-1","doublet_certain","L5 IT","Astro",FALSE,FALSE,3788.05340229317,4338.4043678623,TRUE,TRUE,0.916936119447236,0.083063880552764
"TTGCTGAAGGAACCAC-1","doublet_certain","L2-3 IT","Astro",FALSE,FALSE,3310.11898013546,4382.610779578,TRUE,TRUE,0.703314001049944,0.296685998950056
"TTGCTGATCATGTTCG-1","doublet_certain","L5 IT","Astro",FALSE,FALSE,4260.48912308823,4871.69092693316,TRUE,TRUE,0.915076946527431,0.0849230534725689
"TTGGAAGAATACAGTC-1","doublet_certain","Meis2","Oligo",FALSE,FALSE,4405.9407148585,5352.48956619261,TRUE,TRUE,0.785710276194496,0.214289723805504
"TTGGACATGTGGCTTA-1","doublet_certain","L5 IT","Astro",FALSE,FALSE,3860.607543071,4653.18181823724,TRUE,TRUE,0.850883345282842,0.149116654717158
"TTGGACCATCTGGCAA-1","doublet_certain","Oligo","Astro",FALSE,FALSE,2244.88658551567,2449.24837469987,TRUE,TRUE,0.821981501988167,0.178018498011833
"TTGGACCTATAACAGT-1","doublet_certain","L2-3 IT","Astro",FALSE,FALSE,4653.53508070227,5479.95014843951,TRUE,TRUE,0.854547943608078,0.145452056391922
"TTGGATATCGTCTACG-1","doublet_certain","L5 IT","Oligo",FALSE,FALSE,4383.88067417679,4934.53726481511,TRUE,TRUE,0.902098268187292,0.0979017318127075
"TTGGCCTAGAATTTCG-1","doublet_certain","L2-3 IT","Astro",FALSE,FALSE,3518.05241797283,4075.20244411452,TRUE,TRUE,0.879130817494616,0.120869182505384
"TTGGCTCAATATGTGT-1","doublet_certain","Sst","Astro",FALSE,FALSE,4402.79509670083,5073.22978320905,TRUE,TRUE,0.867510433950264,0.132489566049736
"TTGGGAAGACGAGCCG-1","doublet_certain","L2-3 IT","Pvalb",FALSE,FALSE,4858.09038869524,5400.08271350826,TRUE,TRUE,0.53318473084309,0.46681526915691
"TTGGGACACTGCCCGC-1","doublet_certain","L5 IT","Astro",FALSE,FALSE,4164.51159328622,4725.92413721375,TRUE,TRUE,0.921487954517507,0.0785120454824925
"TTGGGACGTAAGAGTT-1","doublet_uncertain","Oligo","L4",FALSE,FALSE,1166.43674495309,1244.32327188457,TRUE,TRUE,0.759170042749726,0.240829957250274
"TTGGGCGGCGGTTGCC-1","doublet_uncertain","Oligo","L5 IT",FALSE,FALSE,3992.69294020274,7382.70079092817,TRUE,TRUE,0.127683801168369,0.87231619883163
"TTGGTCACACTCGTAA-1","doublet_certain","L5 IT","Astro",FALSE,FALSE,4182.73150183915,4994.01396707577,TRUE,TRUE,0.880946334956917,0.119053665043083
"TTGGTTGCGGTGCGCG-1","doublet_certain","Meis2","Astro",FALSE,FALSE,4452.6778557592,5190.49822008392,TRUE,TRUE,0.879929583643815,0.120070416356185
"TTGTAAGGACCTAAGT-1","doublet_certain","L2-3 IT","Astro",FALSE,FALSE,3911.96080700197,4556.46040895343,TRUE,TRUE,0.887526437239005,0.112473562760995
"TTGTAAGGCCAGTTGG-1","doublet_certain","L5 IT","Oligo",FALSE,FALSE,3883.40835023408,4496.97283358729,TRUE,TRUE,0.872969827964609,0.127030172035391
"TTGTAATCCGTACTCG-1","doublet_certain","L5 IT","Astro",FALSE,FALSE,4888.88189099482,5556.93944747578,TRUE,TRUE,0.920698426666141,0.0793015733338587
"TTGTACACCTCGAACA-1","doublet_certain","Meis2","Astro",FALSE,FALSE,4851.85038149248,5679.14218884915,TRUE,TRUE,0.885443905073886,0.114556094926114
"TTGTCACCGCGGTATC-1","doublet_certain","Meis2","Astro",FALSE,FALSE,4292.22087932483,4928.24137415379,TRUE,TRUE,0.898548073697061,0.10145192630294
"TTGTCGTTCAGTTACC-1","doublet_certain","L2-3 IT","Astro",FALSE,FALSE,3538.34546736397,4191.48414754601,TRUE,TRUE,0.873042983914277,0.126957016085723
"TTGTGAACCTAATCCG-1","doublet_certain","L2-3 IT","Oligo",FALSE,FALSE,4740.40716816505,5630.84622711005,TRUE,TRUE,0.8030554684636,0.1969445315364
"TTGTGAGGCATGACGC-1","doublet_certain","Meis2","Oligo",FALSE,FALSE,4253.183020111,4784.27987222442,TRUE,TRUE,0.895484619103224,0.104515380896776
"TTGTGATCTGTTCAGT-1","doublet_certain","L6 IT","Sst",FALSE,FALSE,5054.22921210118,5532.55624309489,TRUE,TRUE,0.546033538090134,0.453966461909866
"TTGTGCAGCCACGTCA-1","doublet_certain","L2-3 IT","Astro",FALSE,FALSE,4310.61545318991,5014.48097412097,TRUE,TRUE,0.857757164556894,0.142242835443106
"TTGTGCGGAAGCGGAT-1","doublet_certain","Vip","Astro",FALSE,FALSE,3597.3447035856,4275.4619571028,TRUE,TRUE,0.744978203463878,0.255021796536122
"TTGTGGCCCTGACAGT-1","doublet_uncertain","Astro","L2-3 IT",FALSE,FALSE,2678.02010649828,4161.50089832626,TRUE,TRUE,0.34199108063704,0.65800891936296
"TTGTGGTAGGAGGGAT-1","doublet_certain","L5 IT","Oligo",FALSE,FALSE,4407.46429584353,5230.03152619239,TRUE,TRUE,0.777112739006161,0.222887260993839
"TTGTGGTGGTACTAAG-1","doublet_certain","Sst","Oligo",FALSE,FALSE,4256.80233422819,5223.82324142214,TRUE,TRUE,0.754614513940377,0.245385486059623
"TTGTGTATGCCACCAA-1","doublet_certain","L6 IT","Oligo",FALSE,FALSE,4215.33206257074,4726.37004580917,TRUE,TRUE,0.901724773123656,0.0982752268763445
"TTGTGTTTCCCGAAAG-1","doublet_certain","L6 IT","Astro",FALSE,FALSE,4292.7614736528,4898.4863016356,TRUE,TRUE,0.905644084788759,0.0943559152112408
"TTGTTCAGTGTGCTAC-1","doublet_certain","L5 IT","Astro",FALSE,FALSE,4115.75749223955,4635.71511428654,TRUE,TRUE,0.920898327274011,0.0791016727259888
"TTGTTGTGTGTCAAGA-1","doublet_certain","L6 IT","Oligo",FALSE,FALSE,3983.33138880116,4689.86595101524,TRUE,TRUE,0.825245117547459,0.174754882452541
"TTGTTTCACATCCAGG-1","doublet_certain","L6 IT","Astro",FALSE,FALSE,3495.39966235455,4412.14567347366,TRUE,TRUE,0.745403161819843,0.254596838180157
"TTGTTTCCATACAACT-1","doublet_certain","L6 IT","Astro",FALSE,FALSE,3584.28814342529,4682.11771828446,TRUE,TRUE,0.699060531853265,0.300939468146735
